Localidade;Ano;IDHM – Geral;IDHM - Educação;IDHM - Longevidade;IDHM - Renda
Abadia de Goiás;1991;0,408;0,183;0,658;0,563
Abadia de Goiás;2000;0,569;0,386;0,765;0,623
Abadia de Goiás;2010;0,708;0,622;0,83;0,687
Abadiânia;1991;0,41;0,188;0,656;0,56
Abadiânia;2000;0,503;0,292;0,73;0,598
Abadiânia;2010;0,689;0,579;0,841;0,671
Acreúna;1991;0,429;0,2;0,658;0,599
Acreúna;2000;0,571;0,358;0,783;0,665
Acreúna;2010;0,686;0,553;0,822;0,71
Adelândia;1991;0,437;0,224;0,644;0,577
Adelândia;2000;0,529;0,357;0,712;0,582
Adelândia;2010;0,702;0,622;0,836;0,664
Água Fria de Goiás;1991;0,315;0,102;0,629;0,489
Água Fria de Goiás;2000;0,481;0,25;0,742;0,599
Água Fria de Goiás;2010;0,671;0,55;0,817;0,672
Água Limpa;1991;0,454;0,247;0,679;0,557
Água Limpa;2000;0,585;0,414;0,758;0,639
Água Limpa;2010;0,722;0,663;0,821;0,691
Águas Lindas de Goiás;1991;0,387;0,145;0,667;0,6
Águas Lindas de Goiás;2000;0,497;0,277;0,762;0,583
Águas Lindas de Goiás;2010;0,686;0,588;0,848;0,647
Alexânia;1991;0,378;0,158;0,647;0,529
Alexânia;2000;0,52;0,318;0,735;0,6
Alexânia;2010;0,682;0,568;0,841;0,664
Aloândia;1991;0,453;0,269;0,662;0,521
Aloândia;2000;0,587;0,4;0,756;0,668
Aloândia;2010;0,697;0,585;0,834;0,694
Alto Horizonte;1991;0,342;0,11;0,687;0,528
Alto Horizonte;2000;0,557;0,371;0,795;0,585
Alto Horizonte;2010;0,719;0,624;0,841;0,709
Alto Paraíso de Goiás;1991;0,428;0,206;0,687;0,555
Alto Paraíso de Goiás;2000;0,572;0,371;0,787;0,64
Alto Paraíso de Goiás;2010;0,713;0,611;0,819;0,723
Alvorada do Norte;1991;0,402;0,193;0,618;0,545
Alvorada do Norte;2000;0,533;0,367;0,702;0,587
Alvorada do Norte;2010;0,66;0,548;0,819;0,64
Amaralina;1991;0,264;0,051;0,663;0,547
Amaralina;2000;0,484;0,27;0,751;0,558
Amaralina;2010;0,609;0,489;0,813;0,569
Americano do Brasil;1991;0,422;0,198;0,643;0,591
Americano do Brasil;2000;0,591;0,416;0,754;0,658
Americano do Brasil;2010;0,7;0,631;0,813;0,669
Amorinópolis;1991;0,435;0,219;0,64;0,589
Amorinópolis;2000;0,559;0,406;0,712;0,605
Amorinópolis;2010;0,681;0,579;0,813;0,672
Anápolis;1991;0,518;0,32;0,67;0,65
Anápolis;2000;0,641;0,491;0,776;0,691
Anápolis;2010;0,737;0,66;0,822;0,737
Anhanguera;1991;0,518;0,38;0,702;0,52
Anhanguera;2000;0,589;0,417;0,773;0,635
Anhanguera;2010;0,725;0,657;0,802;0,724
Anicuns;1991;0,428;0,211;0,67;0,554
Anicuns;2000;0,598;0,426;0,782;0,642
Anicuns;2010;0,714;0,627;0,834;0,695
Aparecida de Goiânia;1991;0,445;0,229;0,658;0,584
Aparecida de Goiânia;2000;0,582;0,403;0,779;0,628
Aparecida de Goiânia;2010;0,718;0,62;0,834;0,716
Aparecida do Rio Doce;1991;0,373;0,143;0,687;0,527
Aparecida do Rio Doce;2000;0,565;0,363;0,786;0,632
Aparecida do Rio Doce;2010;0,693;0,583;0,814;0,7
Aporé;1991;0,372;0,129;0,679;0,589
Aporé;2000;0,574;0,339;0,798;0,698
Aporé;2010;0,693;0,584;0,823;0,692
Araçu;1991;0,416;0,196;0,68;0,541
Araçu;2000;0,567;0,403;0,779;0,58
Araçu;2010;0,693;0,578;0,838;0,686
Aragarças;1991;0,414;0,195;0,653;0,556
Aragarças;2000;0,594;0,443;0,764;0,619
Aragarças;2010;0,732;0,68;0,83;0,694
Aragoiânia;1991;0,45;0,249;0,662;0,553
Aragoiânia;2000;0,562;0,381;0,749;0,622
Aragoiânia;2010;0,684;0,56;0,837;0,683
Araguapaz;1991;0,362;0,138;0,662;0,518
Araguapaz;2000;0,553;0,351;0,742;0,651
Araguapaz;2010;0,674;0,54;0,814;0,696
Arenópolis;1991;0,415;0,204;0,621;0,566
Arenópolis;2000;0,534;0,353;0,706;0,612
Arenópolis;2010;0,687;0,582;0,826;0,674
Aruanã;1991;0,355;0,111;0,682;0,589
Aruanã;2000;0,504;0,279;0,756;0,607
Aruanã;2010;0,675;0,526;0,826;0,708
Aurilândia;1991;0,48;0,284;0,652;0,596
Aurilândia;2000;0,588;0,447;0,76;0,597
Aurilândia;2010;0,7;0,62;0,836;0,661
Avelinópolis;1991;0,43;0,201;0,702;0,565
Avelinópolis;2000;0,559;0,368;0,764;0,62
Avelinópolis;2010;0,66;0,508;0,828;0,682
Baliza;1991;0,321;0,105;0,667;0,471
Baliza;2000;0,49;0,263;0,749;0,598
Baliza;2010;0,655;0,558;0,819;0,614
Barro Alto;1991;0,399;0,187;0,684;0,495
Barro Alto;2000;0,543;0,356;0,789;0,569
Barro Alto;2010;0,742;0,682;0,854;0,701
Bela Vista de Goiás;1991;0,446;0,218;0,679;0,6
Bela Vista de Goiás;2000;0,56;0,365;0,774;0,623
Bela Vista de Goiás;2010;0,716;0,607;0,837;0,721
Bom Jardim de Goiás;1991;0,421;0,203;0,647;0,567
Bom Jardim de Goiás;2000;0,542;0,356;0,735;0,609
Bom Jardim de Goiás;2010;0,67;0,545;0,811;0,68
Bom Jesus de Goiás;1991;0,45;0,222;0,684;0,601
Bom Jesus de Goiás;2000;0,57;0,363;0,782;0,654
Bom Jesus de Goiás;2010;0,701;0,573;0,86;0,699
Bonfinópolis;1991;0,413;0,2;0,658;0,534
Bonfinópolis;2000;0,548;0,338;0,777;0,626
Bonfinópolis;2010;0,683;0,58;0,817;0,671
Bonópolis;1991;0,261;0,056;0,618;0,515
Bonópolis;2000;0,451;0,234;0,7;0,559
Bonópolis;2010;0,63;0,488;0,813;0,63
Brazabrantes;1991;0,415;0,209;0,658;0,521
Brazabrantes;2000;0,538;0,367;0,731;0,582
Brazabrantes;2010;0,701;0,615;0,826;0,677
Britânia;1991;0,429;0,22;0,67;0,537
Britânia;2000;0,548;0,351;0,775;0,604
Britânia;2010;0,672;0,546;0,802;0,692
Buriti Alegre;1991;0,493;0,295;0,648;0,626
Buriti Alegre;2000;0,589;0,414;0,769;0,642
Buriti Alegre;2010;0,71;0,614;0,831;0,7
Buriti de Goiás;1991;0,401;0,21;0,634;0,486
Buriti de Goiás;2000;0,53;0,377;0,717;0,552
Buriti de Goiás;2010;0,687;0,57;0,806;0,707
Buritinópolis;1991;0,261;0,066;0,665;0,407
Buritinópolis;2000;0,433;0,252;0,75;0,431
Buritinópolis;2010;0,704;0,591;0,813;0,727
Cabeceiras;1991;0,392;0,18;0,635;0,528
Cabeceiras;2000;0,546;0,4;0,702;0,579
Cabeceiras;2010;0,668;0,571;0,819;0,637
Cachoeira Alta;1991;0,475;0,25;0,676;0,635
Cachoeira Alta;2000;0,579;0,384;0,75;0,675
Cachoeira Alta;2010;0,71;0,569;0,84;0,75
Cachoeira de Goiás;1991;0,378;0,152;0,643;0,551
Cachoeira de Goiás;2000;0,575;0,44;0,726;0,594
Cachoeira de Goiás;2010;0,727;0,674;0,838;0,68
Cachoeira Dourada;1991;0,44;0,208;0,684;0,6
Cachoeira Dourada;2000;0,589;0,406;0,782;0,644
Cachoeira Dourada;2010;0,698;0,602;0,804;0,703
Caçu;1991;0,452;0,201;0,7;0,655
Caçu;2000;0,621;0,448;0,787;0,68
Caçu;2010;0,73;0,599;0,84;0,774
Caiapônia;1991;0,442;0,206;0,702;0,599
Caiapônia;2000;0,562;0,367;0,783;0,617
Caiapônia;2010;0,693;0,588;0,808;0,701
Caldas Novas;1991;0,497;0,277;0,682;0,65
Caldas Novas;2000;0,623;0,446;0,755;0,718
Caldas Novas;2010;0,733;0,64;0,832;0,739
Caldazinha;1991;0,38;0,15;0,658;0,557
Caldazinha;2000;0,542;0,31;0,777;0,661
Caldazinha;2010;0,685;0,591;0,814;0,669
Campestre de Goiás;1991;0,42;0,218;0,643;0,527
Campestre de Goiás;2000;0,524;0,33;0,746;0,584
Campestre de Goiás;2010;0,653;0,556;0,799;0,628
Campinaçu;1991;0,373;0,152;0,658;0,52
Campinaçu;2000;0,494;0,292;0,75;0,552
Campinaçu;2010;0,631;0,476;0,819;0,644
Campinorte;1991;0,389;0,168;0,662;0,529
Campinorte;2000;0,547;0,372;0,74;0,596
Campinorte;2010;0,688;0,565;0,841;0,685
Campo Alegre de Goiás;1991;0,466;0,221;0,67;0,684
Campo Alegre de Goiás;2000;0,608;0,432;0,749;0,693
Campo Alegre de Goiás;2010;0,694;0,586;0,811;0,702
Campo Limpo de Goiás;1991;0,324;0,092;0,676;0,545
Campo Limpo de Goiás;2000;0,495;0,272;0,763;0,583
Campo Limpo de Goiás;2010;0,661;0,533;0,829;0,654
Campos Belos;1991;0,408;0,192;0,626;0,563
Campos Belos;2000;0,511;0,322;0,72;0,577
Campos Belos;2010;0,692;0,616;0,815;0,661
Campos Verdes;1991;0,32;0,095;0,621;0,558
Campos Verdes;2000;0,519;0,35;0,7;0,571
Campos Verdes;2010;0,654;0,577;0,796;0,608
Carmo do Rio Verde;1991;0,449;0,259;0,671;0,52
Carmo do Rio Verde;2000;0,578;0,431;0,752;0,597
Carmo do Rio Verde;2010;0,713;0,649;0,824;0,677
Castelândia;1991;0,374;0,136;0,71;0,542
Castelândia;2000;0,546;0,326;0,775;0,643
Castelândia;2010;0,701;0,578;0,823;0,724
Catalão;1991;0,533;0,341;0,71;0,624
Catalão;2000;0,662;0,519;0,807;0,694
Catalão;2010;0,766;0,715;0,819;0,769
Caturaí;1991;0,396;0,18;0,66;0,524
Caturaí;2000;0,527;0,338;0,742;0,585
Caturaí;2010;0,664;0,54;0,815;0,665
Cavalcante;1991;0,285;0,079;0,64;0,458
Cavalcante;2000;0,396;0,172;0,71;0,509
Cavalcante;2010;0,584;0,415;0,808;0,595
Ceres;1991;0,543;0,351;0,7;0,65
Ceres;2000;0,654;0,504;0,803;0,69
Ceres;2010;0,775;0,733;0,842;0,753
Cezarina;1991;0,434;0,208;0,67;0,586
Cezarina;2000;0,581;0,414;0,769;0,615
Cezarina;2010;0,711;0,652;0,807;0,684
Chapadão do Céu;1991;0,425;0,184;0,71;0,588
Chapadão do Céu;2000;0,618;0,445;0,798;0,664
Chapadão do Céu;2010;0,742;0,652;0,837;0,748
Cidade Ocidental;1991;0,538;0,338;0,71;0,65
Cidade Ocidental;2000;0,638;0,486;0,797;0,67
Cidade Ocidental;2010;0,717;0,641;0,814;0,706
Cocalzinho de Goiás;1991;0,363;0,138;0,632;0,547
Cocalzinho de Goiás;2000;0,506;0,31;0,735;0,567
Cocalzinho de Goiás;2010;0,657;0,531;0,826;0,648
Colinas do Sul;1991;0,377;0,161;0,632;0,525
Colinas do Sul;2000;0,472;0,282;0,702;0,532
Colinas do Sul;2010;0,658;0,549;0,82;0,633
Córrego do Ouro;1991;0,428;0,218;0,67;0,536
Córrego do Ouro;2000;0,55;0,377;0,765;0,578
Córrego do Ouro;2010;0,686;0,578;0,803;0,696
Corumbá de Goiás;1991;0,333;0,101;0,665;0,55
Corumbá de Goiás;2000;0,5;0,272;0,746;0,616
Corumbá de Goiás;2010;0,68;0,571;0,829;0,665
Corumbaíba;1991;0,427;0,197;0,676;0,586
Corumbaíba;2000;0,573;0,376;0,786;0,637
Corumbaíba;2010;0,698;0,582;0,831;0,703
Cristalina;1991;0,474;0,26;0,699;0,586
Cristalina;2000;0,578;0,38;0,788;0,646
Cristalina;2010;0,699;0,587;0,814;0,716
Cristianópolis;1991;0,403;0,163;0,678;0,591
Cristianópolis;2000;0,623;0,467;0,789;0,656
Cristianópolis;2010;0,688;0,554;0,838;0,703
Crixás;1991;0,404;0,159;0,678;0,611
Crixás;2000;0,565;0,384;0,786;0,597
Crixás;2010;0,708;0,625;0,805;0,706
Cromínia;1991;0,429;0,201;0,684;0,574
Cromínia;2000;0,617;0,466;0,789;0,64
Cromínia;2010;0,706;0,634;0,803;0,692
Cumari;1991;0,465;0,256;0,676;0,582
Cumari;2000;0,625;0,495;0,786;0,628
Cumari;2010;0,737;0,657;0,819;0,744
Damianópolis;1991;0,368;0,158;0,658;0,478
Damianópolis;2000;0,496;0,332;0,765;0,481
Damianópolis;2010;0,654;0,558;0,815;0,614
Damolândia;1991;0,478;0,315;0,639;0,541
Damolândia;2000;0,563;0,443;0,721;0,56
Damolândia;2010;0,697;0,6;0,819;0,688
Davinópolis;1991;0,437;0,213;0,71;0,553
Davinópolis;2000;0,587;0,449;0,784;0,576
Davinópolis;2010;0,716;0,606;0,862;0,702
Diorama;1991;0,414;0,216;0,647;0,507
Diorama;2000;0,558;0,377;0,765;0,602
Diorama;2010;0,729;0,696;0,841;0,663
Divinópolis de Goiás;1991;0,374;0,16;0,663;0,495
Divinópolis de Goiás;2000;0,521;0,365;0,761;0,509
Divinópolis de Goiás;2010;0,653;0,55;0,813;0,624
Doverlândia;1991;0,331;0,099;0,679;0,541
Doverlândia;2000;0,504;0,272;0,776;0,608
Doverlândia;2010;0,668;0,518;0,84;0,684
Edealina;1991;0,415;0,18;0,702;0,564
Edealina;2000;0,6;0,425;0,785;0,649
Edealina;2010;0,702;0,594;0,808;0,722
Edéia;1991;0,465;0,236;0,687;0,621
Edéia;2000;0,589;0,397;0,762;0,676
Edéia;2010;0,739;0,648;0,826;0,755
Estrela do Norte;1991;0,431;0,229;0,71;0,492
Estrela do Norte;2000;0,55;0,344;0,795;0,607
Estrela do Norte;2010;0,707;0,593;0,848;0,703
Faina;1991;0,347;0,122;0,639;0,537
Faina;2000;0,504;0,283;0,757;0,597
Faina;2010;0,65;0,534;0,799;0,644
Fazenda Nova;1991;0,434;0,22;0,662;0,562
Fazenda Nova;2000;0,573;0,43;0,738;0,593
Fazenda Nova;2010;0,685;0,576;0,831;0,671
Firminópolis;1991;0,499;0,32;0,653;0,595
Firminópolis;2000;0,61;0,505;0,726;0,619
Firminópolis;2010;0,732;0,688;0,838;0,681
Flores de Goiás;1991;0,231;0,044;0,6;0,465
Flores de Goiás;2000;0,447;0,236;0,697;0,543
Flores de Goiás;2010;0,597;0,457;0,799;0,583
Formosa;1991;0,482;0,259;0,684;0,631
Formosa;2000;0,598;0,422;0,776;0,653
Formosa;2010;0,744;0,666;0,852;0,726
Formoso;1991;0,467;0,273;0,652;0,572
Formoso;2000;0,576;0,43;0,741;0,6
Formoso;2010;0,715;0,639;0,834;0,686
Gameleira de Goiás;1991;0,233;0,04;0,678;0,464
Gameleira de Goiás;2000;0,446;0,168;0,791;0,666
Gameleira de Goiás;2010;0,659;0,499;0,828;0,692
Goianápolis;1991;0,4;0,178;0,635;0,565
Goianápolis;2000;0,507;0,324;0,708;0,568
Goianápolis;2010;0,703;0,62;0,825;0,678
Goiandira;1991;0,521;0,356;0,681;0,584
Goiandira;2000;0,639;0,512;0,789;0,645
Goiandira;2010;0,76;0,727;0,849;0,711
Goianésia;1991;0,448;0,229;0,67;0,585
Goianésia;2000;0,571;0,396;0,749;0,629
Goianésia;2010;0,727;0,636;0,84;0,719
Goiânia;1991;0,6;0,42;0,718;0,717
Goiânia;2000;0,715;0,591;0,796;0,776
Goiânia;2010;0,799;0,739;0,838;0,824
Goianira;1991;0,416;0,2;0,662;0,542
Goianira;2000;0,566;0,401;0,738;0,614
Goianira;2010;0,694;0,596;0,831;0,674
Goiás;1991;0,441;0,229;0,646;0,581
Goiás;2000;0,563;0,376;0,759;0,625
Goiás;2010;0,709;0,621;0,805;0,713
Goiatuba;1991;0,49;0,252;0,723;0,644
Goiatuba;2000;0,628;0,43;0,809;0,711
Goiatuba;2010;0,725;0,627;0,825;0,737
Gouvelândia;1991;0,38;0,139;0,682;0,579
Gouvelândia;2000;0,545;0,336;0,788;0,61
Gouvelândia;2010;0,674;0,559;0,806;0,68
Guapó;1991;0,454;0,244;0,658;0,581
Guapó;2000;0,538;0,341;0,742;0,617
Guapó;2010;0,697;0,58;0,826;0,708
Guaraíta;1991;0,39;0,19;0,621;0,501
Guaraíta;2000;0,523;0,383;0,697;0,536
Guaraíta;2010;0,687;0,625;0,816;0,637
Guarani de Goiás;1991;0,275;0,08;0,615;0,424
Guarani de Goiás;2000;0,448;0,259;0,707;0,49
Guarani de Goiás;2010;0,637;0,557;0,814;0,569
Guarinos;1991;0,316;0,102;0,663;0,467
Guarinos;2000;0,505;0,293;0,76;0,579
Guarinos;2010;0,652;0,563;0,815;0,604
Heitoraí;1991;0,439;0,241;0,665;0,529
Heitoraí;2000;0,588;0,433;0,752;0,624
Heitoraí;2010;0,694;0,62;0,814;0,661
Hidrolândia;1991;0,427;0,216;0,676;0,534
Hidrolândia;2000;0,566;0,374;0,763;0,636
Hidrolândia;2010;0,706;0,603;0,827;0,707
Hidrolina;1991;0,449;0,262;0,653;0,528
Hidrolina;2000;0,545;0,322;0,752;0,669
Hidrolina;2010;0,677;0,577;0,824;0,652
Iaciara;1991;0,374;0,152;0,661;0,519
Iaciara;2000;0,496;0,294;0,748;0,556
Iaciara;2010;0,644;0,527;0,826;0,615
Inaciolândia;1991;0,39;0,157;0,683;0,555
Inaciolândia;2000;0,542;0,349;0,763;0,598
Inaciolândia;2010;0,692;0,591;0,822;0,683
Indiara;1991;0,418;0,188;0,653;0,597
Indiara;2000;0,545;0,338;0,769;0,622
Indiara;2010;0,701;0,593;0,837;0,694
Inhumas;1991;0,49;0,278;0,687;0,616
Inhumas;2000;0,616;0,437;0,8;0,668
Inhumas;2010;0,72;0,618;0,842;0,718
Ipameri;1991;0,476;0,268;0,683;0,589
Ipameri;2000;0,574;0,394;0,755;0,637
Ipameri;2010;0,701;0,588;0,823;0,711
Ipiranga de Goiás;1991;0,425;0,222;0,662;0,523
Ipiranga de Goiás;2000;0,559;0,392;0,761;0,586
Ipiranga de Goiás;2010;0,696;0,642;0,816;0,643
Iporá;1991;0,498;0,304;0,676;0,6
Iporá;2000;0,614;0,465;0,763;0,651
Iporá;2010;0,743;0,667;0,84;0,731
Israelândia;1991;0,438;0,24;0,668;0,524
Israelândia;2000;0,538;0,351;0,761;0,584
Israelândia;2010;0,711;0,652;0,831;0,664
Itaberaí;1991;0,436;0,218;0,639;0,593
Itaberaí;2000;0,589;0,399;0,763;0,67
Itaberaí;2010;0,719;0,61;0,828;0,735
Itaguari;1991;0,44;0,259;0,632;0,519
Itaguari;2000;0,577;0,425;0,716;0,63
Itaguari;2010;0,693;0,596;0,817;0,683
Itaguaru;1991;0,441;0,239;0,644;0,557
Itaguaru;2000;0,591;0,442;0,72;0,649
Itaguaru;2010;0,718;0,648;0,828;0,689
Itajá;1991;0,462;0,245;0,667;0,605
Itajá;2000;0,568;0,363;0,782;0,644
Itajá;2010;0,691;0,57;0,835;0,692
Itapaci;1991;0,417;0,191;0,644;0,591
Itapaci;2000;0,557;0,378;0,757;0,603
Itapaci;2010;0,725;0,626;0,844;0,72
Itapirapuã;1991;0,38;0,145;0,67;0,563
Itapirapuã;2000;0,541;0,351;0,775;0,581
Itapirapuã;2010;0,677;0,568;0,816;0,67
Itapuranga;1991;0,454;0,247;0,67;0,567
Itapuranga;2000;0,593;0,42;0,772;0,642
Itapuranga;2010;0,726;0,653;0,837;0,7
Itarumã;1991;0,42;0,174;0,662;0,644
Itarumã;2000;0,588;0,391;0,757;0,686
Itarumã;2010;0,693;0,503;0,861;0,769
Itauçu;1991;0,454;0,253;0,678;0,546
Itauçu;2000;0,611;0,495;0,784;0,589
Itauçu;2010;0,718;0,638;0,833;0,697
Itumbiara;1991;0,518;0,301;0,718;0,644
Itumbiara;2000;0,656;0,505;0,815;0,686
Itumbiara;2010;0,752;0,682;0,838;0,744
Ivolândia;1991;0,389;0,16;0,676;0,543
Ivolândia;2000;0,563;0,384;0,77;0,602
Ivolândia;2010;0,704;0,622;0,825;0,68
Jandaia;1991;0,444;0,215;0,69;0,589
Jandaia;2000;0,59;0,418;0,796;0,616
Jandaia;2010;0,707;0,625;0,821;0,69
Jaraguá;1991;0,393;0,169;0,653;0,549
Jaraguá;2000;0,56;0,39;0,725;0,621
Jaraguá;2010;0,699;0,588;0,841;0,692
Jataí;1991;0,497;0,262;0,718;0,651
Jataí;2000;0,627;0,435;0,816;0,696
Jataí;2010;0,757;0,656;0,856;0,774
Jaupaci;1991;0,428;0,211;0,639;0,583
Jaupaci;2000;0,553;0,415;0,712;0,572
Jaupaci;2010;0,689;0,602;0,824;0,658
Jesúpolis;1991;0,351;0,135;0,621;0,518
Jesúpolis;2000;0,55;0,407;0,697;0,586
Jesúpolis;2010;0,649;0,522;0,814;0,642
Joviânia;1991;0,497;0,287;0,679;0,629
Joviânia;2000;0,637;0,473;0,767;0,714
Joviânia;2010;0,706;0,595;0,827;0,714
Jussara;1991;0,475;0,252;0,7;0,607
Jussara;2000;0,598;0,414;0,809;0,637
Jussara;2010;0,743;0,635;0,842;0,768
Lagoa Santa;1991;0,382;0,141;0,718;0,551
Lagoa Santa;2000;0,559;0,366;0,815;0,585
Lagoa Santa;2010;0,74;0,638;0,868;0,733
Leopoldo de Bulhões;1991;0,427;0,209;0,658;0,566
Leopoldo de Bulhões;2000;0,523;0,312;0,737;0,622
Leopoldo de Bulhões;2010;0,659;0,529;0,812;0,665
Luziânia;1991;0,43;0,195;0,665;0,614
Luziânia;2000;0,55;0,334;0,779;0,639
Luziânia;2010;0,701;0,602;0,831;0,689
Mairipotaba;1991;0,473;0,261;0,684;0,593
Mairipotaba;2000;0,627;0,465;0,789;0,671
Mairipotaba;2010;0,745;0,648;0,854;0,748
Mambaí;1991;0,245;0,053;0,635;0,437
Mambaí;2000;0,431;0,222;0,713;0,506
Mambaí;2010;0,626;0,494;0,816;0,61
Mara Rosa;1991;0,415;0,182;0,67;0,587
Mara Rosa;2000;0,54;0,35;0,772;0,584
Mara Rosa;2010;0,691;0,579;0,838;0,68
Marzagão;1991;0,51;0,299;0,7;0,632
Marzagão;2000;0,614;0,465;0,78;0,638
Marzagão;2010;0,699;0,601;0,822;0,692
Matrinchã;1991;0,344;0,112;0,652;0,558
Matrinchã;2000;0,515;0,307;0,763;0,582
Matrinchã;2010;0,679;0,572;0,84;0,651
Maurilândia;1991;0,448;0,222;0,671;0,604
Maurilândia;2000;0,546;0,347;0,773;0,607
Maurilândia;2010;0,677;0,554;0,823;0,682
Mimoso de Goiás;1991;0,331;0,115;0,648;0,487
Mimoso de Goiás;2000;0,445;0,231;0,728;0,525
Mimoso de Goiás;2010;0,665;0,543;0,825;0,656
Minaçu;1991;0,434;0,211;0,676;0,572
Minaçu;2000;0,559;0,365;0,772;0,619
Minaçu;2010;0,707;0,637;0,803;0,691
Mineiros;1991;0,479;0,228;0,718;0,671
Mineiros;2000;0,59;0,378;0,792;0,687
Mineiros;2010;0,718;0,584;0,84;0,753
Moiporá;1991;0,425;0,217;0,653;0,541
Moiporá;2000;0,575;0,408;0,763;0,612
Moiporá;2010;0,696;0,632;0,818;0,652
Monte Alegre de Goiás;1991;0,312;0,104;0,618;0,472
Monte Alegre de Goiás;2000;0,418;0,206;0,707;0,503
Monte Alegre de Goiás;2010;0,615;0,481;0,816;0,592
Montes Claros de Goiás;1991;0,434;0,201;0,676;0,602
Montes Claros de Goiás;2000;0,563;0,367;0,779;0,623
Montes Claros de Goiás;2010;0,707;0,622;0,806;0,704
Montividiu;1991;0,379;0,135;0,684;0,589
Montividiu;2000;0,578;0,372;0,786;0,66
Montividiu;2010;0,733;0,644;0,827;0,738
Montividiu do Norte;1991;0,31;0,1;0,618;0,482
Montividiu do Norte;2000;0,451;0,253;0,708;0,512
Montividiu do Norte;2010;0,613;0,488;0,816;0,578
Morrinhos;1991;0,498;0,286;0,71;0,609
Morrinhos;2000;0,623;0,419;0,803;0,717
Morrinhos;2010;0,734;0,621;0,862;0,739
Morro Agudo de Goiás;1991;0,434;0,244;0,621;0,54
Morro Agudo de Goiás;2000;0,535;0,383;0,707;0,567
Morro Agudo de Goiás;2010;0,695;0,63;0,826;0,644
Mossâmedes;1991;0,396;0,167;0,7;0,53
Mossâmedes;2000;0,587;0,407;0,787;0,633
Mossâmedes;2010;0,706;0,623;0,811;0,696
Mozarlândia;1991;0,393;0,169;0,638;0,563
Mozarlândia;2000;0,562;0,385;0,742;0,62
Mozarlândia;2010;0,683;0,565;0,825;0,684
Mundo Novo;1991;0,321;0,095;0,618;0,561
Mundo Novo;2000;0,446;0,213;0,725;0,575
Mundo Novo;2010;0,634;0,488;0,812;0,642
Mutunópolis;1991;0,379;0,17;0,634;0,506
Mutunópolis;2000;0,528;0,354;0,704;0,589
Mutunópolis;2010;0,68;0,584;0,806;0,668
Nazário;1991;0,402;0,174;0,7;0,534
Nazário;2000;0,574;0,379;0,786;0,634
Nazário;2010;0,71;0,631;0,808;0,702
Nerópolis;1991;0,461;0,25;0,676;0,579
Nerópolis;2000;0,616;0,462;0,777;0,65
Nerópolis;2010;0,721;0,671;0,82;0,681
Niquelândia;1991;0,374;0,147;0,647;0,548
Niquelândia;2000;0,555;0,365;0,749;0,627
Niquelândia;2010;0,715;0,64;0,806;0,709
Nova América;1991;0,441;0,265;0,621;0,522
Nova América;2000;0,514;0,323;0,737;0,571
Nova América;2010;0,678;0,604;0,796;0,647
Nova Aurora;1991;0,462;0,271;0,702;0,52
Nova Aurora;2000;0,651;0,541;0,784;0,649
Nova Aurora;2010;0,747;0,697;0,849;0,703
Nova Crixás;1991;0,349;0,114;0,646;0,577
Nova Crixás;2000;0,479;0,237;0,746;0,621
Nova Crixás;2010;0,643;0,485;0,813;0,674
Nova Glória;1991;0,44;0,253;0,658;0,512
Nova Glória;2000;0,557;0,393;0,762;0,577
Nova Glória;2010;0,681;0,589;0,816;0,657
Nova Iguaçu de Goiás;1991;0,306;0,083;0,621;0,557
Nova Iguaçu de Goiás;2000;0,514;0,324;0,708;0,591
Nova Iguaçu de Goiás;2010;0,655;0,54;0,812;0,642
Nova Roma;1991;0,384;0,182;0,639;0,486
Nova Roma;2000;0,486;0,309;0,753;0,492
Nova Roma;2010;0,634;0,529;0,812;0,594
Nova Veneza;1991;0,451;0,267;0,639;0,538
Nova Veneza;2000;0,549;0,382;0,73;0,593
Nova Veneza;2010;0,718;0,66;0,837;0,671
Novo Brasil;1991;0,414;0,19;0,649;0,575
Novo Brasil;2000;0,55;0,364;0,748;0,611
Novo Brasil;2010;0,699;0,598;0,828;0,691
Novo Gama;1991;0,451;0,235;0,661;0,589
Novo Gama;2000;0,546;0,357;0,735;0,619
Novo Gama;2010;0,684;0,567;0,851;0,664
Novo Planalto;1991;0,433;0,226;0,637;0,563
Novo Planalto;2000;0,536;0,381;0,731;0,553
Novo Planalto;2010;0,658;0,55;0,831;0,623
Orizona;1991;0,402;0,174;0,683;0,548
Orizona;2000;0,577;0,385;0,761;0,657
Orizona;2010;0,715;0,612;0,827;0,722
Ouro Verde de Goiás;1991;0,408;0,179;0,632;0,601
Ouro Verde de Goiás;2000;0,523;0,335;0,722;0,59
Ouro Verde de Goiás;2010;0,719;0,674;0,821;0,672
Ouvidor;1991;0,486;0,28;0,682;0,6
Ouvidor;2000;0,636;0,516;0,789;0,631
Ouvidor;2010;0,747;0,697;0,83;0,721
Padre Bernardo;1991;0,346;0,124;0,648;0,517
Padre Bernardo;2000;0,484;0,261;0,728;0,598
Padre Bernardo;2010;0,651;0,515;0,801;0,67
Palestina de Goiás;1991;0,355;0,137;0,639;0,511
Palestina de Goiás;2000;0,525;0,328;0,735;0,599
Palestina de Goiás;2010;0,713;0,66;0,837;0,656
Palmeiras de Goiás;1991;0,484;0,272;0,7;0,596
Palmeiras de Goiás;2000;0,606;0,457;0,793;0,613
Palmeiras de Goiás;2010;0,698;0,598;0,815;0,698
Palmelo;1991;0,474;0,269;0,71;0,557
Palmelo;2000;0,602;0,433;0,789;0,638
Palmelo;2010;0,73;0,659;0,804;0,734
Palminópolis;1991;0,436;0,228;0,646;0,563
Palminópolis;2000;0,579;0,412;0,747;0,631
Palminópolis;2010;0,722;0,63;0,833;0,718
Panamá;1991;0,493;0,318;0,639;0,589
Panamá;2000;0,56;0,407;0,722;0,597
Panamá;2010;0,686;0,574;0,818;0,688
Paranaiguara;1991;0,465;0,248;0,678;0,597
Paranaiguara;2000;0,582;0,371;0,795;0,668
Paranaiguara;2010;0,711;0,613;0,836;0,702
Paraúna;1991;0,404;0,165;0,682;0,588
Paraúna;2000;0,552;0,335;0,758;0,663
Paraúna;2010;0,672;0,547;0,807;0,687
Perolândia;1991;0,373;0,144;0,653;0,554
Perolândia;2000;0,551;0,364;0,722;0,637
Perolândia;2010;0,676;0,538;0,832;0,691
Petrolina de Goiás;1991;0,362;0,14;0,669;0,506
Petrolina de Goiás;2000;0,562;0,363;0,789;0,621
Petrolina de Goiás;2010;0,712;0,643;0,834;0,674
Pilar de Goiás;1991;0,35;0,126;0,639;0,534
Pilar de Goiás;2000;0,479;0,275;0,739;0,542
Pilar de Goiás;2010;0,684;0,6;0,816;0,654
Piracanjuba;1991;0,474;0,246;0,683;0,632
Piracanjuba;2000;0,577;0,378;0,767;0,662
Piracanjuba;2010;0,721;0,599;0,87;0,72
Piranhas;1991;0,429;0,197;0,676;0,592
Piranhas;2000;0,57;0,387;0,774;0,619
Piranhas;2010;0,721;0,631;0,848;0,699
Pirenópolis;1991;0,388;0,151;0,667;0,579
Pirenópolis;2000;0,565;0,387;0,765;0,61
Pirenópolis;2010;0,693;0,604;0,813;0,678
Pires do Rio;1991;0,507;0,3;0,7;0,619
Pires do Rio;2000;0,641;0,484;0,777;0,699
Pires do Rio;2010;0,744;0,65;0,88;0,719
Planaltina;1991;0,384;0,156;0,657;0,554
Planaltina;2000;0,508;0,286;0,76;0,602
Planaltina;2010;0,669;0,566;0,81;0,653
Pontalina;1991;0,484;0,264;0,7;0,613
Pontalina;2000;0,626;0,429;0,779;0,735
Pontalina;2010;0,687;0,547;0,835;0,71
Porangatu;1991;0,456;0,24;0,676;0,583
Porangatu;2000;0,602;0,415;0,759;0,694
Porangatu;2010;0,727;0,642;0,845;0,709
Porteirão;1991;0,308;0,088;0,687;0,481
Porteirão;2000;0,541;0,296;0,789;0,677
Porteirão;2010;0,684;0,541;0,827;0,716
Portelândia;1991;0,369;0,132;0,687;0,553
Portelândia;2000;0,553;0,337;0,781;0,642
Portelândia;2010;0,654;0,513;0,803;0,68
Posse;1991;0,34;0,113;0,659;0,53
Posse;2000;0,503;0,292;0,748;0,583
Posse;2010;0,659;0,53;0,819;0,659
Professor Jamil;1991;0,441;0,247;0,635;0,545
Professor Jamil;2000;0,563;0,394;0,734;0,616
Professor Jamil;2010;0,684;0,579;0,821;0,673
Quirinópolis;1991;0,473;0,251;0,682;0,617
Quirinópolis;2000;0,613;0,445;0,787;0,659
Quirinópolis;2010;0,74;0,642;0,863;0,732
Rialma;1991;0,48;0,304;0,647;0,564
Rialma;2000;0,614;0,425;0,762;0,714
Rialma;2010;0,727;0,667;0,827;0,698
Rianápolis;1991;0,461;0,259;0,671;0,563
Rianápolis;2000;0,573;0,408;0,749;0,615
Rianápolis;2010;0,693;0,587;0,84;0,674
Rio Quente;1991;0,371;0,141;0,702;0,517
Rio Quente;2000;0,612;0,491;0,77;0,607
Rio Quente;2010;0,731;0,629;0,878;0,707
Rio Verde;1991;0,488;0,265;0,687;0,638
Rio Verde;2000;0,633;0,444;0,802;0,713
Rio Verde;2010;0,754;0,656;0,853;0,765
Rubiataba;1991;0,438;0,234;0,64;0,56
Rubiataba;2000;0,592;0,455;0,729;0,627
Rubiataba;2010;0,719;0,666;0,814;0,686
Sanclerlândia;1991;0,45;0,246;0,67;0,554
Sanclerlândia;2000;0,588;0,435;0,778;0,6
Sanclerlândia;2010;0,736;0,662;0,832;0,725
Santa Bárbara de Goiás;1991;0,425;0,221;0,646;0,539
Santa Bárbara de Goiás;2000;0,54;0,357;0,742;0,594
Santa Bárbara de Goiás;2010;0,706;0,635;0,832;0,667
Santa Cruz de Goiás;1991;0,401;0,162;0,71;0,559
Santa Cruz de Goiás;2000;0,573;0,355;0,791;0,67
Santa Cruz de Goiás;2010;0,688;0,563;0,827;0,7
Santa Fé de Goiás;1991;0,383;0,144;0,7;0,559
Santa Fé de Goiás;2000;0,541;0,332;0,809;0,588
Santa Fé de Goiás;2010;0,713;0,608;0,847;0,703
Santa Helena de Goiás;1991;0,477;0,259;0,678;0,619
Santa Helena de Goiás;2000;0,582;0,4;0,766;0,642
Santa Helena de Goiás;2010;0,724;0,627;0,823;0,734
Santa Isabel;1991;0,459;0,268;0,659;0,547
Santa Isabel;2000;0,566;0,425;0,729;0,584
Santa Isabel;2010;0,683;0,593;0,818;0,658
Santa Rita do Araguaia;1991;0,475;0,247;0,687;0,633
Santa Rita do Araguaia;2000;0,596;0,414;0,802;0,638
Santa Rita do Araguaia;2010;0,714;0,616;0,842;0,703
Santa Rita do Novo Destino;1991;0,32;0,109;0,64;0,471
Santa Rita do Novo Destino;2000;0,495;0,31;0,712;0,548
Santa Rita do Novo Destino;2010;0,634;0,487;0,82;0,639
Santa Rosa de Goiás;1991;0,458;0,248;0,656;0,592
Santa Rosa de Goiás;2000;0,544;0,393;0,726;0,563
Santa Rosa de Goiás;2010;0,701;0,635;0,844;0,643
Santa Tereza de Goiás;1991;0,428;0,223;0,635;0,555
Santa Tereza de Goiás;2000;0,587;0,462;0,702;0,624
Santa Tereza de Goiás;2010;0,665;0,561;0,825;0,635
Santa Terezinha de Goiás;1991;0,412;0,185;0,64;0,589
Santa Terezinha de Goiás;2000;0,549;0,39;0,723;0,586
Santa Terezinha de Goiás;2010;0,701;0,644;0,826;0,647
Santo Antônio da Barra;1991;0,375;0,144;0,658;0,557
Santo Antônio da Barra;2000;0,54;0,346;0,738;0,617
Santo Antônio da Barra;2010;0,691;0,593;0,835;0,665
Santo Antônio de Goiás;1991;0,398;0,181;0,71;0,492
Santo Antônio de Goiás;2000;0,619;0,462;0,796;0,644
Santo Antônio de Goiás;2010;0,723;0,662;0,832;0,687
Santo Antônio do Descoberto;1991;0,409;0,183;0,669;0,559
Santo Antônio do Descoberto;2000;0,526;0,334;0,755;0,576
Santo Antônio do Descoberto;2010;0,665;0,556;0,818;0,647
São Domingos;1991;0,304;0,091;0,639;0,485
São Domingos;2000;0,442;0,226;0,722;0,528
São Domingos;2010;0,597;0,445;0,83;0,576
São Francisco de Goiás;1991;0,389;0,174;0,671;0,506
São Francisco de Goiás;2000;0,569;0,408;0,75;0,603
São Francisco de Goiás;2010;0,651;0,509;0,825;0,658
São João d'Aliança;1991;0,363;0,142;0,653;0,514
São João d'Aliança;2000;0,533;0,308;0,753;0,654
São João d'Aliança;2010;0,685;0,609;0,812;0,65
São João da Paraúna;1991;0,458;0,257;0,66;0,566
São João da Paraúna;2000;0,635;0,49;0,767;0,681
São João da Paraúna;2010;0,724;0,664;0,818;0,699
São Luis de Montes Belos;1991;0,497;0,306;0,676;0,592
São Luis de Montes Belos;2000;0,624;0,48;0,769;0,657
São Luis de Montes Belos;2010;0,731;0,67;0,809;0,721
São Luiz do Norte;1991;0,323;0,115;0,64;0,459
São Luiz do Norte;2000;0,494;0,29;0,738;0,564
São Luiz do Norte;2010;0,669;0,581;0,801;0,643
São Miguel do Araguaia;1991;0,439;0,223;0,646;0,589
São Miguel do Araguaia;2000;0,548;0,349;0,724;0,652
São Miguel do Araguaia;2010;0,664;0,536;0,818;0,667
São Miguel do Passa Quatro;1991;0,406;0,193;0,671;0,516
São Miguel do Passa Quatro;2000;0,56;0,363;0,788;0,614
São Miguel do Passa Quatro;2010;0,697;0,619;0,802;0,681
São Patrício;1991;0,415;0,194;0,644;0,574
São Patrício;2000;0,523;0,356;0,715;0,562
São Patrício;2010;0,693;0,597;0,833;0,668
São Simão;1991;0,423;0,207;0,676;0,542
São Simão;2000;0,596;0,418;0,779;0,65
São Simão;2010;0,72;0,599;0,825;0,756
Senador Canedo;1991;0,365;0,141;0,657;0,524
Senador Canedo;2000;0,505;0,296;0,735;0,591
Senador Canedo;2010;0,701;0,617;0,827;0,676
Serranópolis;1991;0,423;0,182;0,671;0,62
Serranópolis;2000;0,563;0,338;0,789;0,668
Serranópolis;2010;0,681;0,551;0,804;0,713
Silvânia;1991;0,438;0,198;0,69;0,615
Silvânia;2000;0,578;0,371;0,8;0,652
Silvânia;2010;0,709;0,606;0,814;0,721
Simolândia;1991;0,277;0,078;0,637;0,429
Simolândia;2000;0,47;0,256;0,742;0,545
Simolândia;2010;0,645;0,546;0,826;0,595
Sítio d'Abadia;1991;0,301;0,094;0,649;0,447
Sítio d'Abadia;2000;0,493;0,287;0,765;0,546
Sítio d'Abadia;2010;0,617;0,497;0,802;0,59
Taquaral de Goiás;1991;0,357;0,139;0,656;0,498
Taquaral de Goiás;2000;0,584;0,431;0,726;0,635
Taquaral de Goiás;2010;0,716;0,619;0,846;0,7
Teresina de Goiás;1991;0,377;0,154;0,621;0,559
Teresina de Goiás;2000;0,498;0,315;0,723;0,543
Teresina de Goiás;2010;0,661;0,564;0,817;0,626
Terezópolis de Goiás;1991;0,36;0,141;0,658;0,502
Terezópolis de Goiás;2000;0,535;0,348;0,739;0,594
Terezópolis de Goiás;2010;0,685;0,615;0,799;0,655
Três Ranchos;1991;0,467;0,267;0,71;0,537
Três Ranchos;2000;0,598;0,431;0,811;0,611
Três Ranchos;2010;0,745;0,672;0,849;0,724
Trindade;1991;0,441;0,218;0,68;0,58
Trindade;2000;0,568;0,383;0,777;0,616
Trindade;2010;0,699;0,608;0,822;0,682
Trombas;1991;0,376;0,171;0,653;0,475
Trombas;2000;0,566;0,427;0,751;0,565
Trombas;2010;0,653;0,547;0,812;0,628
Turvânia;1991;0,482;0,303;0,626;0,59
Turvânia;2000;0,587;0,466;0,702;0,617
Turvânia;2010;0,697;0,609;0,82;0,679
Turvelândia;1991;0,413;0,189;0,646;0,577
Turvelândia;2000;0,528;0,314;0,75;0,626
Turvelândia;2010;0,691;0,605;0,813;0,671
Uirapuru;1991;0,323;0,1;0,637;0,531
Uirapuru;2000;0,521;0,361;0,737;0,532
Uirapuru;2010;0,67;0,579;0,822;0,632
Uruaçu;1991;0,454;0,242;0,662;0,584
Uruaçu;2000;0,578;0,402;0,771;0,622
Uruaçu;2010;0,737;0,628;0,86;0,74
Uruana;1991;0,483;0,289;0,644;0,606
Uruana;2000;0,554;0,38;0,712;0,628
Uruana;2010;0,703;0,634;0,824;0,665
Urutaí;1991;0,496;0,324;0,639;0,591
Urutaí;2000;0,624;0,496;0,746;0,656
Urutaí;2010;0,732;0,666;0,841;0,7
Valparaíso de Goiás;1991;0,531;0,331;0,687;0,66
Valparaíso de Goiás;2000;0,632;0,474;0,776;0,686
Valparaíso de Goiás;2010;0,746;0,695;0,815;0,733
Varjão;1991;0,414;0,19;0,69;0,542
Varjão;2000;0,562;0,37;0,796;0,604
Varjão;2010;0,687;0,572;0,813;0,698
Vianópolis;1991;0,418;0,179;0,7;0,582
Vianópolis;2000;0,596;0,376;0,779;0,722
Vianópolis;2010;0,712;0,622;0,818;0,71
Vicentinópolis;1991;0,431;0,189;0,684;0,621
Vicentinópolis;2000;0,583;0,383;0,777;0,665
Vicentinópolis;2010;0,684;0,562;0,804;0,707
Vila Boa;1991;0,271;0,06;0,648;0,512
Vila Boa;2000;0,499;0,31;0,724;0,554
Vila Boa;2010;0,647;0,534;0,818;0,619
Vila Propício;1991;0,222;0,04;0,649;0,421
Vila Propício;2000;0,437;0,211;0,733;0,539
Vila Propício;2010;0,634;0,505;0,802;0,629
