Localidade;Ano;IDM Educacao;Adequacao dos professores do ensino infantil;Adequacao dos professores do ensino fundamental;Adequacao dos professores do ensino médio;Atendimento educacional da população de 4 a 5 anos;Atendimento educacional da população de 6 a 14 anos;Atendimento educacional da população de 15 a 17 anos;IDEB5ano;IDEB9ano;Infraestrutura dos predios das escolas publicas urbanas
Abadia de Goiás;2012;4,92833333333333;;;;7,6;7,53;3;4,9;3,7;2,84
Abadia de Goiás;2014;6,22666666666667;;;;6,59;10;8,9;5,7;3,8;2,37
Abadia de Goiás;2016;5,66333333333333;3,87;5,74;2,81;7,47;10;10;5,5;4,4;1,18
Abadia de Goiás;2018;6,24888888888889;4,2;5,58;4,66;10;10;10;6,1;4,6;1,1
Abadiânia;2012;4,20833333333334;;;;3,39;5,09;5,99;4,7;3,8;2,28
Abadiânia;2014;4,27833333333333;;;;3,29;3,37;6,8;5;3,6;3,61
Abadiânia;2016;3,80333333333333;5;4,03;4,22;3,01;2,3;2,46;5,1;4,9;3,21
Abadiânia;2018;4,91777777777778;5,33;4,02;3,4;5,26;6,09;7,51;5,2;5,2;2,25
Acreúna;2012;5,51833333333334;;;;7,99;7,49;4,81;4,9;3,6;4,32
Acreúna;2014;5,54666666666667;;;;6,17;6,84;7,13;5,4;3,8;3,94
Acreúna;2016;4,56;4,75;2,89;4,38;5,21;4,97;4,01;6;4,8;4,03
Acreúna;2018;5,74333333333333;4,38;4,34;3,6;6,79;6,85;10;6,2;5,4;4,13
Adelândia;2012;6,15666666666667;;;;7,61;10;6,29;4,8;3,5;4,74
Adelândia;2014;6,21666666666667;;;;9,28;9,12;7,82;4,7;3,2;3,18
Adelândia;2016;5,51888888888889;5;4,5;2,35;8,99;8,08;6,81;5,4;4,3;4,24
Adelândia;2018;5,69555555555556;5;3,3;3,63;10;8,18;7,51;4,7;4,9;4,04
Água Fria de Goiás;2012;4,46166666666667;;;;1,21;7,77;7,11;3,9;3,8;2,98
Água Fria de Goiás;2014;4,13;;;;0,54;8,31;3,88;4;4,3;3,75
Água Fria de Goiás;2016;4,60222222222222;3,33;2,53;1,89;2,1;10;10;5,1;4,7;1,77
Água Fria de Goiás;2018;4,46111111111111;8,57;4,04;1,4;2,69;6,4;4,52;5,3;5,5;1,73
Água Limpa;2012;5,30166666666667;;;;7,76;7,78;3,69;4,8;4,1;3,68
Água Limpa;2014;4,11;;;;4,34;6,35;2,78;;3,9;3,18
Água Limpa;2016;5,88888888888889;9,17;4,86;2,03;6,53;10;7,82;6,2;3,8;2,59
Água Limpa;2018;6,23888888888889;8,33;4,17;2,44;10;10;6,52;5,9;6,1;2,69
Águas Lindas de Goiás;2012;4,56833333333333;;;;5,95;7,06;5,51;3,7;2,8;2,39
Águas Lindas de Goiás;2014;3,92;;;;4,32;5,64;2,85;4,4;3,2;3,11
Águas Lindas de Goiás;2016;4,70666666666667;4,9;4,75;4,11;3,49;9,7;4;4,7;3,4;3,31
Águas Lindas de Goiás;2018;5,51888888888889;6,11;5,54;4,07;7,98;8,14;4,84;5,6;4,4;2,99
Alexânia;2012;4,22666666666667;;;;3,14;7,42;4,39;4,5;3,8;2,11
Alexânia;2014;4,94166666666667;;;;3,35;7,52;6,38;4,8;4;3,6
Alexânia;2016;5,19444444444444;2,22;2,84;4,46;5,35;10;9,26;5;4,3;3,32
Alexânia;2018;5,41333333333333;4,89;3,87;3,96;8,18;9,84;4,07;5,5;4,9;3,51
Aloândia;2012;5,23666666666667;;;;7;8,28;3,9;5,4;0;6,84
Aloândia;2014;5,7;;;;3,75;8,19;5,17;5,7;4,8;6,59
Aloândia;2016;5,42625;5;3,66;3,95;5,09;8,92;6,23;;5,5;5,06
Aloândia;2018;5,80333333333333;7,5;1,62;3,63;10;7,42;3,6;6,9;5,6;5,96
Alto Horizonte;2012;5,58333333333333;;;;8,62;7,45;6,45;4,4;2,9;3,68
Alto Horizonte;2014;6,54166666666667;;;;8,1;8,25;8,25;5,4;3,8;5,45
Alto Horizonte;2016;5,19333333333333;0,56;4,17;3,58;8,69;9,9;6,87;6,1;5,1;1,77
Alto Horizonte;2018;6,12666666666667;2,11;6,23;3,38;10;9,46;7,25;6,6;5,3;4,81
Alto Paraíso de Goiás;2012;5,65166666666667;;;;7,58;8,23;7,76;3,6;3,9;2,84
Alto Paraíso de Goiás;2014;5,835;;;;6,81;9,8;6,75;4,1;3,8;3,75
Alto Paraíso de Goiás;2016;4,24777777777778;4,44;3,67;2,4;4,61;4,39;4,95;4,7;5;4,07
Alto Paraíso de Goiás;2018;5,54777777777778;4,12;3,95;1,88;10;10;6,23;4,9;4,5;4,35
Alvorada do Norte;2012;5,12;;;;5,85;8,21;4,87;3,9;3,6;4,29
Alvorada do Norte;2014;6,08;;;;6,81;7,47;10;4,9;3,7;3,6
Alvorada do Norte;2016;5,08;2,14;3,52;2,74;5,2;10;9,3;5,2;4,8;2,82
Alvorada do Norte;2018;5,08777777777778;3;4,68;1,77;7,94;9,17;5,55;5,5;5,1;3,08
Amaralina;2012;3,01333333333333;;;;0,84;3,23;5,23;4,1;3,8;0,88
Amaralina;2014;4,48;;;;2,83;6,62;5,41;4,5;3,8;3,72
Amaralina;2016;5,63111111111111;7,5;5,44;3,87;7,41;9,58;4,69;5,1;4,5;2,59
Amaralina;2018;5,87111111111111;7,14;4,9;3,72;9,11;8,53;6,71;6;5;1,73
Americano do Brasil;2012;5,41;;;;6,45;7,71;6,26;5,1;4,1;2,84
Americano do Brasil;2014;5,70666666666667;;;;4,65;8,37;7,2;5,1;4,6;4,32
Americano do Brasil;2016;5,31222222222222;3,33;3,59;2,02;4,87;10;6,58;6,1;5,8;5,52
Americano do Brasil;2018;5,96333333333333;7,14;3,1;2,15;9,81;6,75;7,98;5,7;5,8;5,24
Amorinópolis;2012;6,34333333333333;;;;8,12;8,7;7,2;5,1;4,2;4,74
Amorinópolis;2014;5,75833333333333;;;;6,05;4,84;9,27;5,3;4,2;4,89
Amorinópolis;2016;5,53777777777778;4,29;2,29;5,04;9,08;8,11;4,25;6,1;5;5,68
Amorinópolis;2018;5,67222222222222;7,14;2,22;3,44;10;8,58;2,09;6,9;5,3;5,38
Anápolis;2012;4,72833333333333;;;;2,4;6,79;6,18;4,8;3,8;4,4
Anápolis;2014;5,08833333333334;;;;2,19;6,62;7,94;5,2;4,2;4,38
Anápolis;2016;5,87777777777778;8,85;6,05;5,72;1,34;10;5,97;5,7;4,9;4,37
Anápolis;2018;6,16444444444445;8,63;6,41;5,76;5,73;8,8;4,14;6,3;5,4;4,31
Anhanguera;2012;5,128;;;;8,81;10;4,2;0;;2,63
Anhanguera;2014;3,202;;;;6,02;1,73;5,08;;0;3,18
Anhanguera;2016;5,12285714285714;10;7,19;1,58;6,24;5,13;3,13;;;2,59
Anhanguera;2018;4,59857142857143;10;6,19;1,44;6,6;2,82;4,18;;;0,96
Anicuns;2012;5,715;;;;7,41;8,61;5,49;5,3;4,1;3,38
Anicuns;2014;5,10166666666667;;;;4,85;5,51;6,41;6;4,6;3,24
Anicuns;2016;4,75777777777778;4,33;3,64;3,71;4,63;4,94;4,77;6,7;5,7;4,4
Anicuns;2018;5,32444444444444;6,13;3,68;3,62;4,98;4,33;7,03;7,4;5,9;4,85
Aparecida de Goiânia;2012;4,54;;;;2,91;5,92;6,05;4,4;3,3;4,66
Aparecida de Goiânia;2014;3,96333333333333;;;;0,38;3,89;5,69;4,9;3,4;5,52
Aparecida de Goiânia;2016;4,91777777777778;6,45;5,94;5,2;0;5,35;6,03;5,3;4,2;5,79
Aparecida de Goiânia;2018;4,59111111111111;7,03;5,96;4,6;0;4,74;3,67;5,6;4,6;5,12
Aparecida do Rio Doce;2012;3,89833333333333;;;;4,01;4,16;3,44;4,7;3,4;3,68
Aparecida do Rio Doce;2014;6,24166666666667;;;;4,43;10;10;5,1;3,6;4,32
Aparecida do Rio Doce;2016;6,77333333333333;7,78;6,79;2,37;10;10;10;5,6;5;3,42
Aparecida do Rio Doce;2018;6,00444444444444;9;5,9;1,96;10;10;3,03;5,6;4,7;3,85
Aporé;2012;6,34333333333333;;;;7,1;9,23;5,89;5,2;3,8;6,84
Aporé;2014;6,35666666666667;;;;5,16;10;7,79;5,9;4,4;4,89
Aporé;2016;5,06888888888889;3,91;4,2;2,28;7,35;8,63;4,82;5,6;4,8;4,03
Aporé;2018;5,51666666666667;3,85;4,81;2,56;8,79;8,46;4,53;7,1;5,7;3,85
Araçu;2012;5,635;;;;4,62;9,1;5,1;4,7;3,8;6,49
Araçu;2014;6,75166666666667;;;;4,34;10;10;5,2;4;6,97
Araçu;2016;6,18444444444445;4;4,75;4,32;6,69;10;8,3;5,9;5,2;6,5
Araçu;2018;7,10444444444444;10;4,94;3,22;10;10;8,96;6,9;5,3;4,62
Aragarças;2012;6,24333333333333;;;;7,87;8,52;7,13;4,5;3,8;5,64
Aragarças;2014;3,93333333333333;;;;4,84;3,87;0,65;4,7;4,5;5,04
Aragarças;2016;5,10222222222222;6,88;5,43;4,84;5,33;5,29;2,95;5,6;4,5;5,1
Aragarças;2018;5,57444444444444;7,83;5,67;4,44;6,43;4,3;6,15;6,2;4,7;4,45
Aragoiânia;2012;4,48333333333333;;;;5,44;8,28;3,3;4,4;3,9;1,58
Aragoiânia;2014;4,54666666666667;;;;3,51;8,64;6,08;4,5;3,7;0,85
Aragoiânia;2016;5,13222222222222;3,08;4,84;4,47;4,68;10;10;5,3;3,7;0,12
Aragoiânia;2018;5,66333333333333;4,62;4,7;5,64;10;10;5,55;5,3;4,2;0,96
Araguapaz;2012;4,48666666666667;;;;3,64;8,1;4,9;4,4;3,7;2,18
Araguapaz;2014;4,19833333333333;;;;0,78;8,19;6,07;5;3,7;1,45
Araguapaz;2016;4,02888888888889;3,08;2,42;3,36;4,31;6,64;5,16;5,2;4,2;1,89
Araguapaz;2018;3,89222222222222;3,64;2,28;2,26;5,99;7,71;0,53;5,7;4,8;2,12
Arenópolis;2012;5,495;;;;9,43;10;5,76;0;4,1;3,68
Arenópolis;2014;5,60333333333333;;;;5,34;8,81;7,89;4,3;4,1;3,18
Arenópolis;2016;5,59555555555556;1,43;3,81;5,3;10;10;5,35;5,4;5;4,07
Arenópolis;2018;5,66111111111111;4;2,83;4,95;10;10;4,09;5,8;5,4;3,88
Aruanã;2012;4,66;;;;4,54;7,81;4,25;4,6;3,5;3,26
Aruanã;2014;4,43333333333333;;;;5,48;3,39;5,38;5,5;3,9;2,95
Aruanã;2016;5,42222222222222;6,67;2,6;3,02;6,39;10;4,29;6,7;5,3;3,83
Aruanã;2018;4,79333333333333;5,63;3,38;3,09;6,62;5,31;3;7,4;5,2;3,51
Aurilândia;2012;6,24833333333333;;;;8,53;7,79;6,03;4,5;3,8;6,84
Aurilândia;2014;4,625;;;;4,32;3,1;4,54;4,9;4,3;6,59
Aurilândia;2016;6,015;8;2,06;3,29;8,51;8,19;5,27;6,5;;6,3
Aurilândia;2018;6,36111111111111;7,5;5,52;1,44;8,29;9,67;6,97;6,4;5,5;5,96
Avelinópolis;2012;6,42666666666667;;;;8,69;8,22;7,31;4,5;3;6,84
Avelinópolis;2014;7,18333333333333;;;;9,03;10;6,51;5;3,7;8,86
Avelinópolis;2016;6,01888888888889;2,5;2,61;1,43;9,41;10;8,65;5,3;5,5;8,77
Avelinópolis;2018;5,53;5,71;1,92;1,23;10;10;2,55;6,8;5,6;5,96
Baliza;2012;3,60666666666667;;;;3,77;8,8;4,69;0;3,5;0,88
Baliza;2014;1,715;;;;1,68;1,37;0,48;;;3,33
Baliza;2016;1,72714285714286;0;1,44;1,33;1,92;2,36;1,62;;;3,42
Baliza;2018;3,64142857142857;5;2,39;2,48;5,52;4,23;2,6;;;3,27
Barro Alto;2012;5,77666666666667;;;;7,9;9,17;5,61;4,7;3,9;3,38
Barro Alto;2014;5,53333333333333;;;;6,44;7,33;7,61;5,4;4,3;2,12
Barro Alto;2016;5,26555555555555;3,4;4,76;2,4;6,92;10;6,29;5,9;4,9;2,82
Barro Alto;2018;5,57;2,86;4,5;1,36;9,12;8,3;10;6,4;5,3;2,29
Bela Vista de Goiás;2012;5,51333333333333;;;;6,84;8,51;7,11;4,7;3,5;2,42
Bela Vista de Goiás;2014;4,97666666666667;;;;5,16;6,53;5,6;5;4,1;3,47
Bela Vista de Goiás;2016;5,61222222222222;8,54;5,09;6,34;5,26;6,51;5,35;5,6;4,4;3,42
Bela Vista de Goiás;2018;5,77444444444444;8,8;5,36;3,65;10;10;0;5,8;5,2;3,16
Bom Jardim de Goiás;2012;5,095;;;;5,29;8,37;3,12;4,9;3,1;5,79
Bom Jardim de Goiás;2014;5,45833333333333;;;;4,22;6,12;6,32;5,4;4,1;6,59
Bom Jardim de Goiás;2016;5,37777777777778;10;4,72;4,52;3,75;3,81;5,56;5,7;4,2;6,14
Bom Jardim de Goiás;2018;6,14666666666667;9;5,8;4,05;7,86;7,8;3,49;6,2;5,3;5,82
Bom Jesus de Goiás;2012;5,58666666666667;;;;6,45;8,62;4,81;4,8;4,1;4,74
Bom Jesus de Goiás;2014;5,39166666666667;;;;5,12;7,86;5,91;5,4;4,2;3,86
Bom Jesus de Goiás;2016;5,71111111111111;9,29;6,7;4,31;5,11;6,27;5,37;5,9;5,1;3,35
Bom Jesus de Goiás;2018;6,14888888888889;9,25;6,21;5,66;6,71;6,47;5,8;6,3;5,2;3,74
Bonfinópolis;2012;5,60166666666667;;;;7,55;8,9;4,31;4,3;3,6;4,95
Bonfinópolis;2014;5,495;;;;5,49;7,85;6,41;4,9;4;4,32
Bonfinópolis;2016;5,32333333333333;5,83;5,48;3,76;4,86;10;5,17;5,6;4;3,21
Bonfinópolis;2018;4,96666666666667;6,25;4,78;3,16;5,82;6,55;4,06;5,7;5,3;3,08
Bonópolis;2012;4,845;;;;3,52;8,4;6,37;4,1;3,7;2,98
Bonópolis;2014;4,025;;;;3,31;4,04;4,8;4,1;3,2;4,7
Bonópolis;2016;4,73888888888889;8;3,6;1,67;6,24;4,42;4,47;5,1;4,5;4,65
Bonópolis;2018;5,13777777777778;6;5,07;3,09;8,47;4,71;4,28;5,8;4,4;4,42
Brazabrantes;2012;5,885;;;;8,26;9,28;7,43;5,5;4,1;0,74
Brazabrantes;2014;3,88666666666667;;;;6,73;5,48;2,01;5,9;3,2;0
Brazabrantes;2016;5,04555555555556;4,29;4,11;3,7;9,17;9,1;4,37;5,3;5;0,37
Brazabrantes;2018;5,86333333333333;6,25;4,9;4,65;10;10;5,01;5,5;5;1,46
Britânia;2012;4,985;;;;5,74;7,93;3,3;4,3;3,9;4,74
Britânia;2014;5,915;;;;6,04;8,62;8,29;4,4;4,2;3,94
Britânia;2016;5,25444444444444;2;4,47;2,26;7,62;10;7,35;5,9;4,6;3,09
Britânia;2018;5,08;6,25;2,42;2,23;6,91;10;2,41;5,9;5,6;4
Buriti Alegre;2012;4,53166666666667;;;;6,82;7,28;2,41;5;2,7;2,98
Buriti Alegre;2014;4,26;;;;4,99;3,21;5,8;5,1;3,4;3,06
Buriti Alegre;2016;5,73666666666667;1,05;3,93;5,08;9,12;10;7,74;6,1;5,4;3,21
Buriti Alegre;2018;5,79333333333333;3,44;3,32;4,39;10;10;4,99;6,6;6;3,4
Buriti de Goiás;2012;5,73833333333333;;;;7,65;9,55;0,74;5,7;5;5,79
Buriti de Goiás;2014;6,18833333333333;;;;4,34;9,45;8,72;6,1;4,2;4,32
Buriti de Goiás;2016;7,29;10;6,24;3,28;7,79;10;10;6,3;5,7;6,3
Buriti de Goiás;2018;6,73333333333333;8;5,44;3,34;10;10;6,98;6,7;6,1;4,04
Buritinópolis;2012;5,105;;;;7,78;8,93;5,64;4,2;3,2;0,88
Buritinópolis;2014;5,76333333333333;;;;6,78;7,72;10;4,6;4;1,48
Buritinópolis;2016;4,71111111111111;2,5;1,74;3,92;5,25;9,88;6,82;5,4;4,3;2,59
Buritinópolis;2018;5,22375;5,33;2,11;5,06;6,73;9,24;6,01;;5;2,31
Cabeceiras;2012;4,98166666666667;;;;4,74;6,93;5,47;4,4;3,4;4,95
Cabeceiras;2014;4,65333333333333;;;;3,97;7,07;5,04;4,3;3,6;3,94
Cabeceiras;2016;4,75444444444444;5;3,23;3,11;4,98;7,2;7,18;4,8;4,7;2,59
Cabeceiras;2018;4,70555555555556;4;3;2,96;7,51;7,6;5,71;5;4,4;2,17
Cachoeira Alta;2012;4,815;;;;5,45;8,24;3,62;4,7;3,2;3,68
Cachoeira Alta;2014;3,835;;;;4,5;2,87;2,48;5,1;3,9;4,16
Cachoeira Alta;2016;5,33111111111111;7;4,79;3,58;7,05;7,62;4,39;5,8;4,8;2,95
Cachoeira Alta;2018;5,87888888888889;7,39;4,8;3,6;8,15;6,76;7,28;5,5;5,2;4,23
Cachoeira de Goiás;2012;5,86666666666667;;;;7,39;10;5,78;5,1;4,3;2,63
Cachoeira de Goiás;2014;6,998;;;;10;7,16;8,25;6,4;;3,18
Cachoeira de Goiás;2016;6,415;10;4,87;3,83;10;7,46;7,28;;5,6;2,28
Cachoeira de Goiás;2018;6,20666666666667;6,67;5,38;2,29;10;10;6,62;6,8;5,6;2,5
Cachoeira Dourada;2012;6,99666666666667;;;;8,65;8,9;8,04;4,6;3,9;7,89
Cachoeira Dourada;2014;5,91;;;;8,28;6,47;6,28;5,1;4,2;5,13
Cachoeira Dourada;2016;5,92666666666667;2,76;3,44;4,23;10;10;6,82;5,7;4,8;5,59
Cachoeira Dourada;2018;5,70888888888889;2,86;3,93;4,02;10;8,65;4,45;6,5;5,2;5,77
Caçu;2012;5,88333333333333;;;;5,42;8,92;6,59;5;4;5,37
Caçu;2014;4,67166666666667;;;;4,66;5,57;4,19;5,6;4,4;3,61
Caçu;2016;5,14888888888889;8;6,4;5,28;4,1;4,62;3,24;5,6;5,1;4
Caçu;2018;5,74222222222222;7,65;5,78;5,39;5,3;6,36;5,65;6,2;5,5;3,85
Caiapônia;2012;5,77666666666667;;;;7,25;7,52;6,14;5;3,9;4,85
Caiapônia;2014;4,20666666666667;;;;4,14;4,45;1,99;5,3;4,6;4,76
Caiapônia;2016;4,61222222222222;5,77;3,59;3,14;4,95;4,81;3,93;5,8;5,2;4,32
Caiapônia;2018;5,30111111111111;7,5;2,75;3,15;7,92;5,72;4,99;6,1;5,4;4,18
Caldas Novas;2012;5,15333333333333;;;;4,95;7,64;6,32;4,7;3,7;3,61
Caldas Novas;2014;5,415;;;;4,59;8;7,38;5,1;3,8;3,62
Caldas Novas;2016;5,42444444444444;7,61;5,45;5,47;3,67;7,05;5,43;5,7;4,9;3,54
Caldas Novas;2018;6,00111111111111;7,18;5,82;4,76;7,54;10;3,85;5,9;5,2;3,76
Caldazinha;2012;4,33333333333333;;;;6,8;4,13;2,53;4;3,8;4,74
Caldazinha;2014;5,37833333333333;;;;6,19;7,49;7,15;3,6;3,9;3,94
Caldazinha;2016;6,23333333333333;7,14;4,73;3,16;9,48;10;10;4,9;4,1;2,59
Caldazinha;2018;5,58333333333333;7,27;4,48;3,15;10;10;1,76;5,4;5,5;2,69
Campestre de Goiás;2012;5,39166666666667;;;;4,32;7,96;5,68;5,1;3,5;5,79
Campestre de Goiás;2014;5,61166666666667;;;;5,31;9,17;5,54;5,6;4,3;3,75
Campestre de Goiás;2016;6,04555555555556;6;3,83;3,06;10;10;7,79;5,6;4,3;3,83
Campestre de Goiás;2018;6,29;7,14;3,94;2,23;10;10;6,87;6,7;5,5;4,23
Campinaçu;2012;4,08333333333333;;;;3,16;4,34;4,71;4,2;3,7;4,39
Campinaçu;2014;5,585;;;;4,43;8,25;8,54;5,1;4,2;2,99
Campinaçu;2016;4,98777777777778;1,54;1,78;4,63;8,18;10;6,37;5,1;4,7;2,59
Campinaçu;2018;4,92222222222222;2,14;2,16;2,42;10;10;3,43;5,6;4,9;3,65
Campinorte;2012;5,15333333333333;;;;2,93;9,17;5,73;4,6;3,9;4,59
Campinorte;2014;5,28333333333333;;;;2,48;8,51;7,55;4,6;4,7;3,86
Campinorte;2016;4,88555555555556;7,27;3,45;3,11;4,16;6,94;5,44;5,4;4,9;3,3
Campinorte;2018;6,10777777777778;7,69;3,45;5,14;6,76;7,57;9,39;6,3;5,4;3,27
Campo Alegre de Goiás;2012;6,125;;;;6,32;8,84;7,3;5,1;3,4;5,79
Campo Alegre de Goiás;2014;5,27333333333333;;;;5,29;6,03;5,22;5,7;4,1;5,3
Campo Alegre de Goiás;2016;5,71777777777778;4,38;5,16;4,39;6,23;10;4,35;6,3;4,6;6,05
Campo Alegre de Goiás;2018;5,05666666666667;5;4,08;2,86;4,06;5,25;7,99;6,1;4,9;5,27
Campo Limpo de Goiás;2012;4,77833333333333;;;;5,15;7,51;2,62;4,3;3,3;5,79
Campo Limpo de Goiás;2014;4,705;;;;6,49;7,39;2,77;4,8;3,6;3,18
Campo Limpo de Goiás;2016;5,16;6,54;4,57;3,77;6,79;7,23;6,45;4,7;3,8;2,59
Campo Limpo de Goiás;2018;4,95666666666667;8,26;5,49;3,77;5,11;5,66;4,79;5,3;4,5;1,73
Campos Belos;2012;5,96666666666667;;;;7,05;9,43;7,33;4,5;3,6;3,89
Campos Belos;2014;6,18833333333333;;;;6,37;9,95;8,61;5;4;3,2
Campos Belos;2016;5,91444444444444;6,98;4,56;4,22;5,38;7,61;10;5,3;4,6;4,58
Campos Belos;2018;5,57555555555556;7,65;5,51;2,87;8,34;9,08;3,24;5,3;4,7;3,49
Campos Verdes;2012;5,77;;;;6,78;7,4;7,05;4,7;3,8;4,89
Campos Verdes;2014;6,68333333333333;;;;8,35;10;8,37;4,7;3,6;5,08
Campos Verdes;2016;6,31444444444444;3,75;4,16;3,67;10;10;10;5,5;5,1;4,65
Campos Verdes;2018;6,01777777777778;5;5,15;4,33;10;10;4,44;5,7;5,6;3,94
Carmo do Rio Verde;2012;5,865;;;;7,7;9,5;5,38;4,5;4;4,11
Carmo do Rio Verde;2014;4,52;;;;6,17;4,44;2,44;5,2;4;4,87
Carmo do Rio Verde;2016;4,31666666666667;3,89;4,56;1,29;5,49;7,05;2,66;5,5;5,2;3,21
Carmo do Rio Verde;2018;5,03;5,26;4,18;1,19;6,58;3,63;8,8;6,2;5,2;4,23
Castelândia;2012;4,03166666666667;;;;3,56;3,75;5,17;3,9;3,6;4,21
Castelândia;2014;6,16666666666667;;;;7,41;9,5;8,61;4,3;4;3,18
Castelândia;2016;5,35666666666667;0;5,79;2,89;8,17;10;9,07;5,3;4,4;2,59
Castelândia;2018;5,93777777777778;4,55;4,83;2,03;10;10;10;5,2;5,1;1,73
Catalão;2012;5,68;;;;7,41;7,47;5,8;4,9;3,8;4,7
Catalão;2014;5,98166666666667;;;;6,09;7,52;7,8;5,4;4,1;4,98
Catalão;2016;3,98666666666667;4,28;3,42;5,22;3,8;1,96;2,83;6,7;4,9;2,77
Catalão;2018;4,95333333333333;4,25;3,81;5,01;7,51;7,31;1,65;6,6;5,3;3,14
Caturaí;2012;5,25833333333333;;;;5,85;8,29;2,72;5;3,9;5,79
Caturaí;2014;5,78666666666667;;;;4,3;9,12;6,25;5,1;4,5;5,45
Caturaí;2016;6,07888888888889;2,5;7,44;4,94;6,59;9,75;7,93;5,3;5,2;5,06
Caturaí;2018;6,09666666666667;4;6,72;5,24;8,79;10;4,61;5,8;4,9;4,81
Cavalcante;2012;3,755;;;;3,16;3,85;5,14;3,6;3,1;3,68
Cavalcante;2014;4,41333333333333;;;;3,15;7,73;4,46;4,1;3,4;3,64
Cavalcante;2016;3,59777777777778;2,17;0;1,5;3,77;8,11;6,23;4,3;4,2;2,1
Cavalcante;2018;4,00888888888889;3,33;0;0,56;3,12;9,36;7,39;4,4;4,5;3,42
Ceres;2012;6,57333333333333;;;;8,41;9,42;7,73;5,5;4,5;3,88
Ceres;2014;7,275;;;;8,02;10;10;5,9;4,9;4,83
Ceres;2016;6,07666666666667;8,42;4,47;6,68;6,25;3,54;10;6,5;5,1;3,73
Ceres;2018;6,37;6,36;3,96;5,7;10;10;4,19;6,8;5,6;4,72
Cezarina;2012;5,65833333333333;;;;8,02;8,12;4,42;4,7;3,6;5,09
Cezarina;2014;5,97666666666667;;;;7,17;8,22;6,47;5,6;3,7;4,7
Cezarina;2016;5,93555555555556;8,46;4,38;4,45;7,12;8,3;5,74;5,4;4,1;5,47
Cezarina;2018;6,08333333333333;9,29;3,85;3,03;9,86;7,77;5,37;5,9;4,3;5,38
Chapadão do Céu;2012;5,105;;;;7,32;4,19;4,46;5,3;4,1;5,26
Chapadão do Céu;2014;6,48;;;;6,13;10;5,9;6,1;5,3;5,45
Chapadão do Céu;2016;6,03222222222222;6,32;6,15;3,38;4,93;10;9,03;6,6;5,7;2,18
Chapadão do Céu;2018;6,50888888888889;3,64;6,55;2,81;10;10;10;6,7;5,8;3,08
Cidade Ocidental;2012;5,28666666666667;;;;5,77;7,6;6,7;4,1;3,6;3,95
Cidade Ocidental;2014;4,49333333333333;;;;4,28;5,24;5,4;4,4;3,5;4,14
Cidade Ocidental;2016;5,91777777777778;8,48;7,15;3,5;4,8;8,96;6,88;5;4,1;4,39
Cidade Ocidental;2018;5,89;8,08;6,35;3,98;7,33;8,23;4,81;5;4,5;4,73
Cocalzinho de Goiás;2012;4,38166666666667;;;;4,48;5,8;4,36;4,2;3,5;3,95
Cocalzinho de Goiás;2014;5,51833333333333;;;;2,53;10;8,61;4,8;3,8;3,37
Cocalzinho de Goiás;2016;5,81444444444445;8,57;4,68;3,32;3,56;10;9,14;5,3;3,7;4,06
Cocalzinho de Goiás;2018;6,55444444444444;8,71;5,3;3,61;7,67;10;8,9;5,8;4,7;4,3
Colinas do Sul;2012;4,14333333333333;;;;5,5;5,79;3,44;4,1;3,4;2,63
Colinas do Sul;2014;5,40333333333333;;;;3,13;9,71;6,26;4,7;4,3;4,32
Colinas do Sul;2016;5,53;4,44;2,67;1,61;9,24;10;9,72;4,9;4,6;2,59
Colinas do Sul;2018;5,35777777777778;5;2,76;1,88;8,91;10;4,83;5,5;5,3;4,04
Córrego do Ouro;2012;5,615;;;;9,31;7,61;3,58;5,1;3,7;4,39
Córrego do Ouro;2014;5,43833333333333;;;;4,15;6,58;5,78;5,2;4,9;6,02
Córrego do Ouro;2016;6,11444444444444;6,25;4,43;3,81;9,54;5,98;7,34;6,1;5,7;5,88
Córrego do Ouro;2018;6,33555555555556;7,5;5,18;4,36;5,79;6,86;8,26;6,9;6,4;5,77
Corumbá de Goiás;2012;4,86333333333333;;;;2,6;7,04;7,1;4,8;3,6;4,04
Corumbá de Goiás;2014;3,87333333333333;;;;1,36;3,56;3,52;5,7;4,4;4,7
Corumbá de Goiás;2016;4,82777777777778;4;5,12;6,01;2,03;8,63;3,74;5,8;4,7;3,42
Corumbá de Goiás;2018;5,23444444444444;6,67;5,29;5,45;2,56;5,27;8,28;5,9;5;2,69
Corumbaíba;2012;4,77;;;;7,91;6,07;3,46;5,4;3,5;2,28
Corumbaíba;2014;5,90666666666667;;;;7,03;7,15;6,22;6,6;4,5;3,94
Corumbaíba;2016;6,54777777777778;9,06;6,37;5,5;10;7,89;4,91;7,2;5;3
Corumbaíba;2018;6,38666666666667;8,97;6,28;3,75;10;8,19;4,47;7,3;5,2;3,32
Cristalina;2012;4,9;;;;4,11;6,2;5,67;4,1;3,4;5,92
Cristalina;2014;4,69166666666667;;;;3,61;6,64;3,93;4,4;3,8;5,77
Cristalina;2016;4,75;6,28;4,24;2,47;1,03;9,12;4,76;4,7;4,4;5,75
Cristalina;2018;5,43222222222222;6,67;5,27;2,77;6,53;8,61;3,79;5,7;5;4,55
Cristianópolis;2012;6,26166666666667;;;;6,73;8,77;5,58;4,7;3,9;7,89
Cristianópolis;2014;6,85;;;;8,25;10;10;4,4;3;5,45
Cristianópolis;2016;6,50666666666667;6;6,26;2,67;10;10;10;5,2;4,6;3,83
Cristianópolis;2018;5,78555555555556;6;6,03;1,41;10;10;4,78;5,4;4,8;3,65
Crixás;2012;6,025;;;;8,66;7,16;7,35;5,3;4;3,68
Crixás;2014;6,14833333333334;;;;7,63;7,74;7,83;5,3;4,5;3,89
Crixás;2016;4,72444444444444;6,12;3,55;2,57;5,97;4,19;5,08;5,6;5,2;4,24
Crixás;2018;5,70777777777778;5,91;4,72;2,08;10;9,17;4,64;5,8;5,4;3,65
Cromínia;2012;5,33;;;;6,36;6,29;6,14;5,6;3,2;4,39
Cromínia;2014;5,775;;;;3,84;9,96;8,74;5,5;3,2;3,41
Cromínia;2016;6,29777777777778;3,64;4,12;3,58;10;10;10;6,8;4,1;4,44
Cromínia;2018;6,59222222222222;5,56;4,79;3,78;10;10;10;6,9;5,8;2,5
Cumari;2012;5,93666666666667;;;;8,84;9,77;6,03;4,8;3,9;2,28
Cumari;2014;4,55;;;;6,64;4,1;5,61;5,3;3,6;2,05
Cumari;2016;4,77888888888889;2,14;4,67;4,26;5,79;6,73;4,03;7,1;5,9;2,39
Cumari;2018;6,01111111111111;3,57;6,41;4,96;8,84;7,86;7,66;6,5;5,8;2,5
Damianópolis;2012;5,435;;;;3,04;10;8,04;4,9;4;2,63
Damianópolis;2014;5,88833333333333;;;;4,9;7,98;10;4,7;4;3,75
Damianópolis;2016;5,57555555555555;5;2,68;2,54;7,47;10;9,18;5;5,1;3,21
Damianópolis;2018;4,63;0;2,06;1,85;6,74;10;8,42;5,2;4,9;2,5
Damolândia;2012;6,275;;;;6,32;8,92;7,42;5,1;4,1;5,79
Damolândia;2014;7,006;;;;5,18;10;10;;4,4;5,45
Damolândia;2016;6,43;5;3,87;4,53;10;9,64;8,97;5,8;5;5,06
Damolândia;2018;5,43777777777778;1,43;4,08;3,92;10;9,9;2,9;6,5;5,4;4,81
Davinópolis;2012;5,10166666666667;;;;7,47;8,61;5,99;0;3,8;4,74
Davinópolis;2014;4,475;;;;5,74;4,94;4,04;;;3,18
Davinópolis;2016;4,21375;2,86;5,46;2,57;5,98;6,16;3,89;;4,4;2,39
Davinópolis;2018;4,64375;2,5;4,91;0,93;10;4,82;8,91;;4,5;0,58
Diorama;2012;7,265;;;;8,82;10;9,08;5,8;4,1;5,79
Diorama;2014;5,15666666666667;;;;4,53;5,41;6,43;5,5;3,8;5,27
Diorama;2016;4,78222222222222;4,29;3,42;2,67;5,27;4,32;5,91;6,8;5,3;5,06
Diorama;2018;4,53;6;3,92;3,14;3,98;3,28;4,27;6,8;5;4,38
Divinópolis de Goiás;2012;5,05166666666667;;;;5,49;7,54;7,1;3,7;3,5;2,98
Divinópolis de Goiás;2014;6,135;;;;7,08;10;10;4,5;4;1,23
Divinópolis de Goiás;2016;5,64777777777778;3,75;2,3;2,65;9,51;10;10;5,2;4;3,42
Divinópolis de Goiás;2018;4,90888888888889;3,75;1,64;0,18;9,78;10;5,09;4,9;4,8;4,04
Doverlândia;2012;4,26666666666667;;;;2,71;6,86;4,45;4,6;4,2;2,78
Doverlândia;2014;4,17333333333333;;;;3,23;4,41;4,69;5,5;4,1;3,11
Doverlândia;2016;4,67888888888889;4,55;2,51;2,69;4,59;8,75;5,06;5,8;5,3;2,86
Doverlândia;2018;4,79555555555556;6,67;4,07;2,61;4,85;8,04;3,07;5,5;5,6;2,75
Edealina;2012;4,70166666666667;;;;6,22;8,81;0,3;5,4;3,8;3,68
Edealina;2014;6,18333333333333;;;;7,52;10;8,83;4,9;3,8;2,05
Edealina;2016;7,28555555555555;10;7,48;4,87;10;10;9,71;5,8;4,5;3,21
Edealina;2018;7,05333333333333;10;7,26;4,82;10;10;7,35;5,8;4,6;3,65
Edéia;2012;6,08666666666667;;;;6;8,48;8,35;4,9;4,2;4,59
Edéia;2014;5,61666666666667;;;;5,46;6,87;7,81;5,2;4,2;4,16
Edéia;2016;5,59222222222222;5,56;4,92;2,59;6,41;8,69;6,54;6,1;4,9;4,62
Edéia;2018;6,01666666666667;6,25;5,83;2,24;10;8,17;5,3;6,7;5,1;4,56
Estrela do Norte;2012;5,90166666666667;;;;6,36;8,13;9,38;4,5;4,2;2,84
Estrela do Norte;2014;5,985;;;;5;9,67;8,59;4;4,1;4,55
Estrela do Norte;2016;5,895;6;3,24;1,62;7,66;10;8,28;5,3;;5,06
Estrela do Norte;2018;5,88333333333333;6;3,08;1,41;10;10;6,25;6,1;5,3;4,81
Faina;2012;5,07833333333333;;;;4,82;8,19;6,65;4,7;4;2,11
Faina;2014;4,20166666666667;;;;1,81;5,06;7,17;4,5;4,4;2,27
Faina;2016;3,98444444444444;2,22;2,09;1,68;5,14;7,72;4,86;5;4,8;2,35
Faina;2018;5,21;8,57;3,34;1,84;6,29;9,04;5,35;5,5;5,5;1,46
Fazenda Nova;2012;3,04;;;;5,08;0;0,78;5,1;3,9;3,38
Fazenda Nova;2014;5,47833333333333;;;;4,55;6,9;6,13;5,6;4,7;4,99
Fazenda Nova;2016;5,01777777777778;1,82;1,82;4,01;7,61;5,97;6,53;7,4;6;4
Fazenda Nova;2018;4,87333333333333;1,33;2,1;3,48;6,82;6,5;5,42;7,4;6;4,81
Firminópolis;2012;5,905;;;;7,56;8,32;4,88;5,6;3,7;5,37
Firminópolis;2014;3,53666666666667;;;;4,36;1,05;2,3;5,8;4,2;3,51
Firminópolis;2016;4,70666666666667;7;5,74;5,06;4,6;2,83;3,54;6,3;4,7;2,59
Firminópolis;2018;4,94;5,65;4,77;4,68;6,92;3,11;4,51;7,5;5,3;2,02
Flores de Goiás;2012;4,60166666666667;;;;4,29;7,09;6,35;3,2;3;3,68
Flores de Goiás;2014;3,285;;;;3;3,36;2,34;4,2;4;2,81
Flores de Goiás;2016;4,57;5;1,86;0,97;4,23;10;6,99;4,5;4;3,58
Flores de Goiás;2018;3,21111111111111;6,11;1,68;0;1,44;2,57;5,24;4,7;4;3,16
Formosa;2012;5,12;;;;4,22;7,04;6,47;4,7;3,9;4,39
Formosa;2014;5,01;;;;2,62;7,34;7,22;4,9;3,9;4,08
Formosa;2016;4,17666666666667;5,27;4,02;4,36;3,06;3,27;5,09;5,2;4,3;3,02
Formosa;2018;4,87444444444444;6,33;4,95;4,87;6,78;7,27;0,87;5,2;4,2;3,4
Formoso;2012;4,97;;;;5,29;7,24;5,33;4,6;4,1;3,26
Formoso;2014;5,614;;;;4,72;6,48;8,64;5,5;;2,73
Formoso;2016;5,31444444444444;2;2,33;1,86;10;9,29;8,56;6;5,2;2,59
Formoso;2018;4,79;2;2,15;2,33;10;9,77;1,61;7,4;5,7;2,15
Gameleira de Goiás;2012;6,09;;;;4,78;9,58;9;4,7;4,8;3,68
Gameleira de Goiás;2014;4,69166666666667;;;;1,5;6,04;8,02;5;4,6;2,99
Gameleira de Goiás;2016;5,46333333333333;9,09;4,31;0;5,06;10;6,79;5,2;5,3;3,42
Gameleira de Goiás;2018;5,34111111111111;9;5,34;0,46;6,86;8,21;5,4;5,1;5,2;2,5
Goianápolis;2012;5,14166666666667;;;;4,26;6,92;6,83;4,1;4;4,74
Goianápolis;2014;5,83666666666667;;;;6,06;9,58;4,53;5;4,4;5,45
Goianápolis;2016;5,86111111111111;4,17;4,62;3,41;8,05;10;7,36;5,7;5;4,44
Goianápolis;2018;5,88444444444444;4,75;5,75;2,35;10;10;5,95;5,9;5,5;2,76
Goiandira;2012;7,19;;;;7,78;8,77;9,6;6,1;4,4;6,49
Goiandira;2014;6,17666666666667;;;;6,04;7,01;6,61;6,7;4,3;6,4
Goiandira;2016;5,91111111111111;3,33;4,45;4,19;6,05;10;9,63;5,9;4,9;4,75
Goiandira;2018;5,54333333333333;7,14;3,56;2,91;8,37;5;4,96;6,5;5,3;6,15
Goianésia;2012;5,65;;;;6,32;8,28;4,44;5,5;4,1;5,26
Goianésia;2014;5,90333333333333;;;;5,66;8,44;7,04;5,8;4,5;3,98
Goianésia;2016;5,90777777777778;8,14;3,87;3,71;6,04;8,14;6,97;6,9;5,6;3,8
Goianésia;2018;5,96444444444444;6,16;3,89;3,87;8,14;8,62;6,01;7,1;5,8;4,09
Goiânia;2012;5,345;;;;5,29;6,83;6,89;5;3,8;4,26
Goiânia;2014;5,46333333333333;;;;4,17;6,56;8,65;5,3;3,9;4,2
Goiânia;2016;4,54555555555556;8,01;7,09;6,34;1,87;0;2,94;5,7;4,9;4,06
Goiânia;2018;5,86777777777778;7,68;6,98;6,39;6,07;6,65;3,55;5,9;5,3;4,29
Goianira;2012;5,37166666666667;;;;6,65;7,88;4,94;4,6;3,6;4,56
Goianira;2014;5,475;;;;4,85;9,21;5,8;5,2;3,8;3,99
Goianira;2016;6,20777777777778;8,24;6;5,19;5,44;10;8,17;5,2;4,3;3,33
Goianira;2018;6,78;8,72;6,63;4,76;10;10;7,39;5,7;5;2,82
Goiás;2012;6,06;;;;8,53;8,44;6,98;5,5;4;2,91
Goiás;2014;4,99333333333333;;;;5,68;6;5,46;5,6;4,4;2,82
Goiás;2016;4,95333333333333;1,64;2,02;5,51;4,51;10;8,2;6;4,8;1,9
Goiás;2018;5,06777777777778;2,33;2,38;5,18;7,5;7,57;6;6,5;5,7;2,45
Goiatuba;2012;5,63666666666667;;;;7,39;7,33;6,36;5;3,7;4,04
Goiatuba;2014;5,62666666666667;;;;5,11;7,78;5,94;5,6;4,4;4,93
Goiatuba;2016;5,64666666666667;4,32;5,83;4,78;7,47;6,59;7,13;6;4,7;4
Goiatuba;2018;5,99444444444444;4,07;5,18;4,73;9,52;8,35;6,87;5,9;5,1;4,23
Gouvelândia;2012;4,69666666666667;;;;8,23;8,93;3,66;0;4,1;3,26
Gouvelândia;2014;4,90166666666667;;;;7,36;4,11;4,52;4,9;4,2;4,32
Gouvelândia;2016;4,21666666666667;2,67;2,18;3,44;6,32;5,47;4,9;5,9;5,3;1,77
Gouvelândia;2018;4,69777777777778;4;3,51;3,15;5,39;5,05;7,72;5,9;4,6;2,96
Guapó;2012;4,75333333333333;;;;6,02;7,19;3,69;4,7;3,7;3,22
Guapó;2014;5,10833333333333;;;;5,67;7,48;4,99;5,1;4;3,41
Guapó;2016;5,49111111111111;1,82;5,55;3,25;9,84;10;5,32;5,7;4,9;3,04
Guapó;2018;5,56333333333333;1,37;5,18;3,16;10;9,9;5,63;6,2;5,4;3,23
Guaraíta;2012;5,965;;;;9,48;8,65;7,98;3,7;4,4;1,58
Guaraíta;2014;5,55333333333333;;;;4,38;8,66;8,83;5,3;4,1;2,05
Guaraíta;2016;5,91444444444444;5;1,93;2,29;9,06;9,92;10;5,4;5,8;3,83
Guaraíta;2018;5,02;4;1,7;4,08;10;9,87;1,63;5,5;5,9;2,5
Guarani de Goiás;2012;4,68666666666667;;;;4,32;7,53;5,54;4,4;3,7;2,63
Guarani de Goiás;2014;5,42666666666667;;;;4,23;8,22;7,09;4,5;4,2;4,32
Guarani de Goiás;2016;5,73111111111111;8;3,76;1,92;7,31;10;8,18;4,6;4,6;3,21
Guarani de Goiás;2018;5,37444444444444;6,67;3,06;1,45;8,98;10;3,6;5,4;4,4;4,81
Guarinos;2012;5,69;;;;6,07;8,51;6,73;6;4,2;2,63
Guarinos;2014;4,64166666666667;;;;2,31;5,48;7,08;5,9;3,9;3,18
Guarinos;2016;5,00888888888889;5;0,84;2,22;7,23;10;6,21;5,5;5,8;2,28
Guarinos;2018;5,64888888888889;4;1,62;1,04;9,67;10;10;5,9;6,4;2,21
Heitoraí;2012;5,00333333333333;;;;3,85;7,34;7,5;5,3;3,4;2,63
Heitoraí;2014;5,69166666666667;;;;6,07;10;6,93;5,8;3,3;2,05
Heitoraí;2016;5,19888888888889;2,31;1,66;2,37;8,45;10;7,47;5,9;4,8;3,83
Heitoraí;2018;5,16888888888889;1,67;1,41;3,88;9,3;10;6,36;6;5,4;2,5
Hidrolândia;2012;5,015;;;;4,96;7,46;5,98;4,2;3,1;4,39
Hidrolândia;2014;4,45333333333333;;;;5,62;5,53;3,87;4,8;3,2;3,7
Hidrolândia;2016;5,99444444444444;7,29;5,48;4,01;8,43;9,66;7,07;4,8;4;3,21
Hidrolândia;2018;6,24111111111111;7,21;5,9;4,44;10;7,98;8,11;5,1;4,5;2,93
Hidrolina;2012;5,235;;;;3,57;8,38;6,48;4,9;4,4;3,68
Hidrolina;2014;4,30333333333333;;;;2,95;5,51;4,98;5,4;3,8;3,18
Hidrolina;2016;5,19555555555556;3,33;3;4,93;4,03;10;6,63;5,7;4,9;4,24
Hidrolina;2018;6,21444444444445;8;4,31;5,34;6,76;8,35;7,43;6,6;5,1;4,04
Iaciara;2012;4,32;;;;4,79;7,6;4,2;3,4;3,3;2,63
Iaciara;2014;4,09166666666667;;;;2,27;6,36;4,52;4,7;4,1;2,6
Iaciara;2016;3,74777777777778;1,82;1,81;3,3;3,16;5,22;5,31;4,9;4,9;3,31
Iaciara;2018;4,21555555555556;5,19;2,63;3,61;3,57;4,53;5,01;4,9;5;3,5
Inaciolândia;2012;5,34333333333333;;;;6,69;8,63;3,75;4,1;3,8;5,09
Inaciolândia;2014;5,94833333333333;;;;6,53;9,7;7,08;4,9;4,3;3,18
Inaciolândia;2016;6,33666666666667;7,78;5,62;4,19;7,03;10;9,52;5,8;4,5;2,59
Inaciolândia;2018;6,32333333333333;8,85;5,89;2,9;9,73;8,88;6,37;6,1;5,4;2,79
Indiara;2012;5,45333333333333;;;;6,78;7,19;6,61;5;4,3;2,84
Indiara;2014;5,16666666666667;;;;3,76;7,76;7,2;4,9;4;3,38
Indiara;2016;5,73333333333333;7,22;4,71;4,85;6,14;10;6,26;5,2;4,7;2,52
Indiara;2018;4,99444444444444;7,44;3,61;4,87;6,3;4,78;3,94;6,1;4,7;3,21
Inhumas;2012;5,82333333333333;;;;7,21;8,57;5,06;5;4,2;4,9
Inhumas;2014;5,98666666666667;;;;6,28;7,89;7,73;5,7;4,8;3,52
Inhumas;2016;6,52888888888889;7,76;7,37;7,05;6,56;7,82;6,75;6,3;5,2;3,95
Inhumas;2018;6,97222222222222;9,08;7,31;5,7;10;8,87;6,97;6,3;5,5;3,02
Ipameri;2012;5,855;;;;6,57;7,79;8,52;5,4;3,9;2,95
Ipameri;2014;5,315;;;;6,93;7,53;5,2;5,6;4,4;2,23
Ipameri;2016;5,19222222222222;3,58;4,31;3,66;7,64;7,51;6,11;6,4;4,5;3,02
Ipameri;2018;5,45444444444444;5,39;4,28;3,1;9,52;8,59;3,48;6,3;5,2;3,23
Ipiranga de Goiás;2012;6,26666666666667;;;;10;8,42;6,8;5,1;4,3;2,98
Ipiranga de Goiás;2014;4,33;;;;4,34;4,26;4,25;5,2;4,6;3,33
Ipiranga de Goiás;2016;4,86888888888889;7,5;1,73;0,28;7,61;4,99;6,49;6,4;5,4;3,42
Ipiranga de Goiás;2018;5,97666666666667;8;5,14;2,34;9,11;4,6;8,53;7;5,8;3,27
Iporá;2012;6,375;;;;8,41;8,65;6,82;5,6;3,9;4,87
Iporá;2014;6,07166666666667;;;;5,65;7,92;9,88;5,6;4,4;2,98
Iporá;2016;5,54666666666667;5,98;3,64;5,61;5,76;5,46;8,82;6,8;5,2;2,65
Iporá;2018;5,94888888888889;6,04;4,19;5,58;8,11;10;4,84;6,9;5,7;2,18
Israelândia;2012;6,42666666666667;;;;7,56;9,49;7,42;4,5;3,8;5,79
Israelândia;2014;4,96;;;;2,18;6,59;6,1;4,6;3,7;6,59
Israelândia;2016;5,0475;3,33;5,42;5,43;3,59;6,64;5,17;;4,5;6,3
Israelândia;2018;6,10555555555556;5;6,11;5,01;10;8,17;4,2;5,8;4,7;5,96
Itaberaí;2012;5,225;;;;6;7,83;3,83;5,2;4,1;4,39
Itaberaí;2014;5,14333333333333;;;;3,64;7,48;6,19;5,9;4,7;2,95
Itaberaí;2016;5,27777777777778;4,2;3,59;4,95;4,36;10;5,7;6,5;5,1;3,1
Itaberaí;2018;6,26;6;4,03;4,58;8,6;8,86;9,3;6,9;5,2;2,87
Itaguari;2012;6,23666666666667;;;;7,29;8,6;4,94;5,8;4,3;6,49
Itaguari;2014;6,74166666666667;;;;5,7;10;10;6,2;4,8;3,75
Itaguari;2016;7,11555555555555;8,18;5,5;3,61;9,91;10;10;7;5,4;4,44
Itaguari;2018;6,12666666666667;8,89;5,59;2,51;10;9,97;1,95;6,6;5,4;4,23
Itaguaru;2012;6,31666666666667;;;;6,58;9,15;6,48;5,5;4,4;5,79
Itaguaru;2014;6,62666666666667;;;;4,23;8,96;9,98;5;5;6,59
Itaguaru;2016;5,98;10;2,36;4,55;5,69;7,38;8,87;6,5;4,8;3,67
Itaguaru;2018;6,16888888888889;10;0,97;4,76;10;10;4,69;6,6;6;2,5
Itajá;2012;5,93833333333333;;;;6,87;8,31;6,16;4,3;3,5;6,49
Itajá;2014;5,325;;;;6,14;7,46;3,22;5,4;4,5;5,23
Itajá;2016;5,94444444444444;5,24;4,75;2,21;10;10;5,49;6,3;4,6;4,91
Itajá;2018;5,67111111111111;4,58;4,99;1,92;9,2;7,57;7,12;5,9;5,1;4,66
Itapaci;2012;5,88166666666667;;;;6,56;7,78;6,36;5,7;3,8;5,09
Itapaci;2014;4,64666666666667;;;;3,72;5,47;5,93;5,6;4,1;3,06
Itapaci;2016;3,75;2,73;2,11;4,27;5,25;3,17;3,07;5;4,5;3,65
Itapaci;2018;5,28777777777778;6,13;3,22;2,67;7,81;6,86;6,21;6;5,2;3,49
Itapirapuã;2012;5,06833333333333;;;;5,86;8,34;4,8;4,1;3,2;4,11
Itapirapuã;2014;5,185;;;;3,56;8,07;7,17;4,9;4;3,41
Itapirapuã;2016;4,85222222222222;0,77;2,55;3,41;6,32;10;7,72;5;5;2,9
Itapirapuã;2018;5,12222222222222;2,67;3,69;3,73;10;10;3,77;5;5,1;2,14
Itapuranga;2012;5,84333333333333;;;;6,37;9,35;6,56;5;4,1;3,68
Itapuranga;2014;5,565;;;;5,43;6,92;6,57;5,6;4,7;4,17
Itapuranga;2016;5,04222222222222;2,22;3,04;5,11;4,65;8,41;7,1;5,7;5,1;4,05
Itapuranga;2018;5,71555555555556;4,67;3,52;4,53;8,52;9,94;5,47;6;5,3;3,49
Itarumã;2012;3,60166666666667;;;;2,08;5,87;1,27;4,5;2,8;5,09
Itarumã;2014;4,74;;;;4,29;5,93;3,97;5,5;4,2;4,55
Itarumã;2016;4,95;3,89;4,17;3,13;6,43;6,44;3,61;6,5;4,7;5,68
Itarumã;2018;5,19777777777778;5;3,44;2,02;4,43;5,11;9,12;6,6;5,1;5,96
Itauçu;2012;5,55333333333333;;;;8,58;6,24;5,82;5,3;3,7;3,68
Itauçu;2014;4,495;;;;4,48;5,23;2,69;6,9;4,6;3,07
Itauçu;2016;5,48;7,5;5,65;5,97;7,74;4,02;3,52;6,5;5;3,42
Itauçu;2018;6,53333333333333;8,7;6,61;5,76;7,87;6,85;6,79;7,6;5,2;3,42
Itumbiara;2012;5,93333333333333;;;;8,12;8,14;5,59;4,9;3,8;5,05
Itumbiara;2014;5,98833333333334;;;;6,41;7,78;7,23;5,5;4,4;4,61
Itumbiara;2016;5,01333333333333;3,34;4,73;4,75;6,85;6,51;3,27;6,4;5,2;4,07
Itumbiara;2018;5,83111111111111;3,71;5,29;4,28;10;8,99;2,8;7;5,8;4,61
Ivolândia;2012;5,60833333333333;;;;5,11;7,43;6,93;6,1;4,4;3,68
Ivolândia;2014;4,54;;;;4,51;5,42;2,82;6,2;;3,75
Ivolândia;2016;5,47888888888889;10;2,55;2,62;6,4;5,5;6,11;6,4;5,9;3,83
Ivolândia;2018;5,77;10;3,01;2,42;9,3;6,38;4,21;6,3;5,5;4,81
Jandaia;2012;6,39833333333333;;;;6,76;9,64;8,26;4,9;4,3;4,53
Jandaia;2014;5,82333333333333;;;;7,59;9,7;5,85;4,8;4,2;2,8
Jandaia;2016;5,66555555555556;4,62;4,79;2,48;7,97;10;7,04;6,2;4,8;3,09
Jandaia;2018;5,53666666666667;5;4,86;1,24;7,92;10;6,99;6,6;5,3;1,92
Jaraguá;2012;4,81166666666667;;;;4,82;6,86;3,89;5,1;3,9;4,3
Jaraguá;2014;5,12166666666667;;;;4,04;7,16;5,15;5,5;4,1;4,78
Jaraguá;2016;5,18888888888889;6,73;3,57;3,62;4,92;8,32;4,19;6,3;5,1;3,95
Jaraguá;2018;5,19333333333333;6,52;4,05;3,04;6,18;6,2;4,77;6,6;5,5;3,88
Jataí;2012;5,645;;;;6,59;7,81;5,2;5,2;3,9;5,17
Jataí;2014;5,63833333333333;;;;4,89;7,55;7,43;5,2;4,4;4,36
Jataí;2016;5,12888888888889;8,06;4,33;4,75;4,29;5,26;4,42;5,8;5;4,25
Jataí;2018;5,92555555555556;8,56;5,59;4,56;7,79;8,1;4,26;5,8;5,5;3,17
Jaupaci;2012;6,54;;;;6,2;10;9,15;4,9;3,9;5,09
Jaupaci;2014;5,975;;;;7,92;7,77;9,38;5,3;4;1,48
Jaupaci;2016;6,11444444444445;5,71;3,56;3,92;10;9,67;8,91;6,1;5,8;1,36
Jaupaci;2018;6,15666666666667;7,14;4,2;4,44;10;10;3,35;6;5,9;4,38
Jesúpolis;2012;4,33833333333333;;;;3,46;3,57;7,02;5;3,3;3,68
Jesúpolis;2014;6,355;;;;2,68;10;10;6;4;5,45
Jesúpolis;2016;6,67444444444444;7,5;6,66;5,85;5,37;10;10;6,8;5,3;2,59
Jesúpolis;2018;6,54444444444444;10;5,36;4,26;8,91;10;5,75;6,5;6,2;1,92
Joviânia;2012;6,08333333333333;;;;7,87;7,22;7,27;4,7;4;5,44
Joviânia;2014;5,68;;;;5,52;6,6;5,97;5,5;;4,81
Joviânia;2016;5,60666666666667;5,56;5,22;3,83;8,29;7,16;5,3;6,2;5,6;3,3
Joviânia;2018;5,74333333333333;5,65;4,42;2,74;7,53;7,6;7,45;6,2;5,7;4,4
Jussara;2012;5,63666666666667;;;;5,6;7,95;7,95;4,8;3,7;3,82
Jussara;2014;5,6;;;;4,83;7,92;7,54;5,4;4,9;3,01
Jussara;2016;5,92777777777778;6,15;4,54;5,1;4,87;10;7,9;6,1;5,6;3,09
Jussara;2018;6,06777777777778;6,79;4,14;3,74;7,79;10;7,12;6,5;5,6;2,93
Lagoa Santa;2012;5,56;;;;9,58;8,71;4,38;4,9;0;5,79
Lagoa Santa;2014;6,42833333333333;;;;6,82;6,55;10;5,5;5;4,7
Lagoa Santa;2016;6,03875;1,43;5,64;4,38;10;10;7,84;;5,6;3,42
Lagoa Santa;2018;5,95888888888889;1,67;4,88;4,65;10;10;4,81;7,3;5,7;4,62
Leopoldo de Bulhões;2012;5,63;;;;6,11;7,68;7,25;4,5;3,5;4,74
Leopoldo de Bulhões;2014;4,76166666666667;;;;4,28;4,83;5,57;5,7;4,1;4,09
Leopoldo de Bulhões;2016;4,21666666666667;2,67;2,07;3,12;6,02;4,73;5,07;5,2;5;4,07
Leopoldo de Bulhões;2018;5,29444444444444;2,96;2,83;2,55;9,39;9,1;7,92;5,2;5,2;2,5
Luziânia;2012;4,72333333333333;;;;4,15;7,41;5,77;4,1;3,4;3,51
Luziânia;2014;4,86;;;;3,59;7,32;6,45;5;3,6;3,2
Luziânia;2016;5,07222222222222;9,25;5,51;3,1;3,22;5,66;5,96;5,5;4,7;2,75
Luziânia;2018;5,54111111111111;9,2;5,2;3,21;5,05;8,15;5,64;5,7;5,2;2,52
Mairipotaba;2012;6,63833333333333;;;;8,31;9,43;8,1;4,5;3,7;5,79
Mairipotaba;2014;6,62166666666667;;;;5,78;8,6;8,76;5;5;6,59
Mairipotaba;2016;7,18444444444444;8,75;5,1;5,33;9,58;10;8,8;5,8;5;6,3
Mairipotaba;2018;6,78444444444444;5,71;6,11;5,44;10;10;4,63;6;4,9;8,27
Mambaí;2012;5,14166666666667;;;;6,38;6,89;6,5;3,8;3,6;3,68
Mambaí;2014;5,25666666666667;;;;6,14;7,05;5,19;4,6;3,9;4,66
Mambaí;2016;5,52444444444444;8,24;2,75;3,04;5,55;10;6,1;4,6;5;4,44
Mambaí;2018;5,32333333333333;7,65;2,97;5,16;7,16;6,66;5,23;5,1;4,9;3,08
Mara Rosa;2012;5,95166666666667;;;;5,69;8,51;8,22;5,3;3,4;4,59
Mara Rosa;2014;5,46666666666667;;;;6,28;6,71;6,64;5,6;4,1;3,47
Mara Rosa;2016;6,01111111111111;5,45;4,02;4,35;6,97;10;7,57;6;5,5;4,24
Mara Rosa;2018;5,83555555555556;7,5;4,17;5,87;4,63;8,05;6,01;5,8;5,6;4,89
Marzagão;2012;6,19666666666667;;;;8,21;8,86;6,32;5;3,7;5,09
Marzagão;2014;6,73166666666667;;;;7,48;10;8,56;5,1;3,8;5,45
Marzagão;2016;6,53222222222222;8;4,18;5;7,57;9,43;9,15;5,8;4,6;5,06
Marzagão;2018;5,50222222222222;6;2,23;2,79;10;10;3,78;6,5;6,1;2,12
Matrinchã;2012;5,72666666666667;;;;6,41;8,14;8,1;4;3,5;4,21
Matrinchã;2014;6,07166666666667;;;;5,15;8,36;9,1;3,5;4,3;6,02
Matrinchã;2016;4,60666666666667;1,11;2,02;3,1;5,87;7,59;6,19;4,9;5;5,68
Matrinchã;2018;5,24333333333333;5;2,76;2,98;7,74;6,93;7,97;5,2;5,1;3,51
Maurilândia;2012;4,775;;;;7,33;7,81;0;4;3,3;6,21
Maurilândia;2014;5,24166666666667;;;;6,31;5,98;6,62;4,7;3,9;3,94
Maurilândia;2016;4,88;3,16;4,87;3,37;6,21;9,07;4,12;5,5;4,2;3,42
Maurilândia;2018;4,83222222222222;4,55;4,3;4,44;5,73;3,06;6,36;6,3;5,1;3,65
Mimoso de Goiás;2012;5,90166666666667;;;;5,41;9,66;9,86;4,2;3,3;2,98
Mimoso de Goiás;2014;3,865;;;;3,16;7,77;3,06;4,3;2,8;2,1
Mimoso de Goiás;2016;5,35222222222222;6,67;3,16;3,33;6,77;9,2;5,8;4,7;4,3;4,24
Mimoso de Goiás;2018;5,58777777777778;6,67;5,03;3,25;8,96;9,98;4,97;4,8;3,7;2,93
Minaçu;2012;5,93333333333333;;;;6,43;8,79;8,09;4,6;3,3;4,39
Minaçu;2014;5,52666666666667;;;;5,77;6,36;7,79;5,3;4,1;3,84
Minaçu;2016;5,91222222222222;5,69;4,38;3,55;5,48;10;10;6;4,9;3,21
Minaçu;2018;5,07111111111111;5,59;4,6;2,34;8,49;9,19;1,08;6,2;5;3,15
Mineiros;2012;5,125;;;;4,69;7,61;4,66;4,7;3,6;5,49
Mineiros;2014;5,37666666666667;;;;5,05;8,3;6,24;5,5;3,9;3,27
Mineiros;2016;5,90222222222222;7,01;5,01;4,85;5,61;9,78;5,57;6,2;5;4,09
Mineiros;2018;6,92333333333333;8,51;5,81;4,48;9,86;9,82;7,28;6,5;5,7;4,35
Moiporá;2012;5,26166666666667;;;;3,08;9,65;10;4,1;0;4,74
Moiporá;2014;3,7925;;;;3,95;2,57;3,76;;;4,89
Moiporá;2016;6,40857142857143;8;3,6;3,43;3,53;10;10;;;6,3
Moiporá;2018;5,63375;8;3,3;1,88;6,18;5,43;9,17;;6,3;4,81
Monte Alegre de Goiás;2012;4,26;;;;3,94;6,26;3,55;4,2;3,5;4,11
Monte Alegre de Goiás;2014;3,86166666666667;;;;2,73;5,51;3,33;4,9;3,4;3,3
Monte Alegre de Goiás;2016;4,72222222222222;7;1,47;3,01;2,86;10;6,16;4,4;4,6;3
Monte Alegre de Goiás;2018;3,72222222222222;6,43;1,52;2,34;1,85;3,77;5,81;4,6;4,3;2,88
Montes Claros de Goiás;2012;4,645;;;;2,04;9,62;4,88;4,3;4,4;2,63
Montes Claros de Goiás;2014;4,356;;;;4,74;6,59;4,58;;4,4;1,47
Montes Claros de Goiás;2016;6,18875;7,92;2,32;3,6;10;10;7,13;6,1;;2,44
Montes Claros de Goiás;2018;5,11555555555556;7,5;2,61;3,21;7,42;9,48;3,26;6;5,5;1,06
Montividiu;2012;6,29166666666667;;;;7,52;8,64;5,66;4,9;4,4;6,63
Montividiu;2014;6,20333333333333;;;;5,64;9,19;7,14;5,8;4,5;4,95
Montividiu;2016;6,08111111111111;7,42;5,46;2,5;6,39;10;8,62;5,8;4,4;4,14
Montividiu;2018;5,97666666666667;8,93;7,3;1,99;8,47;8,03;4,47;6,1;4,6;3,9
Montividiu do Norte;2012;4,38;;;;2,86;7,19;6,51;4,2;3,1;2,42
Montividiu do Norte;2014;4,565;;;;2,1;5,97;7,02;5;4;3,3
Montividiu do Norte;2016;4,35666666666667;6,67;1,94;2,7;3,44;5,75;6,02;5;4,6;3,09
Montividiu do Norte;2018;3,85777777777778;6,67;2,26;2,77;0,04;5,57;4,63;5,4;5;2,38
Morrinhos;2012;5,39666666666667;;;;5,65;8,17;5,96;4,7;3,1;4,8
Morrinhos;2014;5,23;;;;3,99;6,91;6,99;5,2;3,5;4,79
Morrinhos;2016;4,19;3;3,36;4,78;2,76;3,88;6,33;5,5;4,3;3,8
Morrinhos;2018;5,23666666666667;2;3,73;5,31;6;8,61;5,98;6,6;5,1;3,8
Morro Agudo de Goiás;2012;5,29;;;;3,08;9,65;6,12;4,8;3,7;4,39
Morro Agudo de Goiás;2014;5,95166666666667;;;;7,05;8,46;6,9;4,4;4,2;4,7
Morro Agudo de Goiás;2016;5,29111111111111;1,67;1,44;2,1;10;10;8,7;5,8;4,7;3,21
Morro Agudo de Goiás;2018;4,73111111111111;1,67;1,62;1,97;10;10;3,62;6;5,2;2,5
Mossâmedes;2012;5,92333333333333;;;;6,88;9,33;7,93;5;4,4;2
Mossâmedes;2014;5,53833333333333;;;;6,46;7,11;6,01;5,7;5,3;2,65
Mossâmedes;2016;6,47625;7,14;3,49;3,19;10;10;10;;5,4;2,59
Mossâmedes;2018;6,05888888888889;2,94;4,72;4,08;10;10;7,09;7,1;6,1;2,5
Mozarlândia;2012;4,71666666666667;;;;5,24;7,79;4,39;4,5;3,6;2,78
Mozarlândia;2014;5,14666666666667;;;;3,77;8,25;7,5;4,8;3,7;2,86
Mozarlândia;2016;4,33888888888889;3,89;2,84;3,53;4,56;6,28;6,38;5,2;4,6;1,77
Mozarlândia;2018;5,46444444444444;4;3,47;3,63;8,64;7,06;9,87;5,6;4,9;2,01
Mundo Novo;2012;4,575;;;;4,15;8;5,64;4,5;4;1,16
Mundo Novo;2014;4,60166666666667;;;;3,6;5,12;9,61;4,9;3,6;0,78
Mundo Novo;2016;4,65444444444444;5,45;3,3;2,02;6,67;10;4,35;5,4;4,7;0
Mundo Novo;2018;5,58111111111111;8;5,18;2,25;8,37;9,63;4,94;5,8;4,6;1,46
Mutunópolis;2012;5,08166666666667;;;;4,52;8,96;4,33;5,4;3,6;3,68
Mutunópolis;2014;6,19;;;;5,5;10;9,41;5;4,2;3,03
Mutunópolis;2016;5,69111111111111;4;4,17;3,58;9,04;10;8,67;5,3;4,9;1,56
Mutunópolis;2018;5,54333333333333;6;3,6;2,49;9,69;10;4,97;6,1;5,5;1,54
Nazário;2012;6,10666666666667;;;;8,28;8,97;6,08;4,9;4,2;4,21
Nazário;2014;5,82;;;;7,1;8,38;8,22;5,1;3,7;2,42
Nazário;2016;4,98111111111111;5,56;3,96;2,1;9,3;7,57;4,36;5,7;4,3;1,98
Nazário;2018;5,45888888888889;8,82;4,93;2,5;8,33;6,09;5,27;6,1;4,3;2,79
Nerópolis;2012;5,83166666666667;;;;6,56;8,1;7,75;5;3,9;3,68
Nerópolis;2014;5,58833333333333;;;;5,53;8,44;7,11;5,2;4,4;2,85
Nerópolis;2016;5,75111111111111;8,48;5,52;4,53;4,92;8,17;7,44;5,5;4,8;2,4
Nerópolis;2018;6,43777777777778;9,35;6,3;5,39;8,8;8,43;6,94;5,8;5,1;1,83
Niquelândia;2012;5,44333333333333;;;;4,4;8,06;6,61;4,5;3,6;5,49
Niquelândia;2014;5,05333333333333;;;;4,03;6,86;6,31;5,1;3,9;4,12
Niquelândia;2016;4,96111111111111;7,36;3,06;3,2;4,25;8,35;5,13;5,5;4,9;2,9
Niquelândia;2018;4,28;7,57;3,29;2,19;3,63;3,9;3,29;5,8;5,2;3,65
Nova América;2012;6,15;;;;8,98;9,44;5,7;5,1;4;3,68
Nova América;2014;6,69166666666667;;;;9,31;8,4;7,52;6;5,4;3,52
Nova América;2016;5,65222222222222;0,91;3,51;3,13;10;10;8,91;5,9;5,3;3,21
Nova América;2018;5,31333333333333;1,76;3,62;2,68;10;10;5,46;5,8;6;2,5
Nova Aurora;2012;5,76;;;;10;10;6,08;5,5;0;2,98
Nova Aurora;2014;5,105;;;;6,78;6,28;4,59;5,1;4,7;3,18
Nova Aurora;2016;5,96333333333333;9;7,31;1,14;9,32;7,36;6,85;5,9;4,2;2,59
Nova Aurora;2018;5,02555555555556;3,75;6,53;2,79;5,58;6,8;6,15;6,8;5,1;1,73
Nova Crixás;2012;4,25166666666667;;;;5,17;7,18;3,07;3,6;3,6;2,89
Nova Crixás;2014;3,78666666666667;;;;3,16;4,68;4,65;4,5;3,4;2,33
Nova Crixás;2016;4,49222222222222;7,22;5,06;1,72;3,52;5,53;5,11;4,7;4,5;3,07
Nova Crixás;2018;4,88;8,26;4,54;1,43;6,23;6,51;5,01;5,1;4,4;2,44
Nova Glória;2012;5,98666666666667;;;;6,59;9,31;6,89;4,3;4,3;4,53
Nova Glória;2014;5,025;;;;5,28;6,01;4,82;6;4,1;3,94
Nova Glória;2016;5,61777777777778;6,25;3,26;2,64;8,51;7,4;6,26;6,9;5,1;4,24
Nova Glória;2018;5,27666666666667;6,5;2,67;1,71;9,67;9,02;2,4;6,2;4,9;4,42
Nova Iguaçu de Goiás;2012;5,02166666666667;;;;7,01;6,85;3,19;5,1;4,3;3,68
Nova Iguaçu de Goiás;2014;6,16;;;;8,08;7,25;7,49;5,9;4,3;3,94
Nova Iguaçu de Goiás;2016;6,39333333333333;5;5,45;3,11;9,62;8,59;8,59;6,6;4,9;5,68
Nova Iguaçu de Goiás;2018;6,16777777777778;8,89;6,23;3,42;8,64;10;2,69;6,3;5,3;4,04
Nova Roma;2012;4,42166666666667;;;;5,81;8,17;3,37;4,2;3,4;1,58
Nova Roma;2014;4,835;;;;4,68;5,7;6,65;5,4;3,9;2,68
Nova Roma;2016;4,34555555555556;5;1,67;3,39;4,78;7,58;5,52;4,6;4,8;1,77
Nova Roma;2018;3,71333333333333;5;2,37;3,27;1,11;7,39;4,29;5,2;4,6;0,19
Nova Veneza;2012;5,84333333333333;;;;7,52;8,27;5,86;5,1;4,1;4,21
Nova Veneza;2014;4,81833333333333;;;;4,98;5,7;4,38;5,4;4,7;3,75
Nova Veneza;2016;5,27;8;6,21;3,73;6,8;3,9;4,1;5,3;5,1;4,29
Nova Veneza;2018;5,69777777777778;7,27;5,98;3,27;6,4;6;6,97;5,8;5,5;4,09
Novo Brasil;2012;4,81;;;;2,89;8,81;5,13;5,6;3,8;2,63
Novo Brasil;2014;5,645;;;;6,26;9,47;7,39;4,4;4,3;2,05
Novo Brasil;2016;6,17888888888889;5;3,33;4,74;10;10;8,67;5,6;4,6;3,67
Novo Brasil;2018;5,89222222222222;1,25;4,56;3,8;10;10;8,47;6,2;5,1;3,65
Novo Gama;2012;4,435;;;;4,1;6,24;5,71;4,6;2,7;3,26
Novo Gama;2014;2,15666666666667;;;;0,67;0,95;0,06;4,8;3,1;3,36
Novo Gama;2016;3,78666666666667;7,89;5,57;3,85;2,25;2,09;1,39;4,6;3,8;2,64
Novo Gama;2018;4,23333333333333;8,56;5,48;4,31;4,25;1,93;1,99;5;4,4;2,18
Novo Planalto;2012;3,47666666666667;;;;3,39;2,6;0,23;3,7;4,1;6,84
Novo Planalto;2014;5,09333333333333;;;;3,34;6,56;5,85;4,3;4,3;6,21
Novo Planalto;2016;5,70111111111111;8,33;4,95;3,3;3,81;10;5,94;4,7;4,6;5,68
Novo Planalto;2018;5,80888888888889;3,64;3,88;4,04;9,14;10;6,4;4,9;4,9;5,38
Orizona;2012;6,30666666666667;;;;5,94;9,31;7,8;5,1;4,6;5,09
Orizona;2014;5,01;;;;3,7;6,09;5,31;5,8;4,8;4,36
Orizona;2016;4,97;5,15;3,79;2,76;5,07;7,94;4,35;6,1;5,3;4,27
Orizona;2018;5,26111111111111;5,88;4,5;1,94;9,16;9,61;0,65;6,6;5,6;3,41
Ouro Verde de Goiás;2012;6,58;;;;6,86;8,98;7,7;5,3;3,8;6,84
Ouro Verde de Goiás;2014;6,23166666666667;;;;5,64;7,68;6,98;5,8;4,7;6,59
Ouro Verde de Goiás;2016;6,91555555555556;10;6,96;4,91;10;10;6,65;5,5;4,8;3,42
Ouro Verde de Goiás;2018;6,34666666666667;9;6;3,9;10;10;3,35;6,2;5,4;3,27
Ouvidor;2012;6,07833333333333;;;;7,42;8,92;5,34;5,7;3,3;5,79
Ouvidor;2014;5,66833333333333;;;;7,14;6,35;3,29;5;4,5;7,73
Ouvidor;2016;6,59666666666667;8,24;8,09;5,41;7,56;6,68;5,68;6,5;4,5;6,71
Ouvidor;2018;7,00222222222222;9,47;6,68;6,32;9,14;8,05;5,78;6,9;5,3;5,38
Padre Bernardo;2012;4,205;;;;4,58;6,61;4,51;3,7;3,2;2,63
Padre Bernardo;2014;4,17333333333333;;;;4,23;5,05;5,17;4,2;3,3;3,09
Padre Bernardo;2016;5,11444444444444;4,84;3,16;4,09;4,63;9,54;6,5;4,5;4,2;4,57
Padre Bernardo;2018;5,53111111111111;7,25;4,46;3,78;6,96;5,78;7,03;5;4,6;4,92
Palestina de Goiás;2012;5,84;;;;6,81;8,77;6,58;5;4,2;3,68
Palestina de Goiás;2014;5,37333333333333;;;;6,33;10;4,89;4,8;3,8;2,42
Palestina de Goiás;2016;5,64222222222222;3,33;2,47;4,3;7,99;10;8,77;5,5;5;3,42
Palestina de Goiás;2018;5,31111111111111;8;3,77;3,21;5,54;10;2,24;6;5;4,04
Palmeiras de Goiás;2012;5,08;;;;7,21;7,18;2;4,8;3,8;5,49
Palmeiras de Goiás;2014;5,12333333333333;;;;4,99;6,86;5,72;5,6;4;3,57
Palmeiras de Goiás;2016;5,08;5,71;4,69;3,27;5,4;4,51;6,84;5,5;4,8;5
Palmeiras de Goiás;2018;5,42222222222222;5,48;5,02;3,4;6,51;8,58;3,8;6,2;5;4,81
Palmelo;2012;5,5;;;;8,44;8,2;3,68;4,8;4,2;3,68
Palmelo;2014;3,178;;;;5,18;2,49;0;5,8;;2,42
Palmelo;2016;3,85375;2,86;5,94;3,78;4,98;4,87;2,43;;4,2;1,77
Palmelo;2018;4,35222222222222;2;4,68;2,92;8,19;3,99;4,46;6,1;5,1;1,73
Palminópolis;2012;6,54666666666667;;;;8,65;9,6;7,55;5,3;4,5;3,68
Palminópolis;2014;7,175;;;;10;10;8,5;6,2;4,6;3,75
Palminópolis;2016;6,00555555555555;2,5;3,51;3,33;10;10;10;6,2;5,3;3,21
Palminópolis;2018;6,44;8,18;5,95;0,83;10;10;6,87;7;4,9;4,23
Panamá;2012;5,07833333333333;;;;6,25;8,92;2,72;4,9;4;3,68
Panamá;2014;5,87833333333334;;;;6,38;8,36;9,35;5,1;2,9;3,18
Panamá;2016;4,86777777777778;0;2,7;3,86;7,43;10;6,33;5,9;5;2,59
Panamá;2018;4,77888888888889;3,33;3,75;3,16;6,28;10;0,98;5,8;4,9;4,81
Paranaiguara;2012;5,92833333333333;;;;5,33;9,1;5,51;5,1;3,9;6,63
Paranaiguara;2014;5,15166666666667;;;;4,27;7,16;4,63;5,2;4,2;5,45
Paranaiguara;2016;6,85666666666667;8;5,57;4,32;7,61;10;8,07;6,2;5,4;6,54
Paranaiguara;2018;6,88444444444444;10;6,71;5,68;6,62;5,55;8,39;7;5,7;6,31
Paraúna;2012;4,97333333333333;;;;6,9;8,96;2,1;4,8;3,4;3,68
Paraúna;2014;4,79;;;;4,35;6,7;5,99;5,2;4,4;2,1
Paraúna;2016;4,62555555555556;4,83;2,42;2,78;6,69;5,53;5,79;6,1;4,9;2,59
Paraúna;2018;5,36555555555555;4,5;4,16;2,47;8,05;8,39;5,49;6,1;4,9;4,23
Perolândia;2012;5,80666666666667;;;;5,88;9,37;4,6;4,3;4,2;6,49
Perolândia;2014;6,51333333333333;;;;6,86;10;10;4,5;3,4;4,32
Perolândia;2016;5,53222222222222;3;2,26;3,52;10;10;6,8;5,8;5,2;3,21
Perolândia;2018;5,90444444444444;4,57;6,01;3,2;10;10;2,91;6,6;6,2;3,65
Petrolina de Goiás;2012;5,71166666666667;;;;5,6;8,51;5,67;5,2;3,5;5,79
Petrolina de Goiás;2014;4,62833333333333;;;;3,27;4,45;5,68;5,8;4,2;4,37
Petrolina de Goiás;2016;5,34444444444444;9,29;5,64;3,31;4,03;9,71;1;6,3;4,2;4,62
Petrolina de Goiás;2018;5,47111111111111;10;6,28;3,95;5,05;5,48;4,14;6;4,4;3,94
Pilar de Goiás;2012;4,90166666666667;;;;4,49;8,41;5,88;4,7;3,3;2,63
Pilar de Goiás;2014;4,04833333333333;;;;2,38;6,55;4,31;5,2;3,8;2,05
Pilar de Goiás;2016;4,47111111111111;0;1,96;3,68;6,14;7,91;8,13;4,8;4,1;3,52
Pilar de Goiás;2018;4,83777777777778;2;1,81;1,74;10;10;4,22;5,5;4,9;3,37
Piracanjuba;2012;5,365;;;;7,28;8,07;4,84;4,8;3,8;3,4
Piracanjuba;2014;4,96833333333333;;;;4,78;6,87;5,53;5,5;4,2;2,93
Piracanjuba;2016;4,80555555555556;5;3,19;5,46;6,36;5,21;4,64;6,3;4,5;2,59
Piracanjuba;2018;5,69111111111111;6,44;4,99;4,9;8,05;7,51;4,69;6,2;5;3,44
Piranhas;2012;5,33166666666667;;;;4,42;8,29;4,49;5;4;5,79
Piranhas;2014;5,75166666666667;;;;5,4;7,33;5,59;5,1;4,5;6,59
Piranhas;2016;5,81;8,57;5,17;4,09;5,19;5,7;7,61;5,6;4,8;5,56
Piranhas;2018;6,38111111111111;8,89;5,03;3,54;8,89;9,5;4,87;6,2;5;5,51
Pirenópolis;2012;5,13666666666667;;;;4,64;8,06;4,88;4,5;4;4,74
Pirenópolis;2014;4,73666666666667;;;;2,84;7,11;5,89;4,9;4,2;3,48
Pirenópolis;2016;5,17222222222222;4,59;3,39;3,1;5,1;10;5,73;5,3;4,9;4,44
Pirenópolis;2018;4,84555555555556;3,52;3,88;2,89;7,38;7,85;4,08;5,6;4,9;3,51
Pires do Rio;2012;5,72;;;;6,82;8,02;7,37;4,4;3,5;4,21
Pires do Rio;2014;5,83666666666667;;;;5,85;8,24;7,47;5,3;4;4,16
Pires do Rio;2016;3,39333333333333;3,33;3,57;4,55;3,16;0,62;1,01;5,8;4,5;4
Pires do Rio;2018;5,39777777777778;3,33;3,37;4,27;8,72;8,42;5,38;5,8;5,1;4,19
Planaltina;2012;4,60333333333333;;;;4,36;6,89;6,1;3,7;3,4;3,17
Planaltina;2014;5,02;;;;3,78;8,64;6,27;4,2;3,4;3,83
Planaltina;2016;5,91666666666667;5,83;5,23;4,86;4,68;10;10;5;4;3,65
Planaltina;2018;5,91666666666667;6,14;5,38;4,85;9,92;10;3,99;5,2;4,2;3,57
Pontalina;2012;4,69;;;;6,11;3,36;3,94;5;4,2;5,53
Pontalina;2014;4,96833333333333;;;;4,64;4,98;4,86;5,3;4,2;5,83
Pontalina;2016;5,22555555555556;7;5,33;6,06;3,57;4,54;4,54;5,9;5,3;4,79
Pontalina;2018;5,91444444444444;5,56;5,62;5,49;9,7;7,7;3,71;6;5,6;3,85
Porangatu;2012;4,59166666666667;;;;3,14;8,28;4,38;4,1;3,6;4,05
Porangatu;2014;4,82833333333333;;;;2,97;6,52;6,73;4,9;3,7;4,15
Porangatu;2016;3,93666666666667;3,59;3,2;4,6;3,53;2,76;4;5,1;4,9;3,75
Porangatu;2018;5,08333333333333;3,84;3;3,77;6,47;7,18;7,21;5,5;5,1;3,68
Porteirão;2012;4,24333333333333;;;;7,44;4,86;0,77;3,6;3;5,79
Porteirão;2014;4,415;;;;5,74;7,84;2,29;4,7;3,5;2,42
Porteirão;2016;5,77222222222222;7,5;5,18;2,67;9,31;8,4;5,97;5,7;3,8;3,42
Porteirão;2018;5,98666666666667;10;4,54;0,5;10;10;4,77;6,1;4,7;3,27
Portelândia;2012;4,03666666666667;;;;4,08;7,98;2,68;3,5;3;2,98
Portelândia;2014;6,28333333333333;;;;5,74;8,8;9,82;4,7;4,7;3,94
Portelândia;2016;5,84222222222222;3,33;5,89;4,86;7,38;10;8,33;5,4;4,8;2,59
Portelândia;2018;5,67555555555556;6,67;4,95;3,52;10;10;5,44;5,1;5,4;0
Posse;2012;4,78666666666667;;;;3,4;6,22;5,61;4,7;3,9;4,89
Posse;2014;5,46833333333333;;;;2,9;7,37;7,47;5,7;4,3;5,07
Posse;2016;5,80888888888889;7,69;2,71;4,13;2,81;10;9,14;5,9;5;4,9
Posse;2018;4,84555555555556;3,67;1,98;3,46;6,01;8,36;3,18;6,5;5,6;4,85
Professor Jamil;2012;5,925;;;;6,89;8,79;6,66;5,1;3,9;4,21
Professor Jamil;2014;6,31;;;;8,94;4,94;9,59;5,4;4,1;4,89
Professor Jamil;2016;5,74777777777778;2,86;3,66;4,27;7,99;9,95;8,99;5,7;5,1;3,21
Professor Jamil;2018;5,71666666666667;2,86;3,65;3,75;8,02;10;7,29;6,6;6,2;3,08
Quirinópolis;2012;5,685;;;;4,4;7,56;6,71;5,1;4,3;6,04
Quirinópolis;2014;5,52333333333333;;;;4,67;6,96;5,29;6;4,6;5,62
Quirinópolis;2016;5,38666666666667;6,46;4,72;4,42;5,17;6,24;4,44;6,4;5,2;5,43
Quirinópolis;2018;6,08111111111111;5,53;4,98;4,88;8,2;7,03;6,35;6,7;5,7;5,36
Rialma;2012;6,91;;;;7,66;9,76;8,75;5,4;4,1;5,79
Rialma;2014;3,705;;;;5,14;0,39;2,48;5,9;4;4,32
Rialma;2016;5,13888888888889;4,83;4,43;3,58;10;7,74;1,52;6,4;4,8;2,95
Rialma;2018;4,97111111111111;5,78;5,75;2,95;7,19;1,86;6,91;6,4;5,4;2,5
Rianápolis;2012;5,58666666666667;;;;7,09;8,78;4,64;4,6;4,2;4,21
Rianápolis;2014;5,76833333333333;;;;6,34;6,83;8,49;5,2;4;3,75
Rianápolis;2016;6,11111111111111;5,71;4,65;4,22;8,37;10;7,53;6,2;4,8;3,52
Rianápolis;2018;5,33222222222222;6,25;4,08;3,12;5,56;6,51;5,74;6,8;5,7;4,23
Rio Quente;2012;6,54666666666667;;;;6,84;9,13;8,07;4,6;3,8;6,84
Rio Quente;2014;4,61333333333333;;;;2,3;6,81;3,92;5;4,2;5,45
Rio Quente;2016;5,35333333333333;0;3,76;3,39;8,22;8,36;8,89;5,6;4,9;5,06
Rio Quente;2018;5,37333333333333;0;4,05;4,58;10;8,12;5,15;5,4;5,1;5,96
Rio Verde;2012;5,37833333333334;;;;5,98;7,37;4,6;5,7;4,2;4,42
Rio Verde;2014;5,26166666666667;;;;4,7;6,77;5,38;6;4,4;4,32
Rio Verde;2016;5,01;5,65;5,37;4,22;4,6;4,53;4,52;6,9;5,2;4,1
Rio Verde;2018;5,32888888888889;5,37;5,02;3,39;7,64;5,71;4,24;7,1;5,5;3,99
Rubiataba;2012;6,16833333333333;;;;8,17;9,04;6,22;5,6;4,3;3,68
Rubiataba;2014;5,39833333333333;;;;5,54;7,56;4,16;6,5;5;3,63
Rubiataba;2016;5,59555555555556;5,94;3,03;3,13;6,15;10;5,41;6,7;5,7;4,3
Rubiataba;2018;5,79666666666667;7,56;4,57;1,78;7,6;7,92;5,44;7,2;6;4,1
Sanclerlândia;2012;6,22;;;;7,36;9,49;5,53;5,6;4,6;4,74
Sanclerlândia;2014;5,89;;;;5,61;6,76;6,15;6,2;5;5,62
Sanclerlândia;2016;5,79444444444444;3,64;4,5;3,17;8,43;8,02;7,32;6;5,6;5,47
Sanclerlândia;2018;5,68777777777778;5,36;4,52;2,84;8,59;8,26;4,21;7;5,7;4,71
Santa Bárbara de Goiás;2012;6,15666666666667;;;;7,5;9,49;7,24;5,1;3,4;4,21
Santa Bárbara de Goiás;2014;5,71666666666667;;;;6,99;7,94;6,63;5,2;3,9;3,64
Santa Bárbara de Goiás;2016;5,69;6,67;3,75;2,04;7,32;10;6,55;6,7;4,6;3,58
Santa Bárbara de Goiás;2018;4,84333333333333;4,76;2,99;2,37;8,24;5,31;4,14;6,9;5;3,88
Santa Cruz de Goiás;2012;5,01;;;;6,99;9,3;7,56;0;4,1;2,11
Santa Cruz de Goiás;2014;3,25166666666667;;;;4,11;0,54;4,18;5,3;3,9;1,48
Santa Cruz de Goiás;2016;4,5;1,67;3,89;4,8;6,14;6,89;4,93;5,6;4,6;1,98
Santa Cruz de Goiás;2018;3,78333333333333;2,5;1,8;2,19;4,4;7,85;3,84;5,5;5,2;0,77
Santa Fé de Goiás;2012;5,35666666666667;;;;5,84;8,8;6,02;4,2;3,6;3,68
Santa Fé de Goiás;2014;4,99333333333334;;;;5,55;6,35;6,65;5;3,8;2,61
Santa Fé de Goiás;2016;5,02777777777778;6;3,53;2,71;7,27;7,99;6,07;5,6;4,1;1,98
Santa Fé de Goiás;2018;5,56888888888889;6;4,25;4,06;10;7,18;3,95;6,7;4,9;3,08
Santa Helena de Goiás;2012;5,345;;;;7,03;7,7;4,35;4,9;3,5;4,59
Santa Helena de Goiás;2014;5,51;;;;5,23;8,22;5,55;5,2;4;4,86
Santa Helena de Goiás;2016;5,29333333333333;8,97;6,28;4,57;3,3;5,03;4,92;5,9;4,7;3,97
Santa Helena de Goiás;2018;6,20222222222222;8,18;6,12;4,46;8,51;9,3;4,02;6,1;5,1;4,03
Santa Isabel;2012;5,01;;;;4,32;7,47;4,16;5,8;4,2;4,11
Santa Isabel;2014;4,34166666666667;;;;4,56;4,81;1,3;6;3,7;5,68
Santa Isabel;2016;5,065;5;2,47;1,36;5,17;10;5,14;;5,7;5,68
Santa Isabel;2018;5,30666666666667;6;2,66;3,24;9,52;6,01;3,8;6,3;6;4,23
Santa Rita do Araguaia;2012;4,51666666666667;;;;5,04;5,09;3,74;4,6;4,1;4,53
Santa Rita do Araguaia;2014;3,86;;;;3,73;0,5;4,53;5,5;3,9;5
Santa Rita do Araguaia;2016;4,13888888888889;4,44;3,48;4,57;5,7;1,6;3,29;5,2;4,9;4,07
Santa Rita do Araguaia;2018;4,17555555555556;8;3,37;1,82;3,38;0;5,43;6;5,7;3,88
Santa Rita do Novo Destino;2012;4,86;;;;4,7;6,05;6,43;4,9;4,1;2,98
Santa Rita do Novo Destino;2014;4,86333333333333;;;;4,17;9,22;3,61;5,2;4,1;2,88
Santa Rita do Novo Destino;2016;5,045;7,5;2,38;1,63;5,06;9,23;7,49;;5,3;1,77
Santa Rita do Novo Destino;2018;4,74333333333333;5;3,01;1,37;7,8;7,18;3,9;7;5,7;1,73
Santa Rosa de Goiás;2012;5,63166666666667;;;;4,98;8,49;5,58;5,5;4,5;4,74
Santa Rosa de Goiás;2014;6,39666666666667;;;;5,49;10;6,2;5,4;4,7;6,59
Santa Rosa de Goiás;2016;6,15888888888889;10;3,43;2,81;5,91;10;7,32;5,8;5,1;5,06
Santa Rosa de Goiás;2018;6,20666666666667;10;3,69;1,52;10;10;3,44;6,9;5,5;4,81
Santa Tereza de Goiás;2012;4,60333333333333;;;;3,22;5,76;6,43;4,5;3,6;4,11
Santa Tereza de Goiás;2014;5,28333333333333;;;;5,6;7,68;5,43;4,5;4,1;4,39
Santa Tereza de Goiás;2016;5,06666666666667;5;2,62;3,49;5,91;10;6,24;5,1;5;2,24
Santa Tereza de Goiás;2018;5,4;5,38;2,03;4,08;9,58;8,23;4,74;6,1;5,5;2,96
Santa Terezinha de Goiás;2012;5,44166666666667;;;;7,02;6,35;6,67;4,9;3,5;4,21
Santa Terezinha de Goiás;2014;5,43666666666667;;;;5,39;7,42;5,85;5,6;4,2;4,16
Santa Terezinha de Goiás;2016;5,33;6,52;2,37;2,71;7,2;8,25;7,07;5,5;5;3,35
Santa Terezinha de Goiás;2018;6,11444444444444;6,36;2,93;2,63;10;8,97;9,06;5,9;5,4;3,78
Santo Antônio da Barra;2012;5,18333333333333;;;;7,72;6,55;5,44;4;3;4,39
Santo Antônio da Barra;2014;5,41333333333333;;;;6,51;7,97;5,46;5,1;3,5;3,94
Santo Antônio da Barra;2016;5,04444444444445;0,59;2,55;2,2;9,75;10;7,32;5,6;4,8;2,59
Santo Antônio da Barra;2018;5,98666666666667;7,06;5,09;2,4;9,9;8,69;5,82;6,4;5,1;3,42
Santo Antônio de Goiás;2012;5,92;;;;7,88;7,54;7,06;4,6;3,7;4,74
Santo Antônio de Goiás;2014;5,83333333333333;;;;6,06;9,12;7,14;5,2;4,3;3,18
Santo Antônio de Goiás;2016;5,74;8,42;5,91;2,97;6,46;7,26;7,92;5,4;3,9;3,42
Santo Antônio de Goiás;2018;6,66333333333333;7,37;8,2;4,93;10;9,18;6,29;6,3;5,2;2,5
Santo Antônio do Descoberto;2012;4,915;;;;5,68;7,27;6,36;3,9;3,3;2,98
Santo Antônio do Descoberto;2014;4,54166666666667;;;;5,96;6,09;5,29;3,9;3,8;2,21
Santo Antônio do Descoberto;2016;5,11;5,09;4,63;3,5;5,78;10;6,41;4,4;3,7;2,48
Santo Antônio do Descoberto;2018;5,37666666666667;7,5;5,22;3,98;7,94;7,23;5,39;4,6;4,2;2,33
São Domingos;2012;4,35833333333333;;;;3,94;7,12;4,21;4;3,9;2,98
São Domingos;2014;4,10666666666667;;;;3,82;4,29;2,99;5,3;4,3;3,94
São Domingos;2016;4,34;3,45;2,22;3,05;4,88;9,33;3,33;5;4,8;3
São Domingos;2018;3,67777777777778;4;1,81;2,5;2,95;3,7;5,02;5,4;5,3;2,42
São Francisco de Goiás;2012;4,76;;;;2,61;6,91;3,25;4,8;3,8;7,19
São Francisco de Goiás;2014;5,37;;;;4,28;6,45;5,02;4,9;4,6;6,97
São Francisco de Goiás;2016;6,65777777777778;10;4,52;5,08;2,6;10;8,11;7,1;5,8;6,71
São Francisco de Goiás;2018;6,20555555555556;10;5,38;4,48;5,24;7,42;3,98;7;6;6,35
São João d'Aliança;2012;4,57833333333333;;;;2,52;6,55;5,91;3,6;3,8;5,09
São João d'Aliança;2014;3,125;;;;1,09;0;4,24;4,7;4,1;4,62
São João d'Aliança;2016;4,08555555555556;3,91;2,6;1,3;3,1;4,7;9,17;4,7;4,7;2,59
São João d'Aliança;2018;3,5;3,14;2,26;0,51;4,09;2,56;6,72;4,7;4,9;2,62
São João da Paraúna;2012;5,48666666666667;;;;9,16;8,59;6,53;0;3,9;4,74
São João da Paraúna;2014;5,54166666666667;;;;8,93;6,22;6,18;3,7;3,9;4,32
São João da Paraúna;2016;5,72888888888889;5;5,9;1,67;8,31;10;5,02;5,9;4,7;5,06
São João da Paraúna;2018;6,06222222222222;10;5,5;1,05;10;10;2,38;6,4;5;4,23
São Luis de Montes Belos;2012;5,83333333333333;;;;4,68;9,36;6,86;5,1;3,7;5,3
São Luis de Montes Belos;2014;5,49333333333333;;;;4,2;7,66;7,56;6;4,3;3,24
São Luis de Montes Belos;2016;5,05555555555556;8,63;4,99;4,46;4,37;4,52;4,57;6,2;4,9;2,86
São Luis de Montes Belos;2018;6,16444444444444;8,05;4,83;4,29;7,75;7,67;8,01;6,4;5,3;3,18
São Luiz do Norte;2012;5,05666666666667;;;;6,69;8,83;3,56;5,2;2,9;3,16
São Luiz do Norte;2014;4,7125;;;;4,11;8,85;3,39;;;2,5
São Luiz do Norte;2016;5,93777777777778;10;5,2;3,3;4,5;10;7,55;5,7;4,6;2,59
São Luiz do Norte;2018;6,50111111111111;10;5,81;4,37;8,25;8,66;3,87;6,3;4,9;6,35
São Miguel do Araguaia;2012;4,955;;;;4,66;7,07;5,04;5;3,7;4,26
São Miguel do Araguaia;2014;5,46833333333333;;;;3,79;7,42;7,93;5,5;4,1;4,07
São Miguel do Araguaia;2016;5,90777777777778;8,57;5,5;3,6;4,74;10;5,79;6,2;4,9;3,87
São Miguel do Araguaia;2018;6,25222222222222;7,38;5,38;3,38;8,18;9,69;6,64;6,4;5,3;3,92
São Miguel do Passa Quatro;2012;5,645;;;;7,14;8,32;5,62;4,1;3,6;5,09
São Miguel do Passa Quatro;2014;5,17166666666667;;;;6,78;7,72;4,78;4,6;4,2;2,95
São Miguel do Passa Quatro;2016;5,89444444444445;6;3,06;3,29;7,92;10;7,94;5,5;4,9;4,44
São Miguel do Passa Quatro;2018;5,63777777777778;5,71;3,61;3,15;9,99;10;4,55;4,7;4,8;4,23
São Patrício;2012;5,50333333333334;;;;4,65;8,68;7,31;5;4,4;2,98
São Patrício;2014;4,87;;;;3,73;6,46;5,19;5,6;4,3;3,94
São Patrício;2016;6,38111111111111;10;5,89;2,98;4,7;10;9,24;5,8;5,4;3,42
São Patrício;2018;6,01444444444444;10;5,73;3,21;5,4;8,91;5,61;6,4;5,6;3,27
São Simão;2012;5,445;;;;6,45;7,62;4,55;5,2;3,9;4,95
São Simão;2014;5,99166666666667;;;;6,69;7;7,13;5,5;4,4;5,23
São Simão;2016;5,66333333333333;7,73;4,58;4,62;7,42;6,16;5,42;5,6;4,5;4,94
São Simão;2018;5,86666666666667;4,15;5,43;4,07;9;6,46;7,07;6,4;5,2;5,02
Senador Canedo;2012;4,745;;;;5,2;7,25;5,19;4;3,5;3,33
Senador Canedo;2014;4,65166666666667;;;;3,6;7,55;4,88;4,6;3,6;3,68
Senador Canedo;2016;6,24333333333333;9,18;6,87;4,55;4,41;10;7,5;5,3;4,3;4,08
Senador Canedo;2018;6,42888888888889;8,61;6,6;4,87;8,31;10;6,14;5,6;4,2;3,53
Serranópolis;2012;4,605;;;;4,35;7,47;2,12;4,9;3,7;5,09
Serranópolis;2014;4,46166666666667;;;;4,69;4,85;2,12;6;4,6;4,51
Serranópolis;2016;4,50111111111111;4;3,09;3,09;6,22;5,28;2,89;5,7;5,8;4,44
Serranópolis;2018;4,66333333333333;2,78;2,92;2,69;6,1;6,76;3,84;5,5;6;5,38
Silvânia;2012;5,12166666666667;;;;3,79;7,7;6,79;4,9;4,1;3,45
Silvânia;2014;4,83666666666667;;;;2,71;6;6,38;5,7;4,5;3,73
Silvânia;2016;4,52222222222222;7,25;5,29;5,28;4,96;4,48;0;5,8;4,8;2,84
Silvânia;2018;6,04666666666667;7,65;4,93;4,33;8,09;8,45;6,64;6,1;5,5;2,73
Simolândia;2012;5,33666666666667;;;;5,15;7,79;7,13;3,6;3,4;4,95
Simolândia;2014;5,50333333333333;;;;4,29;7,93;7,42;4,8;4,3;4,28
Simolândia;2016;5,38777777777778;6,67;2,81;2,22;4,8;10;7,75;4,7;5,1;4,44
Simolândia;2018;4,01888888888889;7,14;2,67;1,56;5,35;3,91;1,98;5;5;3,56
Sítio d'Abadia;2012;5,65333333333333;;;;7,39;7,87;7,73;5;3,3;2,63
Sítio d'Abadia;2014;4,054;;;;6,29;5,05;3,82;;4,2;0,91
Sítio d'Abadia;2016;3,63285714285714;5;3,07;0,9;5,05;8,01;3,28;;;0,12
Sítio d'Abadia;2018;4,24888888888889;8;3,97;0,62;3,26;5,07;5,75;5,5;5,3;0,77
Taquaral de Goiás;2012;5,10166666666667;;;;7,08;8,54;2,81;4,8;3,7;3,68
Taquaral de Goiás;2014;5,66;;;;6,35;8,26;5,83;5,1;4,1;4,32
Taquaral de Goiás;2016;6,30666666666667;10;5,39;1,9;6,78;10;9,17;5,5;4,5;3,52
Taquaral de Goiás;2018;6,41555555555556;10;5,42;1,68;10;10;4,52;6;5,6;4,52
Teresina de Goiás;2012;4,83;;;;7,99;7,58;3,43;3,6;3,4;2,98
Teresina de Goiás;2014;4,95166666666667;;;;4,55;6,26;6,85;3,3;3,6;5,15
Teresina de Goiás;2016;4,76888888888889;6,67;1,57;2,95;4,81;7,11;8,62;4,3;4,3;2,59
Teresina de Goiás;2018;3,49222222222222;3,33;0,92;1,53;3,22;6;2,59;4,8;5;4,04
Terezópolis de Goiás;2012;5,26833333333333;;;;6,82;8,65;6,56;4,5;2,8;2,28
Terezópolis de Goiás;2014;5,00666666666667;;;;6,05;8,92;4,44;4,8;3,3;2,53
Terezópolis de Goiás;2016;5,02111111111111;5,83;3,53;5;6,57;8,59;5,34;4,7;4,1;1,53
Terezópolis de Goiás;2018;5,59444444444444;7,65;4,2;4,59;9,5;7,27;6,18;5,4;4,5;1,06
Três Ranchos;2012;6,71833333333333;;;;9,56;10;7,41;5,5;3,1;4,74
Três Ranchos;2014;6,345;;;;10;6,53;5,22;6,7;5,3;4,32
Três Ranchos;2016;5,59;2,73;3,87;2,91;10;10;6,73;6,4;5,9;1,77
Três Ranchos;2018;5,80777777777778;5,83;5,64;1,98;10;10;5,96;6,5;5,4;0,96
Trindade;2012;4,73666666666667;;;;5,48;6,84;4,42;4,6;3,7;3,38
Trindade;2014;4,39333333333333;;;;3,1;6,2;4,45;5;4,1;3,51
Trindade;2016;4,99555555555556;8,35;3,51;3,9;4,02;6,69;5,28;5,6;4,5;3,11
Trindade;2018;5,93555555555555;8,76;5,14;4,5;7,91;7,85;4,32;5,8;5,2;3,94
Trombas;2012;5,14166666666667;;;;2,8;7,43;5,93;5,2;3,7;5,79
Trombas;2014;5,675;;;;4,82;7,63;8,38;4,8;4,1;4,32
Trombas;2016;6,27222222222222;10;6,87;4,19;7,1;10;4,96;5;4,5;3,83
Trombas;2018;5,95;8,33;4,67;2,57;7,52;10;5,82;5,4;5,2;4,04
Turvânia;2012;5,83833333333333;;;;8,32;7,96;6,27;4,8;4;3,68
Turvânia;2014;5,605;;;;7,19;6,94;7,98;5,1;4;2,42
Turvânia;2016;5,92555555555556;8,33;5,29;4,86;8,43;6,4;5,93;6;5,5;2,59
Turvânia;2018;5,79111111111111;7,78;4,77;3,76;10;6,72;4,69;6,3;5,6;2,5
Turvelândia;2012;5,67666666666667;;;;8,23;8,38;4,29;3,9;4;5,26
Turvelândia;2014;6,06166666666667;;;;5,54;10;6,88;4,2;4,3;5,45
Turvelândia;2016;6,18222222222222;5;5,14;3,65;8,42;10;8,47;5,2;4,7;5,06
Turvelândia;2018;5,18777777777778;1,88;5,13;1,79;8,54;9,29;6,63;5,7;4,8;2,93
Uirapuru;2012;4,79833333333333;;;;4,04;7,96;8,69;4,4;3,7;0
Uirapuru;2014;5,342;;;;2,58;9,07;8,03;4,8;;2,23
Uirapuru;2016;5,17444444444444;6,67;4,3;2,14;3,45;10;8,72;4,4;4,3;2,59
Uirapuru;2018;4,66;6,67;4,51;2,62;3,18;10;3,86;5,3;4,8;1
Uruaçu;2012;5,12666666666667;;;;5,51;6,15;6,01;4,8;3,9;4,39
Uruaçu;2014;5,63333333333333;;;;4,95;7,45;7,57;5,1;4,3;4,43
Uruaçu;2016;5,62444444444444;5,16;4,18;4,8;4,44;8,77;8,2;5,8;4,8;4,47
Uruaçu;2018;6,04555555555556;6,25;5,44;4,72;8,27;8,45;5,26;6,4;5,2;4,42
Uruana;2012;5,50666666666667;;;;7,9;5,57;5,24;5,2;4,3;4,83
Uruana;2014;5,49;;;;6,3;7,37;5,21;5,4;3,5;5,16
Uruana;2016;5,35333333333333;2,5;2,82;4,13;6,55;9,71;6;6,2;5,3;4,97
Uruana;2018;6,25111111111111;5,88;3,97;3,3;7,95;8,09;10;6,5;5,6;4,97
Urutaí;2012;6,40166666666667;;;;7,9;7,68;8,64;5;4,1;5,09
Urutaí;2014;5,39;;;;4,3;5,06;10;5,7;4,1;3,18
Urutaí;2016;5,52888888888889;1,18;3,41;6,06;9,83;6,81;10;5,3;5,4;1,77
Urutaí;2018;5,51111111111111;2,86;2,05;6,45;10;7,67;6,27;6,5;5,3;2,5
Valparaíso de Goiás;2012;5,48833333333334;;;;7,25;7,19;7,16;4,3;3,5;3,53
Valparaíso de Goiás;2014;4,44;;;;5,7;5,63;3,44;4,6;3,7;3,57
Valparaíso de Goiás;2016;5;7,28;5,91;4,89;5,27;5,63;4,33;4,9;4,1;2,69
Valparaíso de Goiás;2018;5,68111111111111;7,43;6,15;4,9;8,02;7,43;5,08;5,2;4,4;2,52
Varjão;2012;5,51666666666667;;;;6,52;8,22;7,08;4,1;3,5;3,68
Varjão;2014;6,37833333333334;;;;6,07;9,43;7,76;5,2;3,6;6,21
Varjão;2016;4,67111111111111;2,5;3,31;1,95;5,73;10;7,06;4,2;4,7;2,59
Varjão;2018;5,34888888888889;2;2,19;1,71;9,25;10;10;5,3;5;2,69
Vianópolis;2012;5,95666666666667;;;;7,16;8,74;5,15;5,1;3,8;5,79
Vianópolis;2014;5,52333333333333;;;;3,79;7,69;6,86;5,4;4,9;4,5
Vianópolis;2016;6,06;5,56;5,24;4,09;6,99;8,13;8,07;6;5,4;5,06
Vianópolis;2018;5,93;2,5;5,38;4,44;10;10;4,44;6,4;5,4;4,81
Vicentinópolis;2012;4,96166666666667;;;;6,95;9,22;1,62;4,8;3,5;3,68
Vicentinópolis;2014;5,57833333333333;;;;6,73;9,46;4,58;5,3;4,6;2,8
Vicentinópolis;2016;5,33222222222222;6,92;4,78;3,85;2,7;9,77;6,29;6;5,6;2,08
Vicentinópolis;2018;5,33222222222222;5,38;5,2;3,26;7,81;7,82;3,62;6,7;5,8;2,4
Vila Boa;2012;3,27166666666667;;;;0;6,49;3,83;3,6;3,6;2,11
Vila Boa;2014;4,335;;;;0;8,58;7;4;4,2;2,23
Vila Boa;2016;4,81111111111111;8,33;3,86;2,12;3,55;7,28;6,2;4,6;4,3;3,06
Vila Boa;2018;4,75888888888889;8,33;6,7;0,63;3,62;7,03;4,49;5;4,1;2,93
Vila Propício;2012;5,05333333333333;;;;1,61;7,3;7,67;4,9;4,1;4,74
Vila Propício;2014;5,29;;;;3,05;7,91;8,47;5;3,8;3,51
Vila Propício;2016;4,96222222222222;1,5;2,25;2,66;6,15;9,53;7,95;5,8;5,4;3,42
Vila Propício;2018;4,90222222222222;1,6;3,13;1,53;8,8;10;3,39;7;5,4;3,27
