Localidade;Ano;IDM Trabalho;Empregos formais;Nível de escolaridade dos trabalhadores;Remuneração mediana;Variação do numero de empregos formais
Abadia de Goiás;2012;2,2275;1,17;3,23;1,81;2,7
Abadia de Goiás;2014;3,96;2,9;0,64;2,64;9,66
Abadia de Goiás;2016;3,865;3,33;8,05;1,98;2,1
Abadia de Goiás;2018;3,9125;3,08;7,66;1,7;3,21
Abadiânia;2012;2,1775;1,09;3,37;0,97;3,28
Abadiânia;2014;2,055;1,09;0,63;1,49;5,01
Abadiânia;2016;3,5825;1,55;8,48;1,42;2,88
Abadiânia;2018;3,935;1,59;9,21;1,53;3,41
Acreúna;2012;2,47;1,53;1,76;3,24;3,35
Acreúna;2014;2,7525;1,7;0,49;3,57;5,25
Acreúna;2016;3,295;2,08;6,07;2,8;2,23
Acreúna;2018;3,1875;1,87;5,14;2,66;3,08
Adelândia;2012;1,83;1,06;2,25;0,39;3,62
Adelândia;2014;1,8175;1,13;0,49;0,7;4,95
Adelândia;2016;2,21;1,18;5,36;0,51;1,79
Adelândia;2018;2,86;1,87;3,73;1,48;4,36
Água Fria de Goiás;2012;1,84;1,3;1,8;1,73;2,53
Água Fria de Goiás;2014;2,445;1,52;0,42;2,34;5,5
Água Fria de Goiás;2016;3,1;2,11;5,9;1,71;2,68
Água Fria de Goiás;2018;3,4675;2,2;5,88;2,35;3,44
Água Limpa;2012;1,8575;1,59;1,72;1,75;2,37
Água Limpa;2014;2,4425;1,97;0,34;1,88;5,58
Água Limpa;2016;2,45;2,51;3,79;1,26;2,24
Água Limpa;2018;2,27;2,93;1,92;0,55;3,68
Águas Lindas de Goiás;2012;1,8975;0,35;2,71;1,9;2,63
Águas Lindas de Goiás;2014;2,155;0,39;0,66;2,07;5,5
Águas Lindas de Goiás;2016;3,3675;0,6;8,32;1,42;3,13
Águas Lindas de Goiás;2018;3,285;0,64;8,07;1,02;3,41
Alexânia;2012;2,455;1,27;3,39;1,94;3,22
Alexânia;2014;2,8925;1,87;0,62;2,37;6,71
Alexânia;2016;3,63;2,32;8,12;1,81;2,27
Alexânia;2018;4,0475;2,75;8,16;1,48;3,8
Aloândia;2012;1,9625;0,8;2,59;1,36;3,1
Aloândia;2014;2,2375;1,02;0,41;1,67;5,85
Aloândia;2016;2,83;1,45;5,67;1,71;2,49
Aloândia;2018;2,5725;1,49;4,15;1,32;3,33
Alto Horizonte;2012;5;4,18;3,37;8,57;3,88
Alto Horizonte;2014;5,0875;4,58;0,6;9,66;5,51
Alto Horizonte;2016;5,2625;5,58;7,76;5,42;2,29
Alto Horizonte;2018;4,5425;4,54;7,77;2,91;2,95
Alto Paraíso de Goiás;2012;2,195;1,55;2,84;1,46;2,93
Alto Paraíso de Goiás;2014;2,2375;1,67;0,56;1,58;5,14
Alto Paraíso de Goiás;2016;3,2925;2,24;7,15;1,23;2,55
Alto Paraíso de Goiás;2018;3,5825;2,45;7,01;1,32;3,55
Alvorada do Norte;2012;2,0275;1,04;3,54;0,75;2,78
Alvorada do Norte;2014;2,0525;1,15;0,65;1,17;5,24
Alvorada do Norte;2016;3,1725;1,39;8,46;0,63;2,21
Alvorada do Norte;2018;3,455;1,49;7,62;1,27;3,44
Amaralina;2012;1,6675;0,64;2,24;1,62;2,17
Amaralina;2014;2,065;0,72;0,4;1,89;5,25
Amaralina;2016;2,56;0,75;5,94;1,61;1,94
Amaralina;2018;2,6875;0,86;4,66;1,74;3,49
Americano do Brasil;2012;2,9475;1,6;2,66;4,01;3,52
Americano do Brasil;2014;1,255;0,71;0,63;1,4;2,28
Americano do Brasil;2016;2,835;0,94;7,38;0,47;2,55
Americano do Brasil;2018;2,6625;0,87;6,26;0,46;3,06
Amorinópolis;2012;2,1175;0,99;2,08;2,31;3,09
Amorinópolis;2014;2,375;1,1;0,4;2,99;5,01
Amorinópolis;2016;1,935;0,93;4,81;0,83;1,17
Amorinópolis;2018;2,8125;1,2;4,59;1,8;3,66
Anápolis;2012;2,97;2,75;3,28;2,64;3,21
Anápolis;2014;3,0575;3,03;0,61;3,28;5,31
Anápolis;2016;4,1825;3,77;8,28;2,43;2,25
Anápolis;2018;4,3775;3,54;8,16;2,6;3,21
Anhanguera;2012;2,3825;1,76;2,88;2,69;2,2
Anhanguera;2014;2,44;1,75;0,54;2,7;4,77
Anhanguera;2016;3,295;2,06;6,57;2,49;2,06
Anhanguera;2018;3,4175;2,03;5,52;2,79;3,33
Anicuns;2012;2,4525;1,85;1,82;2,7;3,44
Anicuns;2014;2,45;1,83;0,37;2,82;4,78
Anicuns;2016;2,6275;2,02;5,04;1,61;1,84
Anicuns;2018;2,46;1,82;3,62;1,34;3,06
Aparecida de Goiânia;2012;2,6675;2,57;2,52;2,15;3,43
Aparecida de Goiânia;2014;2,7625;2,65;0,5;2,82;5,08
Aparecida de Goiânia;2016;3,365;2,87;6,71;1,99;1,89
Aparecida de Goiânia;2018;3,68;2,77;6,52;2,12;3,31
Aparecida do Rio Doce;2012;4,105;3,73;2,45;3,19;7,05
Aparecida do Rio Doce;2014;2,625;2,9;0,41;3,45;3,74
Aparecida do Rio Doce;2016;3,2175;3,76;4,81;1,95;2,35
Aparecida do Rio Doce;2018;3,3375;4,24;4,16;1,34;3,61
Aporé;2012;2,6;3,06;1,21;3,38;2,75
Aporé;2014;3,3375;3,29;0,27;4,68;5,11
Aporé;2016;2,595;3,19;2,62;3,15;1,42
Aporé;2018;2,7675;3,71;0,04;3,6;3,72
Araçu;2012;1,0275;0,28;2,11;0,89;0,83
Araçu;2014;3,05;1,12;0,29;0,79;10
Araçu;2016;2,1425;1,23;4,62;0,85;1,87
Araçu;2018;2,78;1,57;5,02;0,76;3,77
Aragarças;2012;2,3175;0,61;3,18;1,8;3,68
Aragarças;2014;1,6275;0,4;0,63;1,76;3,72
Aragarças;2016;3,175;0,6;7,84;1,42;2,84
Aragarças;2018;3,3575;0,69;7,56;1,74;3,44
Aragoiânia;2012;2,0875;1,04;2,32;1,57;3,42
Aragoiânia;2014;2,3275;1,2;0,45;2,18;5,48
Aragoiânia;2016;2,93;1,36;6,54;1,78;2,04
Aragoiânia;2018;2,655;1,16;5,22;1,24;3
Araguapaz;2012;1,9075;0,69;2,26;1,85;2,83
Araguapaz;2014;2,3975;0,92;0,5;2,34;5,83
Araguapaz;2016;2,92;1,16;6,64;1,57;2,31
Araguapaz;2018;2,8275;1,26;4,87;1,74;3,44
Arenópolis;2012;2,3175;1,28;2,86;1,74;3,39
Arenópolis;2014;3,3125;2,38;0,43;3,1;7,34
Arenópolis;2016;2,755;2,38;5,23;2,06;1,35
Arenópolis;2018;3,1675;2,65;4,48;2,12;3,42
Aruanã;2012;2,13;1,44;1,87;2,19;3,02
Aruanã;2014;2,4775;1,31;0,38;3,56;4,66
Aruanã;2016;2,5525;1,34;5,18;1,86;1,83
Aruanã;2018;2,78;1,51;3,37;2,61;3,63
Aurilândia;2012;2,4475;0,94;2,83;0,96;5,06
Aurilândia;2014;2,0875;1,03;0,53;1,86;4,93
Aurilândia;2016;2,9825;1,17;7,63;1,34;1,79
Aurilândia;2018;2,65;1,36;4,1;1,7;3,44
Avelinópolis;2012;2,0725;1,82;1,53;1,36;3,58
Avelinópolis;2014;2,2175;1,87;0,31;1,87;4,82
Avelinópolis;2016;2,505;2,48;4,35;0,82;2,37
Avelinópolis;2018;1,8575;2,03;2,2;0,39;2,81
Baliza;2012;2,0875;0,5;2,5;2,78;2,57
Baliza;2014;1,9575;0,4;0,5;2,34;4,59
Baliza;2016;2,6625;0,5;5,61;1,87;2,67
Baliza;2018;2,375;0,44;3,89;2,09;3,08
Barro Alto;2012;3,9475;3,07;3,36;5,82;3,54
Barro Alto;2014;4,0775;3,55;0,66;6,43;5,67
Barro Alto;2016;4,7275;3,98;8,22;4,72;1,99
Barro Alto;2018;4,9475;4,18;8,37;3,65;3,59
Bela Vista de Goiás;2012;2,235;1,68;1,99;1,94;3,33
Bela Vista de Goiás;2014;2,64;1,95;0,46;2,6;5,55
Bela Vista de Goiás;2016;3,41;2,58;6,53;1,99;2,54
Bela Vista de Goiás;2018;3,5475;2,69;5,92;2,13;3,45
Bom Jardim de Goiás;2012;2,065;0,73;2,93;1,57;3,03
Bom Jardim de Goiás;2014;1,865;0,56;0,54;2,29;4,07
Bom Jardim de Goiás;2016;3,145;0,91;7,07;1,57;3,03
Bom Jardim de Goiás;2018;3,1075;0,9;6,61;1,74;3,18
Bom Jesus de Goiás;2012;2,19;1,35;1,55;2,97;2,89
Bom Jesus de Goiás;2014;2,83;1,55;0,35;3,98;5,44
Bom Jesus de Goiás;2016;2,755;1,89;4,49;2,36;2,28
Bom Jesus de Goiás;2018;2,5225;1,72;3,05;2,2;3,12
Bonfinópolis;2012;2,14;1,09;1,39;1,94;4,14
Bonfinópolis;2014;1,8625;0,81;0,42;2,27;3,95
Bonfinópolis;2016;2,72;0,74;6,27;2,16;1,71
Bonfinópolis;2018;2,7325;0,87;5,22;1,24;3,6
Bonópolis;2012;2,16;1,32;1,93;2,4;2,99
Bonópolis;2014;2,5575;1,37;0,34;3,43;5,09
Bonópolis;2016;2,8225;1,83;4,35;2,43;2,68
Bonópolis;2018;2,6675;1,81;2,52;2,95;3,39
Brazabrantes;2012;2,5725;1,84;3,1;1,81;3,54
Brazabrantes;2014;2,245;1,79;0,52;1,92;4,75
Brazabrantes;2016;2,8325;2,2;5,74;1,1;2,29
Brazabrantes;2018;3,3925;1,81;7,18;1,68;2,9
Britânia;2012;1,97;1,31;1,37;2,19;3,01
Britânia;2014;2,2675;1,25;0,29;2,91;4,62
Britânia;2016;2,6525;1,73;4,23;2,06;2,59
Britânia;2018;2,38;1,95;1,86;2,12;3,59
Buriti Alegre;2012;2,415;2,43;1,9;2,51;2,82
Buriti Alegre;2014;2,635;2,6;0,38;2,54;5,02
Buriti Alegre;2016;3,2;3,3;4,88;2,33;2,29
Buriti Alegre;2018;3,03;3,4;3,21;2,12;3,39
Buriti de Goiás;2012;2,22;1,86;1,52;0,52;4,98
Buriti de Goiás;2014;1,9425;1,87;0,49;0,69;4,72
Buriti de Goiás;2016;2,2625;1,94;4,8;0,65;1,66
Buriti de Goiás;2018;2,98;2,34;5,94;0,05;3,59
Buritinópolis;2012;2,805;0,67;3,04;0;7,51
Buritinópolis;2014;1,9175;0,93;0,63;0;6,11
Buritinópolis;2016;2,8775;1,12;8,18;0;2,21
Buritinópolis;2018;3,535;0,88;8,24;2,23;2,79
Cabeceiras;2012;2,31;1,45;1,9;1,46;4,43
Cabeceiras;2014;2,1275;1,16;0,44;2,91;4
Cabeceiras;2016;2,9225;1,48;5,71;2,07;2,43
Cabeceiras;2018;2,88;1,48;5,02;1,74;3,28
Cachoeira Alta;2012;2,3525;1,27;2,49;3,59;2,06
Cachoeira Alta;2014;3,395;2,04;0,4;4,11;7,03
Cachoeira Alta;2016;3,1275;2,46;5,08;2,78;2,19
Cachoeira Alta;2018;3,23;2,48;4,39;2,68;3,37
Cachoeira de Goiás;2012;2,1475;2,34;1,26;3,07;1,92
Cachoeira de Goiás;2014;3,4;3,33;0,31;3,66;6,3
Cachoeira de Goiás;2016;2,9;3,31;5,11;1,74;1,44
Cachoeira de Goiás;2018;2,785;2,51;4,04;1,94;2,65
Cachoeira Dourada;2012;2,325;1,36;2,29;3,25;2,4
Cachoeira Dourada;2014;3,285;1,78;0,55;4,92;5,89
Cachoeira Dourada;2016;4,41;3,36;5,61;5,01;3,66
Cachoeira Dourada;2018;4,5825;3,84;4,99;5,86;3,64
Caçu;2012;3,5575;2,97;1,88;5,01;4,37
Caçu;2014;3,3425;2,61;0,33;6,12;4,31
Caçu;2016;3,5;3,2;5,37;3,15;2,28
Caçu;2018;3,62;3,39;4,41;3,15;3,53
Caiapônia;2012;2,1625;0,94;1,88;2,5;3,33
Caiapônia;2014;2,7425;1,06;0,39;4,16;5,36
Caiapônia;2016;3;1,4;5,08;3,03;2,49
Caiapônia;2018;3,12;1,47;4,49;3,13;3,39
Caldas Novas;2012;2,58;2,57;2,27;1,9;3,58
Caldas Novas;2014;2,81;2,9;0,45;2,39;5,5
Caldas Novas;2016;3,5475;3,89;5,94;1,74;2,62
Caldas Novas;2018;3,6325;3,89;5,35;1,88;3,41
Caldazinha;2012;1,77;1,05;1,84;1,55;2,64
Caldazinha;2014;2,03;0,96;0,38;2,22;4,56
Caldazinha;2016;2,1825;0,95;4,74;1,29;1,75
Caldazinha;2018;2,6675;1,37;3,93;1,31;4,06
Campestre de Goiás;2012;2,0875;1,23;2,01;1,94;3,17
Campestre de Goiás;2014;2,085;1,16;0,45;2,05;4,68
Campestre de Goiás;2016;2,25;1,1;4,47;1,92;1,51
Campestre de Goiás;2018;2,8625;1,31;4,6;1,89;3,65
Campinaçu;2012;2,055;0,89;2,62;1,61;3,1
Campinaçu;2014;2,06;0,95;0,47;1,76;5,06
Campinaçu;2016;2,4925;1,01;5,8;1,33;1,83
Campinaçu;2018;1,4675;0;4,74;0,61;0,52
Campinorte;2012;1,8;1,01;3,03;1,43;1,73
Campinorte;2014;2,0725;1,06;0,53;1,61;5,09
Campinorte;2016;2,9725;1,26;7,21;1,25;2,17
Campinorte;2018;2,95;1,18;6,16;1,32;3,14
Campo Alegre de Goiás;2012;2,32;2,05;1,82;3,52;1,89
Campo Alegre de Goiás;2014;3,015;2,22;0,31;4,33;5,2
Campo Alegre de Goiás;2016;3,055;2,78;4,2;2,91;2,33
Campo Alegre de Goiás;2018;3,0025;2,9;2,76;2,84;3,51
Campo Limpo de Goiás;2012;2,24;1,41;2,3;1,86;3,39
Campo Limpo de Goiás;2014;1,805;1,08;0,43;1,81;3,9
Campo Limpo de Goiás;2016;3,0475;1,92;5,23;1,45;3,59
Campo Limpo de Goiás;2018;2,9375;2,32;4,41;1,2;3,82
Campos Belos;2012;2,415;1,13;3,34;1,81;3,38
Campos Belos;2014;2,2775;1,21;0,6;2,22;5,08
Campos Belos;2016;3,2525;1,5;7,82;1,42;2,27
Campos Belos;2018;3,3925;1,45;7,72;1,19;3,21
Campos Verdes;2012;2,4375;1;2,8;0,78;5,17
Campos Verdes;2014;1,9275;1,41;0,5;0,2;5,6
Campos Verdes;2016;2,66;1,43;6,9;1,04;1,27
Campos Verdes;2018;3,4125;1,72;8,08;0,59;3,26
Carmo do Rio Verde;2012;2,2275;1,34;3,02;1,44;3,11
Carmo do Rio Verde;2014;2,1675;1,27;0,6;2,1;4,7
Carmo do Rio Verde;2016;3,32;1,44;8,05;1,74;2,05
Carmo do Rio Verde;2018;3,4725;1,53;6,99;1,94;3,43
Castelândia;2012;2,0125;0,88;1,86;2,02;3,29
Castelândia;2014;2,3275;1,04;0,32;2,63;5,32
Castelândia;2016;2,36;1,11;4,4;2,15;1,78
Castelândia;2018;2,57;1,27;4,02;1,52;3,47
Catalão;2012;3,285;2,71;3,46;3,71;3,26
Catalão;2014;3,4125;2,98;0,66;4,68;5,33
Catalão;2016;4,2275;3,47;8,46;2,91;2,07
Catalão;2018;4,51;3,27;8,53;3,03;3,21
Caturaí;2012;1,9125;0,75;1,75;2,05;3,1
Caturaí;2014;2,2;0,75;0,43;2,74;4,88
Caturaí;2016;2,4675;0,87;5,25;1,57;2,18
Caturaí;2018;2,635;1,15;4,06;1,58;3,75
Cavalcante;2012;1,8875;1,16;2,38;1,31;2,7
Cavalcante;2014;1,9825;1,09;0,53;1,71;4,6
Cavalcante;2016;2,805;1,2;6,8;1,21;2,01
Cavalcante;2018;2,945;1,18;5,99;1,37;3,24
Ceres;2012;2,6675;1,97;3,52;1,94;3,24
Ceres;2014;2,6425;2,33;0,64;2,05;5,55
Ceres;2016;4,0025;3,14;8,76;1,61;2,5
Ceres;2018;4,2525;3,09;8,75;1,9;3,27
Cezarina;2012;2,895;2,11;3,14;3,06;3,27
Cezarina;2014;2,3025;1,77;0,56;2,79;4,09
Cezarina;2016;3,545;2,36;7,41;1,85;2,56
Cezarina;2018;3,5975;2,24;6,81;2,12;3,22
Chapadão do Céu;2012;4,915;6,01;1,16;8,56;3,93
Chapadão do Céu;2014;5,4375;6,22;0,3;10;5,23
Chapadão do Céu;2016;5,07;7,43;4,3;6,3;2,25
Chapadão do Céu;2018;5,37;7,39;3,27;7,33;3,49
Cidade Ocidental;2012;2,355;0,55;3;2,25;3,62
Cidade Ocidental;2014;2,175;0,58;0,61;2,35;5,16
Cidade Ocidental;2016;3,205;0,63;8,34;1,65;2,2
Cidade Ocidental;2018;3,3725;0,73;7,43;1,8;3,53
Cocalzinho de Goiás;2012;2,155;0,72;2,25;2,32;3,33
Cocalzinho de Goiás;2014;2,43;0,78;0,46;3,28;5,2
Cocalzinho de Goiás;2016;2,895;0,96;6,38;1,87;2,37
Cocalzinho de Goiás;2018;2,915;0,94;5,64;1,85;3,23
Colinas do Sul;2012;1,2425;1,12;0,8;0,28;2,77
Colinas do Sul;2014;1,9425;0,96;0,14;2,34;4,33
Colinas do Sul;2016;1,615;1,11;1,61;1,68;2,06
Colinas do Sul;2018;3,4675;1,05;6,77;2,94;3,11
Córrego do Ouro;2012;2,015;1,41;2,38;1,1;3,17
Córrego do Ouro;2014;2,0175;1,48;0,32;1,34;4,93
Córrego do Ouro;2016;2,605;1,95;5,27;0,9;2,3
Córrego do Ouro;2018;2,735;2,25;4,21;0,92;3,56
Corumbá de Goiás;2012;1,5;0,88;1,76;1,29;2,07
Corumbá de Goiás;2014;2,115;0,97;0,37;1,97;5,15
Corumbá de Goiás;2016;2,44;1,11;4,98;1,57;2,1
Corumbá de Goiás;2018;2,715;1,39;4;1,74;3,73
Corumbaíba;2012;2,3475;2,49;1,75;2,15;3
Corumbaíba;2014;2,6;2,52;0,34;2,59;4,95
Corumbaíba;2016;2,955;3,17;4,71;1,6;2,34
Corumbaíba;2018;3,1675;3,72;3,26;1,92;3,77
Cristalina;2012;2,81;2,42;1,59;2,93;4,3
Cristalina;2014;2,9525;2,63;0,33;3,54;5,31
Cristalina;2016;3,27;3,24;4,91;2,59;2,34
Cristalina;2018;3,1175;3,22;3,21;2,62;3,42
Cristianópolis;2012;2,0325;1,81;1,48;1,49;3,35
Cristianópolis;2014;2,165;2,06;0,33;1;5,27
Cristianópolis;2016;2,3425;2,32;4,29;0,8;1,96
Cristianópolis;2018;2,5325;2,24;2,98;1,74;3,17
Crixás;2012;4,15;2,47;3,27;7,3;3,56
Crixás;2014;3,8425;2,65;0,59;7,03;5,1
Crixás;2016;4,015;3,57;7,28;2,68;2,53
Crixás;2018;4,47;3;7,2;4,78;2,9
Cromínia;2012;2,26;0,88;3,37;1,81;2,98
Cromínia;2014;2,255;1,25;0,45;1,17;6,15
Cromínia;2016;2,7075;1,64;5,95;0,86;2,38
Cromínia;2018;2,1775;1,81;2,38;1,06;3,46
Cumari;2012;2,46;1,39;2,6;2,21;3,64
Cumari;2014;2,5325;1,55;0,55;2,81;5,22
Cumari;2016;2,5;1,31;5,59;2,01;1,09
Cumari;2018;2,7175;1,27;4,64;1,83;3,13
Damianópolis;2012;1,3825;0,63;2,23;0;2,67
Damianópolis;2014;1,545;0,67;0,51;0;5
Damianópolis;2016;2,4925;0,81;6,64;0,3;2,22
Damianópolis;2018;2,8275;0,89;6,86;0,18;3,38
Damolândia;2012;1,96;1;2,44;1,69;2,71
Damolândia;2014;2,2475;1;0,48;2,75;4,76
Damolândia;2016;2,9775;1,55;6,17;1,2;2,99
Damolândia;2018;1,83;1,1;2,59;1,07;2,56
Davinópolis;2012;2,3075;1,55;2,59;2,04;3,05
Davinópolis;2014;3,145;2,38;0,71;2,83;6,66
Davinópolis;2016;3,9225;2,73;9,02;2,03;1,91
Davinópolis;2018;4,22;3;8,61;1,74;3,53
Diorama;2012;1,9875;0,84;2,37;2,11;2,63
Diorama;2014;2,45;1,08;0,51;2,47;5,74
Diorama;2016;2,8925;1,28;6,66;1,55;2,08
Diorama;2018;3,03;1,23;5,89;1,87;3,13
Divinópolis de Goiás;2012;2,3375;0,72;2,96;2,28;3,39
Divinópolis de Goiás;2014;2,125;0,68;0,87;2,34;4,61
Divinópolis de Goiás;2016;2,4925;0,99;4,7;1,55;2,73
Divinópolis de Goiás;2018;2,7675;0,8;6,32;1,19;2,76
Doverlândia;2012;1,93;1,17;1,52;1,93;3,1
Doverlândia;2014;2,1275;1,13;0,28;2,66;4,44
Doverlândia;2016;2,5425;1,67;3,81;1,95;2,74
Doverlândia;2018;2,0375;1,65;1,23;2,08;3,19
Edealina;2012;2,02;1,49;2,14;1,95;2,5
Edealina;2014;3,1275;1,88;1,74;3,28;5,61
Edealina;2016;4,84;4,39;5,85;4,4;4,72
Edealina;2018;3,19;2,49;5,08;3,15;2,04
Edéia;2012;3,185;2,4;2,47;4,41;3,46
Edéia;2014;3,765;2,96;0,08;6,18;5,84
Edéia;2016;4,1175;4,02;5,45;4,42;2,58
Edéia;2018;4,1125;3,67;5,3;4,34;3,14
Estrela do Norte;2012;2,655;1,62;2,24;2,75;4,01
Estrela do Norte;2014;1,995;1,3;0,48;2,29;3,91
Estrela do Norte;2016;2,5825;1,44;5,37;1,57;1,95
Estrela do Norte;2018;2,585;1,19;4,63;1,7;2,82
Faina;2012;1,98;0,99;2,67;0,58;3,68
Faina;2014;1,87;1,04;0,4;1,32;4,72
Faina;2016;2,0575;1,22;4,04;0,92;2,05
Faina;2018;2,5125;1,25;4,18;1,31;3,31
Fazenda Nova;2012;1,675;0,98;2,35;0,63;2,74
Fazenda Nova;2014;2,1425;1,14;0,84;1,31;5,28
Fazenda Nova;2016;2,41;1,39;5,41;0,76;2,08
Fazenda Nova;2018;2,415;1,44;4,32;0,67;3,23
Firminópolis;2012;1,885;0,52;2,47;1,25;3,3
Firminópolis;2014;2,2525;0,67;0,48;2,11;5,75
Firminópolis;2016;3,2975;0,9;8,46;1,25;2,58
Firminópolis;2018;3,3475;0,91;8,23;1,01;3,24
Flores de Goiás;2012;1,8125;0,54;2,42;1,95;2,34
Flores de Goiás;2014;4,5725;0,6;10;2,31;5,38
Flores de Goiás;2016;2,7;0,62;6,39;1,68;2,11
Flores de Goiás;2018;2,875;0,69;4,89;2,36;3,56
Formosa;2012;2,5175;1,33;3,43;1,89;3,42
Formosa;2014;2,35;1,5;0;2,45;5,45
Formosa;2016;3,41;1,78;7,95;1,7;2,21
Formosa;2018;3,585;1,93;7,12;1,74;3,55
Formoso;2012;2,0325;0,63;3;1,91;2,59
Formoso;2014;2,055;0,67;0,38;2,22;4,95
Formoso;2016;2,7175;0,89;6,02;1,57;2,39
Formoso;2018;2,735;0,97;5,19;1,48;3,3
Gameleira de Goiás;2012;2;1,12;1,67;2,13;3,08
Gameleira de Goiás;2014;2,625;1,38;0,49;2,86;5,77
Gameleira de Goiás;2016;3,1475;1,65;6,76;2;2,18
Gameleira de Goiás;2018;3,145;1,97;5,03;1,79;3,79
Goianápolis;2012;2,3025;0,74;2,64;1,95;3,88
Goianápolis;2014;2,315;0,8;0,48;2,92;5,06
Goianápolis;2016;2,97;1,21;6,14;1,65;2,88
Goianápolis;2018;3,24;1,66;5,52;1,8;3,98
Goiandira;2012;2,0825;0,88;2,68;1,98;2,79
Goiandira;2014;2,35;1,03;0,54;2,46;5,37
Goiandira;2016;2,93;1,24;6,49;1,86;2,13
Goiandira;2018;2,97;1,32;5,45;1,74;3,37
Goianésia;2012;2,5125;1,88;2,69;1,94;3,54
Goianésia;2014;2,6025;2;0,51;2,81;5,09
Goianésia;2016;3,4;2,68;6,64;1,71;2,57
Goianésia;2018;3,5;2,92;5,61;1,9;3,57
Goiânia;2012;3,6825;4,66;3,25;3,57;3,25
Goiânia;2014;3,6975;4,86;0,64;4,26;5,03
Goiânia;2016;4,9275;5,79;8,87;2,99;2,06
Goiânia;2018;5,2275;5,68;8,88;3,03;3,32
Goianira;2012;2,3325;1,41;2,4;2;3,52
Goianira;2014;2,74;1,73;0,5;2,91;5,82
Goianira;2016;3,11;1,97;6,52;1,85;2,1
Goianira;2018;3,18;1,85;5,58;2,03;3,26
Goiás;2012;1,9125;1,2;2,49;1,81;2,15
Goiás;2014;2,6175;1,65;0,5;2,3;6,02
Goiás;2016;2,4125;1,65;4,93;1,57;1,5
Goiás;2018;3,24;2,03;5,28;1,92;3,73
Goiatuba;2012;2,74;2,78;1,87;3,34;2,97
Goiatuba;2014;3,2675;2,94;0,39;4,73;5,01
Goiatuba;2016;3,4575;3,54;5,02;3,18;2,09
Goiatuba;2018;3,5325;3,86;3,12;3,61;3,54
Gouvelândia;2012;1,885;1,04;1,37;1,96;3,17
Gouvelândia;2014;2,1675;1,06;0,3;2,34;4,97
Gouvelândia;2016;2,185;1,18;3,43;2,09;2,04
Gouvelândia;2018;2,0825;1,48;1,19;1,86;3,8
Guapó;2012;2,1225;0,92;2,44;2,06;3,07
Guapó;2014;2,0925;0,93;0,51;2,02;4,91
Guapó;2016;2,8875;1,1;6,75;1,57;2,13
Guapó;2018;3,2925;1,34;7,1;1,04;3,69
Guaraíta;2012;2,22;0,8;2,76;2,46;2,86
Guaraíta;2014;2,335;0,98;0,51;2,45;5,4
Guaraíta;2016;3,0575;1,15;7,24;1,82;2,02
Guaraíta;2018;3,285;1,46;6,24;1,83;3,61
Guarani de Goiás;2012;1,905;0,7;2,61;1,16;3,15
Guarani de Goiás;2014;1,3275;0,59;0,53;0;4,19
Guarani de Goiás;2016;2,78;0,69;6,87;1,42;2,14
Guarani de Goiás;2018;3,13;1,29;5,8;0,92;4,51
Guarinos;2012;1,7225;0,86;1,52;0,82;3,69
Guarinos;2014;1,6775;0,9;0,31;0,79;4,71
Guarinos;2016;2,2575;1,21;4,31;1,2;2,31
Guarinos;2018;2,46;1,31;4,38;0,81;3,34
Heitoraí;2012;1,77;0,94;2,35;0,72;3,07
Heitoraí;2014;1,7825;0,99;0,55;0,78;4,81
Heitoraí;2016;2,915;1,2;8,07;0,16;2,23
Heitoraí;2018;2,1425;1,22;3,67;0,27;3,41
Hidrolândia;2012;2,385;1,78;1,87;2,31;3,58
Hidrolândia;2014;2,6725;2,01;0,36;2,91;5,41
Hidrolândia;2016;3,1175;2,77;4,96;1,99;2,75
Hidrolândia;2018;3,14;3,03;3,88;2,01;3,64
Hidrolina;2012;1,6775;1,06;2,41;0,47;2,77
Hidrolina;2014;1,655;1,01;0,39;0,7;4,52
Hidrolina;2016;2,115;1,01;5,23;0,63;1,59
Hidrolina;2018;2,3175;1,2;3,96;0,59;3,52
Iaciara;2012;2,4675;0,9;3,12;2,37;3,48
Iaciara;2014;2,1525;0,91;0,5;2,29;4,91
Iaciara;2016;2,92;1,06;6,34;2,12;2,16
Iaciara;2018;3,165;1,07;6,17;2,12;3,3
Inaciolândia;2012;3,2625;1,87;1,9;4,56;4,72
Inaciolândia;2014;2,4525;1,33;0,32;4,68;3,48
Inaciolândia;2016;2,9875;1,64;4,96;3,14;2,21
Inaciolândia;2018;2,6425;1,43;4,29;1,86;2,99
Indiara;2012;2,6325;1,48;2,27;2,53;4,25
Indiara;2014;3,35;2,04;0,38;4,68;6,3
Indiara;2016;3,06;2,2;5,97;2,22;1,85
Indiara;2018;3,73;2,46;6,4;2,45;3,61
Inhumas;2012;2,195;1,98;1,83;1,76;3,21
Inhumas;2014;2,285;2;0,39;1,93;4,82
Inhumas;2016;2,835;2,48;5,1;1,52;2,24
Inhumas;2018;2,91;2,66;3,96;1,54;3,48
Ipameri;2012;2,3525;1,94;1,63;2,65;3,19
Ipameri;2014;2,5175;1,94;0,32;3;4,81
Ipameri;2016;2,715;2,42;3,98;2,2;2,26
Ipameri;2018;2,6825;2,52;2,52;2,27;3,42
Ipiranga de Goiás;2012;2,2325;0,88;3,96;1,12;2,97
Ipiranga de Goiás;2014;2,435;1,31;0,66;1,45;6,32
Ipiranga de Goiás;2016;3,195;1,57;8,17;0,85;2,19
Ipiranga de Goiás;2018;3,4125;1,52;7,64;1,35;3,14
Iporá;2012;2,3275;1;3,41;1,79;3,11
Iporá;2014;2,46;1,24;0,64;2,34;5,62
Iporá;2016;3,5;1,7;8,18;1,61;2,51
Iporá;2018;3,8325;1,97;7,6;2,16;3,6
Israelândia;2012;1,375;0,71;1,72;1,09;1,98
Israelândia;2014;2,58;1,42;0,41;0,94;7,55
Israelândia;2016;2,31;1,78;4,27;0,94;2,25
Israelândia;2018;2,325;1,37;3,87;1,45;2,61
Itaberaí;2012;2,45;2,18;2,11;1,88;3,63
Itaberaí;2014;2,395;2,17;0,39;2,15;4,87
Itaberaí;2016;3,02;3,07;5,19;1,06;2,76
Itaberaí;2018;2,9425;3,13;3,95;1,25;3,44
Itaguari;2012;2,3075;0,84;3,19;1,1;4,1
Itaguari;2014;2,0775;0,92;0,57;1,71;5,11
Itaguari;2016;3,19;1,4;7,75;0,78;2,83
Itaguari;2018;3,1125;1,37;6,97;0,92;3,19
Itaguaru;2012;1,7675;0,78;3,01;0,39;2,89
Itaguaru;2014;2,1325;1,17;0,61;0,47;6,28
Itaguaru;2016;2,6225;0,98;7,58;0,79;1,14
Itaguaru;2018;3,105;0,93;7,41;1;3,08
Itajá;2012;1,81;1,64;1,66;1,47;2,47
Itajá;2014;2,145;1,75;0,38;1,53;4,92
Itajá;2016;2,5225;2,23;4,59;1,03;2,24
Itajá;2018;2,4625;2,36;2,88;1,25;3,36
Itapaci;2012;2,8475;1,73;2,76;2,79;4,11
Itapaci;2014;2,245;1,36;0,44;3,15;4,03
Itapaci;2016;2,695;1,44;5,81;1,64;1,89
Itapaci;2018;3,095;1,54;5,59;1,74;3,51
Itapirapuã;2012;2,0275;1,34;2,03;1,46;3,28
Itapirapuã;2014;2,1225;1,54;0,44;1,56;4,95
Itapirapuã;2016;2,8325;2,18;5,78;0,96;2,41
Itapirapuã;2018;2,9625;2,63;4,57;1,12;3,53
Itapuranga;2012;2,26;1,01;3,14;1,56;3,33
Itapuranga;2014;2,055;1,04;0,62;1,71;4,85
Itapuranga;2016;3,32;1,4;8,32;1,1;2,46
Itapuranga;2018;3,62;1,62;8,65;0,63;3,58
Itarumã;2012;2,2525;1,68;1,44;2,85;3,04
Itarumã;2014;2,0575;1,42;0,28;2,34;4,19
Itarumã;2016;2,535;1,95;3,18;2,4;2,61
Itarumã;2018;2,1475;2,12;0,57;2,39;3,51
Itauçu;2012;1,9775;1,15;2,3;1,17;3,29
Itauçu;2014;2,3625;1,36;0,43;2,18;5,48
Itauçu;2016;2,125;1,07;5,25;1,2;0,98
Itauçu;2018;2,8125;1,46;4,82;1,03;3,94
Itumbiara;2012;2,975;3,02;2,52;2,61;3,75
Itumbiara;2014;3,04;3,21;0,48;3,37;5,1
Itumbiara;2016;3,915;3,87;7,13;2,55;2,11
Itumbiara;2018;3,835;3,85;5,64;2,52;3,33
Ivolândia;2012;2,445;1,24;2,59;1,81;4,14
Ivolândia;2014;2,9825;1,86;0,45;3,21;6,41
Ivolândia;2016;2,9575;1,94;6,56;1,74;1,59
Ivolândia;2018;3,13;2;4,95;2,33;3,24
Jandaia;2012;2,9425;3,02;1,82;4,86;2,07
Jandaia;2014;3,295;2,85;0,36;5,55;4,42
Jandaia;2016;3,49;3,54;4,71;3,56;2,15
Jandaia;2018;3,4475;3,84;2,86;3,6;3,49
Jaraguá;2012;1,9475;1,41;1,42;1,42;3,54
Jaraguá;2014;2,365;1,54;0,33;2,32;5,27
Jaraguá;2016;2,805;1,68;6,03;1,58;1,93
Jaraguá;2018;2,3675;1,47;3,22;1,75;3,03
Jataí;2012;2,745;2,36;2,22;3,03;3,37
Jataí;2014;3,01;2,43;0,44;4,19;4,98
Jataí;2016;3,445;2,96;5,71;2,93;2,18
Jataí;2018;3,24;2,94;3,66;3,03;3,33
Jaupaci;2012;2,3425;1,11;2,38;1,81;4,07
Jaupaci;2014;2,0725;1,17;0,49;1,58;5,05
Jaupaci;2016;2,7875;1,26;6,57;1,57;1,75
Jaupaci;2018;3,0075;1,67;5,49;0,96;3,91
Jesúpolis;2012;2,09;0,97;2,66;1,67;3,06
Jesúpolis;2014;2,6;1,42;0,6;1,97;6,41
Jesúpolis;2016;2,775;1,28;7,53;0,94;1,35
Jesúpolis;2018;2,595;1,16;5,95;0,26;3,01
Joviânia;2012;1,9975;1,11;2,39;1,86;2,63
Joviânia;2014;2,4275;1,22;0,44;2,92;5,13
Joviânia;2016;2,82;1,39;5,74;2,12;2,03
Joviânia;2018;3,025;1,35;4,75;2,82;3,18
Jussara;2012;2,4675;1,64;2,73;1,94;3,56
Jussara;2014;2,2775;1,66;0,52;2,18;4,75
Jussara;2016;3,305;2,15;7,21;1,57;2,29
Jussara;2018;3,5425;2,37;6,54;1,78;3,48
Lagoa Santa;2012;2,43;1,86;2,58;2,54;2,74
Lagoa Santa;2014;2,69;2,2;0,45;2,34;5,77
Lagoa Santa;2016;1,545;1,14;3,45;1,59;0
Lagoa Santa;2018;4,1;2,62;5,4;2,72;5,66
Leopoldo de Bulhões;2012;2,11;1,61;1,03;1,7;4,1
Leopoldo de Bulhões;2014;2,19;1,59;0,2;2,22;4,75
Leopoldo de Bulhões;2016;2,725;2,38;3,64;2,01;2,87
Leopoldo de Bulhões;2018;2,5675;2,84;1,52;2,12;3,79
Luziânia;2012;2,3425;1,31;2,59;2,52;2,95
Luziânia;2014;2,3525;1,26;0,55;2,84;4,76
Luziânia;2016;3,2625;1,47;7,45;1,93;2,2
Luziânia;2018;3,3775;1,33;7,09;1,97;3,12
Mairipotaba;2012;2,07;1,26;2,24;1,53;3,25
Mairipotaba;2014;2,15;1,24;0,4;2,31;4,65
Mairipotaba;2016;2,5525;1,39;5,18;1,68;1,96
Mairipotaba;2018;2,7375;1,47;4,62;1,52;3,34
Mambaí;2012;1,3425;0,5;2,96;0;1,91
Mambaí;2014;2,135;0,66;0,51;1,38;5,99
Mambaí;2016;2,89;0,86;6,98;1,1;2,62
Mambaí;2018;2,945;0,79;6,5;1,34;3,15
Mara Rosa;2012;1,9875;0,97;2,28;1,94;2,76
Mara Rosa;2014;2,2225;1,17;0,44;1,87;5,41
Mara Rosa;2016;2,5675;1,3;5,98;1,15;1,84
Mara Rosa;2018;3,065;1,48;6,13;1,19;3,46
Marzagão;2012;2,0875;1,3;2,75;1,61;2,69
Marzagão;2014;2,83;1,89;0,4;2,49;6,54
Marzagão;2016;2,3725;1,37;5,91;1,48;0,73
Marzagão;2018;2,71;1,86;3,46;1,46;4,06
Matrinchã;2012;2,0925;1,42;2,06;1,81;3,08
Matrinchã;2014;2,72;2,01;0,33;2,24;6,3
Matrinchã;2016;2,475;2,02;4,69;1,71;1,48
Matrinchã;2018;2,4225;1,87;2,88;1,86;3,08
Maurilândia;2012;2,13;1,24;1,18;6,1;0
Maurilândia;2014;2,73;0,81;0,36;6,33;3,42
Maurilândia;2016;3,1025;1,49;3,85;3,4;3,67
Maurilândia;2018;2,565;1,14;3,46;2,92;2,74
Mimoso de Goiás;2012;1,44;0,93;1,56;1,94;1,33
Mimoso de Goiás;2014;2,675;1,31;0,38;2,88;6,13
Mimoso de Goiás;2016;3,2025;2,55;4,97;1,41;3,88
Mimoso de Goiás;2018;2,355;2,13;2,69;1,73;2,87
Minaçu;2012;2,81;1,21;3,98;3,13;2,92
Minaçu;2014;2,715;1,33;0,82;3,6;5,11
Minaçu;2016;3,835;1,69;9,35;2,04;2,26
Minaçu;2018;3,65;1,14;8,97;2,09;2,4
Mineiros;2012;2,85;2,9;1,82;3,53;3,15
Mineiros;2014;3,35;3,37;0,34;4,07;5,62
Mineiros;2016;3,37;3,95;4,49;2,92;2,12
Mineiros;2018;3,37;3,88;3,26;2,98;3,36
Moiporá;2012;2,7225;1,47;3,56;1,94;3,92
Moiporá;2014;2,38;1,75;0,58;1,78;5,41
Moiporá;2016;3,33;2,24;7,31;1,57;2,2
Moiporá;2018;3,3275;2,23;5,89;2;3,19
Monte Alegre de Goiás;2012;1,7275;0,64;2,46;0;3,81
Monte Alegre de Goiás;2014;1,8625;0,51;0,5;2,23;4,21
Monte Alegre de Goiás;2016;2,6925;0,74;6,43;0,79;2,81
Monte Alegre de Goiás;2018;2,575;0,74;5,54;0,81;3,21
Montes Claros de Goiás;2012;2,4425;1,66;1,97;2,52;3,62
Montes Claros de Goiás;2014;3,22;2,2;0,33;4,28;6,07
Montes Claros de Goiás;2016;3,075;2,77;4,5;2,77;2,26
Montes Claros de Goiás;2018;2,89;2,61;3,05;2,74;3,16
Montividiu;2012;2,7075;2,21;1,72;4,15;2,75
Montividiu;2014;3,33;2,48;0,36;4,99;5,49
Montividiu;2016;3,175;2,81;4,86;3,01;2,02
Montividiu;2018;3,0825;2,55;3,04;3,6;3,14
Montividiu do Norte;2012;1,805;0,65;2,39;1,88;2,3
Montividiu do Norte;2014;2,13;0,69;0,46;2,34;5,03
Montividiu do Norte;2016;2,585;0,72;6;1,65;1,97
Montividiu do Norte;2018;2,6525;1,02;3,81;1,8;3,98
Morrinhos;2012;2,725;2,22;2,28;2,47;3,93
Morrinhos;2014;2,985;2,6;0,4;3,37;5,57
Morrinhos;2016;2,7775;2,34;5,4;2,13;1,24
Morrinhos;2018;3,3375;2,95;4,17;2,3;3,93
Morro Agudo de Goiás;2012;2,6275;0,95;3,53;1,88;4,15
Morro Agudo de Goiás;2014;2,055;0,99;0,65;1,71;4,87
Morro Agudo de Goiás;2016;2,7575;1,14;7,85;0;2,04
Morro Agudo de Goiás;2018;3,7725;1,55;7,75;1,86;3,93
Mossâmedes;2012;2,175;1,2;2,64;0,3;4,56
Mossâmedes;2014;2,09;1,37;0,56;1,26;5,17
Mossâmedes;2016;2,955;1,73;7,32;0,61;2,16
Mossâmedes;2018;3,2075;1,87;6,94;0,72;3,3
Mozarlândia;2012;2,52;2,67;1,88;3,07;2,46
Mozarlândia;2014;3,065;3,15;0,22;3,28;5,61
Mozarlândia;2016;2,72;3,28;3,19;2,73;1,68
Mozarlândia;2018;4,0075;3,18;7,45;2,12;3,28
Mundo Novo;2012;2,135;1,17;1,42;1,94;4,01
Mundo Novo;2014;2,47;1,62;0,51;1,88;5,87
Mundo Novo;2016;2,86;1,98;5,87;1,58;2,01
Mundo Novo;2018;2,9175;2,1;4,22;2,07;3,28
Mutunópolis;2012;1,6875;0,72;1,78;1,37;2,88
Mutunópolis;2014;2,4775;1,03;0,35;2,34;6,19
Mutunópolis;2016;2,2975;1,09;4,57;1,64;1,89
Mutunópolis;2018;2,1875;1,07;2,06;2,47;3,15
Nazário;2012;1,81;1,32;1,42;1,95;2,55
Nazário;2014;2,55;1,5;0,31;2,98;5,41
Nazário;2016;2,81;2;4,47;2,24;2,53
Nazário;2018;3,08;2,05;4,47;2,41;3,39
Nerópolis;2012;2,6625;2,82;2,64;1,76;3,43
Nerópolis;2014;2,5925;2,95;0,55;1,73;5,14
Nerópolis;2016;3,4325;3,26;7,21;1,35;1,91
Nerópolis;2018;3,6475;3,1;6,77;1,45;3,27
Niquelândia;2012;2,78;1,71;2,89;3,88;2,64
Niquelândia;2014;2,9025;1,66;0,56;4,68;4,71
Niquelândia;2016;3,6025;2,01;7,01;3,19;2,2
Niquelândia;2018;3,1025;1,45;6,25;2,11;2,6
Nova América;2012;1,2425;1,27;1,87;0,68;1,15
Nova América;2014;2,06;1,62;0,36;0,49;5,77
Nova América;2016;2,4075;2,05;4,79;0,49;2,3
Nova América;2018;2,9325;2,47;4,61;0,85;3,8
Nova Aurora;2012;1,285;1,09;2,51;1,47;0,07
Nova Aurora;2014;2,2425;1,1;0,53;2,55;4,79
Nova Aurora;2016;3,0025;1,2;6,48;2,43;1,9
Nova Aurora;2018;3,035;1,53;5,3;1,58;3,73
Nova Crixás;2012;2,325;1,66;1,12;3,39;3,13
Nova Crixás;2014;2,7725;1,89;0,24;3,6;5,36
Nova Crixás;2016;2,7075;2,51;3;2,84;2,48
Nova Crixás;2018;2,925;2,74;2,52;2,89;3,55
Nova Glória;2012;1,91;0,55;2,78;1,1;3,21
Nova Glória;2014;1,975;0,55;0,68;1,91;4,76
Nova Glória;2016;3,13;0,73;8,31;1,05;2,43
Nova Glória;2018;3,2325;0,87;7,68;0,85;3,53
Nova Iguaçu de Goiás;2012;1,8175;0,84;2,87;0,99;2,57
Nova Iguaçu de Goiás;2014;1,5925;0,67;0,5;1,24;3,96
Nova Iguaçu de Goiás;2016;2,465;0,75;6,07;0,94;2,1
Nova Iguaçu de Goiás;2018;2,535;0,95;5,02;0,48;3,69
Nova Roma;2012;1,7675;1,07;1,52;1,55;2,93
Nova Roma;2014;1,5675;0,8;0,2;1,58;3,69
Nova Roma;2016;1,82;0,95;2,75;1,43;2,15
Nova Roma;2018;1,635;0,95;0,47;1,92;3,2
Nova Veneza;2012;2,2775;1,96;2,67;1,75;2,73
Nova Veneza;2014;2,1475;1,77;0,31;2,05;4,46
Nova Veneza;2016;2,9375;2,33;5,48;1,42;2,52
Nova Veneza;2018;2,8675;2,33;4,05;1,72;3,37
Novo Brasil;2012;1,95;1,07;1,89;0;4,84
Novo Brasil;2014;1,7325;1,33;0,36;0,01;5,23
Novo Brasil;2016;2,58;1,91;5,85;0;2,56
Novo Brasil;2018;2,4775;2,09;4,42;0;3,4
Novo Gama;2012;2,315;0,34;3,28;2,46;3,18
Novo Gama;2014;2,2425;0,35;0,63;2,91;5,08
Novo Gama;2016;2,7375;0;9,54;1,21;0,2
Novo Gama;2018;4,2825;0,3;10;1,99;4,84
Novo Planalto;2012;2,0925;1,21;2,48;1,84;2,84
Novo Planalto;2014;2,3625;1,35;0,49;2,29;5,32
Novo Planalto;2016;2,82;1,61;5,81;1,57;2,29
Novo Planalto;2018;2,675;1,48;4,33;1,74;3,15
Orizona;2012;2,3075;1,63;2,68;1,59;3,33
Orizona;2014;2,36;1,76;0,57;1,93;5,18
Orizona;2016;3,385;2,38;7,23;1,37;2,56
Orizona;2018;3,0775;2,48;5,07;1,4;3,36
Ouro Verde de Goiás;2012;1,7375;1,14;1,43;1,16;3,22
Ouro Verde de Goiás;2014;1,98;1,21;0,31;1,47;4,93
Ouro Verde de Goiás;2016;2,2475;1,47;3,86;1,57;2,09
Ouro Verde de Goiás;2018;1,925;1,34;1,57;1,75;3,04
Ouvidor;2012;4,695;2,63;3,18;10;2,97
Ouvidor;2014;3,275;1,72;0,59;7,59;3,2
Ouvidor;2016;6,735;3,64;8,97;10;4,33
Ouvidor;2018;6,5825;3,76;9,09;10;3,48
Padre Bernardo;2012;2,0375;0,82;2,4;1,94;2,99
Padre Bernardo;2014;2,24;0,89;0,45;2,37;5,25
Padre Bernardo;2016;2,7775;1,05;5,84;1,93;2,29
Padre Bernardo;2018;2,87;1,19;4,95;1,74;3,6
Palestina de Goiás;2012;1,83;0,95;1,56;1,94;2,87
Palestina de Goiás;2014;2,35;1,05;0,32;2,92;5,11
Palestina de Goiás;2016;2,295;1,02;3,88;2,69;1,59
Palestina de Goiás;2018;2,55;1,24;2,5;2,79;3,67
Palmeiras de Goiás;2012;2,7525;2,57;2,19;1,94;4,31
Palmeiras de Goiás;2014;2,7675;2,79;0,42;2,57;5,29
Palmeiras de Goiás;2016;3,1775;3,57;5,28;1,48;2,38
Palmeiras de Goiás;2018;3,36;3,42;5,05;1,69;3,28
Palmelo;2012;2,315;1,35;3,16;1,75;3
Palmelo;2014;1,7125;1,15;0,65;0,94;4,11
Palmelo;2016;3,145;1,53;8,03;0,54;2,48
Palmelo;2018;4,035;1,93;8,89;1,46;3,86
Palminópolis;2012;2,27;1,45;2,45;1,53;3,65
Palminópolis;2014;2,5025;1,75;0,49;2,16;5,61
Palminópolis;2016;2,92;1,94;6,26;1,66;1,82
Palminópolis;2018;3,025;2,12;4,7;1,8;3,48
Panamá;2012;1,675;1,27;2,01;1,56;1,86
Panamá;2014;2,5175;1,6;0,46;2,37;5,64
Panamá;2016;2,93;1,89;5,78;2,08;1,97
Panamá;2018;2,955;2,29;3,95;1,82;3,76
Paranaiguara;2012;1,6075;1;1,14;1,54;2,75
Paranaiguara;2014;2,0975;1,05;0,2;2,16;4,98
Paranaiguara;2016;1,9425;1,02;3,83;1,26;1,66
Paranaiguara;2018;2,23;1,27;2,24;1,74;3,67
Paraúna;2012;2,5;2,41;1,51;2,31;3,77
Paraúna;2014;2,7175;2,61;0,33;2,87;5,06
Paraúna;2016;2,995;3,5;4,09;1,96;2,43
Paraúna;2018;2,885;3,86;2,06;2,07;3,55
Perolândia;2012;6,1925;7,26;1,85;5,66;10
Perolândia;2014;5,89;8,65;0,37;8,88;5,66
Perolândia;2016;5,1525;8,14;4,82;6,38;1,27
Perolândia;2018;4,4825;7,78;2,16;4,73;3,26
Petrolina de Goiás;2012;2,14;0,87;2,78;1,19;3,72
Petrolina de Goiás;2014;1,9425;0,83;0,45;1,85;4,64
Petrolina de Goiás;2016;2,515;1,02;5,7;1,16;2,18
Petrolina de Goiás;2018;2,345;1,02;4,38;0,77;3,21
Pilar de Goiás;2012;3,0175;2,4;0,91;2,03;6,73
Pilar de Goiás;2014;4,53;3,47;0,6;7,78;6,27
Pilar de Goiás;2016;5,38;5,32;7,92;5,47;2,81
Pilar de Goiás;2018;5,02;5,3;6,92;4,64;3,22
Piracanjuba;2012;2,135;1,17;1,68;2,91;2,78
Piracanjuba;2014;2,4275;1,32;0,36;2,78;5,25
Piracanjuba;2016;2,665;1,68;4,52;2,14;2,32
Piracanjuba;2018;2,615;1,76;3,09;2,24;3,37
Piranhas;2012;2,065;0,89;2,29;1,95;3,13
Piranhas;2014;2,525;1,17;0,4;2,79;5,74
Piranhas;2016;3,055;1,62;6,37;1,71;2,52
Piranhas;2018;2,5;1,68;2,76;2,27;3,29
Pirenópolis;2012;2,2025;1,19;2,96;1,4;3,26
Pirenópolis;2014;2,52;1,54;0,54;2,03;5,97
Pirenópolis;2016;3,24;1,68;8,13;1,29;1,86
Pirenópolis;2018;3,695;2,14;7,21;1,52;3,91
Pires do Rio;2012;2,205;2,31;2,18;1,32;3,01
Pires do Rio;2014;2,4475;2,51;0,45;1,67;5,16
Pires do Rio;2016;3,0475;3,22;5,43;1,21;2,33
Pires do Rio;2018;3,105;3,17;4,66;1,29;3,3
Planaltina;2012;2,5425;0,8;3,14;2,53;3,7
Planaltina;2014;2,285;0,86;0,63;2,5;5,15
Planaltina;2016;3,8275;0,88;10;2,51;1,92
Planaltina;2018;3,9325;0,98;8,91;2,33;3,51
Pontalina;2012;1,9525;1,37;2,25;0,99;3,2
Pontalina;2014;2,05;1,45;0,37;1,35;5,03
Pontalina;2016;2,4775;1,8;4,68;1,18;2,25
Pontalina;2018;2,4;2,06;2,7;1,23;3,61
Porangatu;2012;2,5;1,4;3,24;1,94;3,42
Porangatu;2014;2,38;1,52;0,6;2,26;5,14
Porangatu;2016;3,355;1,78;8,01;1,57;2,06
Porangatu;2018;3,6575;2,04;7,58;1,38;3,63
Porteirão;2012;2,9325;2,55;1,4;5,02;2,76
Porteirão;2014;3,2675;2,64;0,27;5,13;5,03
Porteirão;2016;2,555;2,29;3,65;3;1,28
Porteirão;2018;2,3975;2,24;1,49;2,63;3,23
Portelândia;2012;2,2525;1,81;1,27;2,96;2,97
Portelândia;2014;2,7775;1,97;0,26;3,68;5,2
Portelândia;2016;2,5125;2,07;3,16;3,15;1,67
Portelândia;2018;2,4425;2,63;0;3,24;3,9
Posse;2012;2,075;1,1;2,52;1,4;3,28
Posse;2014;1,995;1,09;0,54;1,44;4,91
Posse;2016;3,1575;1,37;7,63;1,25;2,38
Posse;2018;3,5375;1,39;8,17;1,25;3,34
Professor Jamil;2012;2,5675;0,9;3,01;2,11;4,25
Professor Jamil;2014;2,3725;1,12;0,6;2,29;5,48
Professor Jamil;2016;3,23;1,53;7,27;1,57;2,55
Professor Jamil;2018;3,47;1,4;7,85;1,58;3,05
Quirinópolis;2012;3,115;2,68;2,34;3,97;3,47
Quirinópolis;2014;3,4875;3,08;0,43;4,96;5,48
Quirinópolis;2016;3,58;3,4;5,92;3,15;1,85
Quirinópolis;2018;3,7275;3,35;4,66;3,6;3,3
Rialma;2012;2,255;1,32;2,65;1,94;3,11
Rialma;2014;2,385;1,55;0,48;2,02;5,49
Rialma;2016;3,0475;1,49;7,79;1,42;1,49
Rialma;2018;3,7325;1,89;7,85;1,37;3,82
Rianápolis;2012;2,01;1,88;2,23;2,72;1,21
Rianápolis;2014;2,5125;1,94;0,34;2,91;4,86
Rianápolis;2016;2,95;1,87;6,5;1,98;1,45
Rianápolis;2018;3,1075;1,69;5,58;2,1;3,06
Rio Quente;2012;4,6975;10;2,63;2,57;3,59
Rio Quente;2014;4,56;10;0,49;2,77;4,98
Rio Quente;2016;5,1925;10;6,52;1,69;2,56
Rio Quente;2018;5,1225;10;5,12;2,04;3,33
Rio Verde;2012;3,1425;3,05;2,7;3,52;3,3
Rio Verde;2014;3,285;3,22;0,5;4,21;5,21
Rio Verde;2016;3,8675;3,87;6,57;2,8;2,23
Rio Verde;2018;3,895;3,67;5,68;2,96;3,27
Rubiataba;2012;2,7225;1,82;2,32;2,44;4,31
Rubiataba;2014;2,6;1,94;0,48;2,94;5,04
Rubiataba;2016;3,2525;2,5;5,96;2,2;2,35
Rubiataba;2018;3,43;2,64;4,83;2,81;3,44
Sanclerlândia;2012;1,625;1,5;1,87;0,38;2,75
Sanclerlândia;2014;2,0375;1,69;0,45;0,82;5,19
Sanclerlândia;2016;2,945;2,13;7,1;0,31;2,24
Sanclerlândia;2018;3,24;2,36;6,99;0,13;3,48
Santa Bárbara de Goiás;2012;2,655;2,18;2,49;1,82;4,13
Santa Bárbara de Goiás;2014;2,385;2,11;0,56;2,15;4,72
Santa Bárbara de Goiás;2016;3,09;2,17;6,91;1,62;1,66
Santa Bárbara de Goiás;2018;3,105;1,91;6,33;1,18;3
Santa Cruz de Goiás;2012;1,65;1,37;0,41;1,5;3,32
Santa Cruz de Goiás;2014;2,305;1,56;0,12;2,34;5,2
Santa Cruz de Goiás;2016;3,21;2,58;5,61;1,57;3,08
Santa Cruz de Goiás;2018;2,59;2,31;3,94;1,12;2,99
Santa Fé de Goiás;2012;2,525;3,21;1,6;2,02;3,27
Santa Fé de Goiás;2014;3,375;3,79;0,28;3,82;5,61
Santa Fé de Goiás;2016;3,145;4,12;4,01;2,67;1,78
Santa Fé de Goiás;2018;3,2425;4,67;1,51;3,06;3,73
Santa Helena de Goiás;2012;2,57;2,06;1,97;2,38;3,87
Santa Helena de Goiás;2014;3,0675;2,63;0,38;3,37;5,89
Santa Helena de Goiás;2016;2,815;2,43;5,67;1,88;1,28
Santa Helena de Goiás;2018;2,905;2,34;4,13;1,96;3,19
Santa Isabel;2012;1,9225;0,96;1,99;2,12;2,62
Santa Isabel;2014;2,1625;1,03;0,36;2,2;5,06
Santa Isabel;2016;2,31;1,2;4,59;1,36;2,09
Santa Isabel;2018;2,245;1,24;3,1;1,29;3,35
Santa Rita do Araguaia;2012;2,5;1,06;2,05;2,39;4,5
Santa Rita do Araguaia;2014;2,605;1,14;0,38;3,71;5,19
Santa Rita do Araguaia;2016;2,5225;1,16;4,58;2,52;1,83
Santa Rita do Araguaia;2018;2,3925;1;2,65;2,89;3,03
Santa Rita do Novo Destino;2012;1,9325;0,75;3,06;1,33;2,59
Santa Rita do Novo Destino;2014;2,6275;1,16;0,42;2,34;6,59
Santa Rita do Novo Destino;2016;2,9625;1,91;4,43;2,32;3,19
Santa Rita do Novo Destino;2018;2,5225;2,42;2,02;1,74;3,91
Santa Rosa de Goiás;2012;1,9175;0,86;2,04;2;2,77
Santa Rosa de Goiás;2014;0,5475;0,07;0,35;1,29;0,48
Santa Rosa de Goiás;2016;4,5675;1,42;6,17;1,18;9,5
Santa Rosa de Goiás;2018;2,59;1,43;4,54;1,24;3,15
Santa Tereza de Goiás;2012;2,045;0,98;2,82;1,67;2,71
Santa Tereza de Goiás;2014;2,35;1,19;0,52;2,34;5,35
Santa Tereza de Goiás;2016;2,86;1,48;6,16;1,71;2,09
Santa Tereza de Goiás;2018;2,9125;1,59;5,11;1,59;3,36
Santa Terezinha de Goiás;2012;1,6625;0,81;1,55;1,1;3,19
Santa Terezinha de Goiás;2014;1,895;0,8;0,34;1,84;4,6
Santa Terezinha de Goiás;2016;2,23;1,07;4,54;0,94;2,37
Santa Terezinha de Goiás;2018;1,745;0,94;2,35;0,8;2,89
Santo Antônio da Barra;2012;4,0925;2,17;2,31;4,74;7,15
Santo Antônio da Barra;2014;3,0525;2,2;0,44;4,68;4,89
Santo Antônio da Barra;2016;3,64;3,56;3,86;3,91;3,23
Santo Antônio da Barra;2018;3,015;3,13;1,76;4,13;3,04
Santo Antônio de Goiás;2012;3,1875;3,68;2,75;1,81;4,51
Santo Antônio de Goiás;2014;3,2575;4,11;0,52;2,91;5,49
Santo Antônio de Goiás;2016;4,395;5,06;7,92;2,25;2,35
Santo Antônio de Goiás;2018;4,44;4,9;7,16;2,32;3,38
Santo Antônio do Descoberto;2012;3,69;0,71;3,52;2,53;8
Santo Antônio do Descoberto;2014;2,39;0,78;0,67;2,8;5,31
Santo Antônio do Descoberto;2016;3,285;0,67;8,51;2,44;1,52
Santo Antônio do Descoberto;2018;3,6375;1;7,92;1,49;4,14
São Domingos;2012;1,97;0,7;2,68;1,81;2,69
São Domingos;2014;1,9675;0,5;0,47;3;3,9
São Domingos;2016;2,8225;0,61;6,29;1,91;2,48
São Domingos;2018;2,7075;0,64;5,15;1,72;3,32
São Francisco de Goiás;2012;1,935;1,12;2,78;0,94;2,9
São Francisco de Goiás;2014;2,1225;1,3;0,49;1,33;5,37
São Francisco de Goiás;2016;3,135;1,82;7,23;0,87;2,62
São Francisco de Goiás;2018;3,065;1,89;5,98;1,04;3,35
São João d'Aliança;2012;3,575;0;10;1,27;3,03
São João d'Aliança;2014;2,325;1,22;0,31;2,14;5,63
São João d'Aliança;2016;1,4475;1,41;0;1,56;2,82
São João d'Aliança;2018;4,08;1,45;3,13;1,74;10
São João da Paraúna;2012;3,01;7,62;0;1,5;2,92
São João da Paraúna;2014;2,325;1,61;0,5;2,22;4,97
São João da Paraúna;2016;3,1775;2,51;6,37;1,57;2,26
São João da Paraúna;2018;2,005;2,03;4,57;1,42;0
São Luis de Montes Belos;2012;2,3725;1,78;2,94;1,95;2,82
São Luis de Montes Belos;2014;2,3425;1,73;0,6;2,34;4,7
São Luis de Montes Belos;2016;3,535;2,23;7,88;1,66;2,37
São Luis de Montes Belos;2018;3,8625;2,35;7,92;1,74;3,44
São Luiz do Norte;2012;2,6775;1,26;3,8;1,88;3,77
São Luiz do Norte;2014;2,0575;1,09;0,71;2,15;4,28
São Luiz do Norte;2016;3,5275;1,38;8,78;1,58;2,37
São Luiz do Norte;2018;3,83;1,44;8,83;1,66;3,39
São Miguel do Araguaia;2012;2,2175;1,26;1,83;2,44;3,34
São Miguel do Araguaia;2014;2,39;1,36;0,39;2,77;5,04
São Miguel do Araguaia;2016;2,91;1,8;5,15;2,26;2,43
São Miguel do Araguaia;2018;2,8275;1,64;4,12;2,51;3,04
São Miguel do Passa Quatro;2012;2,12;1,63;2,02;1,49;3,34
São Miguel do Passa Quatro;2014;2,3425;1,8;0,47;1,92;5,18
São Miguel do Passa Quatro;2016;2,7275;2,19;5,03;1,49;2,2
São Miguel do Passa Quatro;2018;2,41;2,21;3,2;0,95;3,28
São Patrício;2012;4,295;6,71;1,09;5,08;4,3
São Patrício;2014;4,3225;6,98;0,29;5,07;4,95
São Patrício;2016;4,5075;8,75;3,17;3,88;2,23
São Patrício;2018;4,315;7,96;1,1;5,13;3,07
São Simão;2012;2,59;1,72;2,67;3,08;2,89
São Simão;2014;3,435;2,25;0,47;4,91;6,11
São Simão;2016;3,1775;2,25;6,45;2,37;1,64
São Simão;2018;3,345;2,32;5,08;2,54;3,44
Senador Canedo;2012;2,5525;1,01;2,44;2,24;4,52
Senador Canedo;2014;3,2325;1,89;0,46;2,62;7,96
Senador Canedo;2016;3,35;2,22;7,02;1,91;2,25
Senador Canedo;2018;3,435;2,3;5,83;2,09;3,52
Serranópolis;2012;2,2525;2,27;1,26;2,88;2,6
Serranópolis;2014;3,005;2,38;0,28;4,34;5,02
Serranópolis;2016;2,985;3,01;3,44;3,15;2,34
Serranópolis;2018;3,1875;3,5;2,51;2,95;3,79
Silvânia;2012;2,1975;1,49;1,88;1,94;3,48
Silvânia;2014;2,4975;1,67;0,42;2,57;5,33
Silvânia;2016;2,9625;2,08;5,72;1,77;2,28
Silvânia;2018;3,0075;2,22;4,53;1,8;3,48
Simolândia;2012;1,9575;0,81;2,86;1,29;2,87
Simolândia;2014;2,23;0,98;0,64;1,8;5,5
Simolândia;2016;3,275;1,28;8,41;0,94;2,47
Simolândia;2018;3,3575;1,14;8,19;1,12;2,98
Sítio d'Abadia;2012;2,065;0,91;3,06;1,2;3,09
Sítio d'Abadia;2014;0,665;0;0,32;2,34;0
Sítio d'Abadia;2016;4,3025;1,13;5,03;1,05;10
Sítio d'Abadia;2018;2,3825;1,23;4,03;0,81;3,46
Taquaral de Goiás;2012;1,8825;1,27;2,42;0,7;3,14
Taquaral de Goiás;2014;2,11;1,59;0,49;0,59;5,77
Taquaral de Goiás;2016;2,9675;2,2;6,76;0,28;2,63
Taquaral de Goiás;2018;2,7975;2,18;5,39;0,42;3,2
Teresina de Goiás;2012;1,88;0,88;2,55;1,6;2,49
Teresina de Goiás;2014;2,145;1,1;0,51;1,21;5,76
Teresina de Goiás;2016;2,765;1,19;6,95;0,95;1,97
Teresina de Goiás;2018;2,7175;1,23;5,64;0,62;3,38
Terezópolis de Goiás;2012;2,8325;1,64;2,83;1,95;4,91
Terezópolis de Goiás;2014;2,115;1,31;0,49;2,62;4,04
Terezópolis de Goiás;2016;3,5125;2,14;6,55;2,04;3,32
Terezópolis de Goiás;2018;3,53;1,81;7,54;1,79;2,98
Três Ranchos;2012;2,0325;1,34;1,76;3,32;1,71
Três Ranchos;2014;2,6025;1,76;0,47;2,34;5,84
Três Ranchos;2016;2,7725;2;5,92;1,26;1,91
Três Ranchos;2018;3,02;2,1;4,85;1,74;3,39
Trindade;2012;2,4825;1,35;2,64;2;3,94
Trindade;2014;2,2125;1,26;0,51;2,43;4,65
Trindade;2016;3,1025;1,54;6,91;1,63;2,33
Trindade;2018;3,305;1,57;6,36;1,91;3,38
Trombas;2012;1,62;0,7;2,15;1,39;2,24
Trombas;2014;0,685;0,05;0,25;1,56;0,88
Trombas;2016;4,0075;1,09;4,74;1,57;8,63
Trombas;2018;2,235;1,28;3,88;0,19;3,59
Turvânia;2012;2,16;1,05;2,43;1,4;3,76
Turvânia;2014;1,84;1,01;0,5;1,26;4,59
Turvânia;2016;2,6825;1,27;6,1;1,17;2,19
Turvânia;2018;2,9125;1,28;6,21;0,94;3,22
Turvelândia;2012;5,065;4,21;1,35;6,35;8,35
Turvelândia;2014;4,445;4,26;0,29;8,31;4,92
Turvelândia;2016;4,655;7,41;2,85;4,75;3,61
Turvelândia;2018;4,0325;7,45;0,46;4,76;3,46
Uirapuru;2012;2,305;0,91;3,36;2,77;2,18
Uirapuru;2014;2,6225;0,84;0,55;4,68;4,42
Uirapuru;2016;3,4075;1,17;6,95;2,85;2,66
Uirapuru;2018;3,2475;1,38;5,86;2,14;3,61
Uruaçu;2012;2,48;1,53;3,47;1,82;3,1
Uruaçu;2014;2,3625;1,61;0,64;2,17;5,03
Uruaçu;2016;3,4875;1,88;8,33;1,66;2,08
Uruaçu;2018;3,85;1,99;8,19;1,78;3,44
Uruana;2012;1,7925;0,38;2,83;1,35;2,61
Uruana;2014;2,06;0,4;0,58;2,34;4,92
Uruana;2016;2,7775;0,4;7,2;1,57;1,94
Uruana;2018;2,525;0,65;3,9;1,65;3,9
Urutaí;2012;2,895;2,58;3,34;3,08;2,58
Urutaí;2014;3,33;2,69;0,58;5,11;4,94
Urutaí;2016;4,525;4,1;7,64;3,33;3,03
Urutaí;2018;4,47;3,98;7,7;3,02;3,18
Valparaíso de Goiás;2012;2,8525;1,02;3,59;2,02;4,78
Valparaíso de Goiás;2014;2,2675;0,99;0,65;2,58;4,85
Valparaíso de Goiás;2016;3,47;1,35;8,13;1,64;2,76
Valparaíso de Goiás;2018;3,8425;1,25;8,86;2,08;3,18
Varjão;2012;1,735;1,2;1,31;1,81;2,62
Varjão;2014;2,245;1,33;0,28;2,22;5,15
Varjão;2016;2,17;1,73;3,84;0,75;2,36
Varjão;2018;1,9575;1,44;1,8;1,72;2,87
Vianópolis;2012;2,185;1,85;1,7;1,94;3,25
Vianópolis;2014;2,2075;1,69;0,33;2,34;4,47
Vianópolis;2016;2,6575;2,2;4,3;1,7;2,43
Vianópolis;2018;2,5725;2,18;2,72;2,09;3,3
Vicentinópolis;2012;2,7;2,09;1,89;3,88;2,94
Vicentinópolis;2014;3,845;2,49;0,19;6,98;5,72
Vicentinópolis;2016;3,245;3,27;3,3;3,95;2,46
Vicentinópolis;2018;3,3075;3,28;2,18;4,39;3,38
Vila Boa;2012;2,4325;2,06;2,83;1,81;3,03
Vila Boa;2014;2,4125;1,97;0,3;2,53;4,85
Vila Boa;2016;2,72;1,88;5,87;1,5;1,63
Vila Boa;2018;1,7175;2;0,07;1,18;3,62
Vila Propício;2012;1,38;0,73;1,31;1,78;1,7
Vila Propício;2014;3,48;1,91;0,3;2,37;9,34
Vila Propício;2016;2,4075;1,81;4,45;1,89;1,48
Vila Propício;2018;2,54;2,29;2,28;1,64;3,95
