Localidade;Ano;IDM Saude;Cobertura ESF;Cobertura Vacinal tetravalente;Cobertura ESF Saude Bucal;Leitos SUS por 1000 hab;Medicos SUS por 1000 hab;Mortalidade Infantil;Morte por causas externas;Prenatal com 7 consultas
Abadia de Goiás;2012;7,655;10;10;10;0;10;8,48;6,59;6,17
Abadia de Goiás;2014;7,06;9,71;10;8,91;0;9,3;8,44;5,38;4,74
Abadia de Goiás;2016;7,2225;9,56;10;9,63;0;8,87;9,52;5,6;4,6
Abadia de Goiás;2018;7,73875;10;10;10;0;10;9,22;7,27;5,42
Abadiânia;2012;6,25375;10;8,6;10;0;3,7;6,45;7,58;3,7
Abadiânia;2014;6,825;9,87;10;10;0;7,5;8,72;4,65;3,86
Abadiânia;2016;5,8275;9,84;2,9;10;0;4,43;8,73;5,95;4,77
Abadiânia;2018;6,6;10;4,63;10;0;10;9,01;4,38;4,78
Acreúna;2012;7,37125;8,52;9,64;5,22;10;3,9;8,73;7,95;5,01
Acreúna;2014;6,9375;9,72;10;6,59;5,93;4,7;8,47;6,36;3,73
Acreúna;2016;7,47125;10;10;6,71;5,83;7,36;8,55;7,39;3,93
Acreúna;2018;6,84625;9,29;8,24;5,82;5,67;6;9,26;6,63;3,86
Adelândia;2012;5,7725;10;0;10;0;4;10;6,62;5,56
Adelândia;2014;7,6775;10;10;10;0;3,9;10;10;7,52
Adelândia;2016;6,62375;10;9,46;10;0;0;10;5,85;7,68
Adelândia;2018;7,4875;10;10;10;0;4;10;8,96;6,94
Água Fria de Goiás;2012;5,4675;7,11;10;3,08;0;5,8;10;3,33;4,42
Água Fria de Goiás;2014;6,71375;10;10;10;0;3,7;7,94;7,39;4,68
Água Fria de Goiás;2016;6,4;9,67;10;10;0;3,63;10;5,56;2,34
Água Fria de Goiás;2018;8,47375;10;10;10;7;9;10;5;6,79
Água Limpa;2012;7,86875;10;7,03;10;0;10;10;8,13;7,79
Água Limpa;2014;8,2625;10;10;10;0;9,9;10;10;6,2
Água Limpa;2016;6,9475;10;10;10;0;10;10;0;5,58
Água Limpa;2018;7,925;10;10;10;0;10;7,62;7,62;8,16
Águas Lindas de Goiás;2012;5,53125;8,45;9,03;8,71;1,07;2,4;9,07;2,42;3,1
Águas Lindas de Goiás;2014;3,855;2,2;6,95;2,57;0,73;3,3;8,62;4,11;2,36
Águas Lindas de Goiás;2016;4,45125;2,05;9,1;3,26;0,69;3,53;9,15;5,94;1,89
Águas Lindas de Goiás;2018;3,6525;1,24;3,36;3,07;0,67;5;9,41;4,58;1,89
Alexânia;2012;7,52;9,99;10;4,57;5,4;10;9,4;5,29;5,51
Alexânia;2014;5,76375;0;10;2,85;5,1;9,4;7,51;6,39;4,86
Alexânia;2016;6,64125;7,9;7,82;2,83;4,34;10;9,25;6,53;4,46
Alexânia;2018;7,22375;7,18;10;7,54;4,33;10;9,43;4,09;5,22
Aloândia;2012;7,87625;10;1,16;10;10;4,9;10;8,5;8,45
Aloândia;2014;9,23625;10;10;10;10;9,6;10;7,39;6,9
Aloândia;2016;8,345;9;10;10;10;4,81;10;8,17;4,78
Aloândia;2018;8,59625;10;5,48;10;10;10;10;5;8,29
Alto Horizonte;2012;8,05875;10;10;10;0;6,4;10;10;8,07
Alto Horizonte;2014;6,80375;7,13;10;7,3;0;10;10;5,17;4,83
Alto Horizonte;2016;7,23625;6,62;10;7,19;0;9,14;8,51;7,99;8,44
Alto Horizonte;2018;7,07375;10;10;5,62;0;9;10;5;6,97
Alto Paraíso de Goiás;2012;7,49375;9,47;10;5,45;10;10;7,64;3,47;3,92
Alto Paraíso de Goiás;2014;7,3725;10;10;4,95;6,9;9,6;7,92;6,52;3,09
Alto Paraíso de Goiás;2016;7,385;9,99;9,31;4,93;3,61;10;9,24;7,25;4,75
Alto Paraíso de Goiás;2018;7,8725;10;10;3,93;7,67;10;9,66;5,27;6,45
Alvorada do Norte;2012;8,2225;9,66;7,81;9,7;10;6,2;8,6;7,75;6,06
Alvorada do Norte;2014;8,5;10;10;10;10;5,9;10;7,14;4,96
Alvorada do Norte;2016;7,465;8,27;10;2,11;10;8,19;9,4;5,4;6,35
Alvorada do Norte;2018;8,20625;10;8,23;10;10;8;8,87;3,08;7,47
Amaralina;2012;6,9625;10;10;10;0;2,9;10;5,18;7,62
Amaralina;2014;5,4075;10;6,28;10;0;5,5;0;6;5,48
Amaralina;2016;7,91375;10;8,66;10;0;10;10;10;4,65
Amaralina;2018;7,3275;10;8,8;10;0;10;10;6,25;3,57
Americano do Brasil;2012;8,1025;10;10;3,58;10;10;8;7,25;5,99
Americano do Brasil;2014;7,8825;10;10;6,19;10;8,6;7,34;7,22;3,71
Americano do Brasil;2016;7,91875;10;8,92;6,17;9,58;6,76;10;8,7;3,22
Americano do Brasil;2018;8,33;10;7,53;10;9,33;7;8,22;7,16;7,4
Amorinópolis;2012;7,015;4,27;5,29;4,22;10;5,6;8,29;8,45;10
Amorinópolis;2014;8,78375;9,71;6,84;9,72;10;8,4;10;8,1;7,5
Amorinópolis;2016;8,4425;9,73;10;9,78;10;8,6;4,83;10;4,6
Amorinópolis;2018;8,99625;10;6,15;10;10;10;10;8,86;6,96
Anápolis;2012;6,47;1,9;9,44;0,58;9,8;10;9,2;6,87;3,97
Anápolis;2014;6,99125;4,74;10;4,16;7,8;10;8,68;6,62;3,93
Anápolis;2016;7,01875;4,35;9,11;5,08;7,07;10;9,22;7,53;3,79
Anápolis;2018;6,2925;2,11;7,76;5,36;5,33;10;9,41;5,49;4,88
Anhanguera;2012;6,69125;10;10;10;0;10;0;10;3,53
Anhanguera;2014;7,2675;10;10;10;0;9,2;1,92;10;7,02
Anhanguera;2016;6,285;10;0,28;10;0;0;10;10;10
Anhanguera;2018;7,90125;10;10;10;0;10;10;6,88;6,33
Anicuns;2012;7,08625;8,2;9,09;8,41;4,43;6,4;9,35;6,63;4,18
Anicuns;2014;6,79;10;10;5,07;4,23;4,2;9,01;6,9;4,91
Anicuns;2016;5,87375;10;2,82;5,06;4,19;3,72;9,67;7,71;3,82
Anicuns;2018;6,61375;10;3,97;4,11;7,67;5;9,49;7,48;5,19
Aparecida de Goiânia;2012;8,08625;10;10;9,2;4,87;10;8,94;5,2;6,48
Aparecida de Goiânia;2014;5,61625;2,39;10;0,77;3,53;10;8,25;5,22;4,77
Aparecida de Goiânia;2016;5,9;3,17;10;0,5;3,75;10;9,03;6,28;4,47
Aparecida de Goiânia;2018;5,77;2,76;10;0;4;10;9,29;4,78;5,33
Aparecida do Rio Doce;2012;6,55875;9,74;10;10;0;4,1;10;1,56;7,07
Aparecida do Rio Doce;2014;6,42375;10;10;10;0;4;10;3,85;3,54
Aparecida do Rio Doce;2016;7,35;10;10;10;0;7,97;10;5,56;5,27
Aparecida do Rio Doce;2018;7,61625;10;10;10;0;8;10;7,22;5,71
Aporé;2012;7,92;10;7,71;4,53;10;10;8,63;7,95;4,54
Aporé;2014;8,41625;8,91;10;8,97;10;7,5;8,5;7,69;5,76
Aporé;2016;8,60875;8,72;8,4;8,94;10;10;10;6,11;6,7
Aporé;2018;7,7025;7,91;5,55;10;10;10;6,83;5,83;5,5
Araçu;2012;8,22;10;7;10;10;2,6;10;8,13;8,03
Araçu;2014;8,21875;10;10;10;10;0;10;8,67;7,08
Araçu;2016;8,2775;9,92;10;10;10;2,65;10;9,54;4,11
Araçu;2018;8,00875;10;7,43;10;10;5;9,11;7,12;5,41
Aragarças;2012;8,07375;9,96;8,65;10;7,23;10;8,76;7,21;2,78
Aragarças;2014;7,4525;9,76;4,51;10;7,27;10;8,51;6,07;3,5
Aragarças;2016;7,795;8,37;8,76;9,6;9,02;10;8,23;7,58;0,8
Aragarças;2018;7,705;10;4,28;10;9;10;9,05;6,46;2,85
Aragoiânia;2012;7,02125;8,03;8,31;8,27;6,27;3,5;9,36;6,25;6,18
Aragoiânia;2014;7,505;9,82;10;10;5,87;5,5;8,35;5,69;4,81
Aragoiânia;2016;7,44;10;4,14;10;5,65;7,41;10;7,07;5,25
Aragoiânia;2018;8,07375;10;10;10;5,33;10;10;5,28;3,98
Araguapaz;2012;7,76625;10;10;10;4,43;2,7;7,56;10;7,44
Araguapaz;2014;7,4625;9,93;10;4,58;4,3;7,7;10;8,14;5,05
Araguapaz;2016;7,5075;10;10;4,57;4,26;10;8,48;6,5;6,25
Araguapaz;2018;7,8675;10;10;8,64;4,33;6;8,92;8,68;6,37
Arenópolis;2012;9,30125;10;10;10;10;6,2;10;10;8,21
Arenópolis;2014;9,00125;10;10;10;10;10;7,31;10;4,7
Arenópolis;2016;9,2825;10;10;10;10;9,78;10;10;4,48
Arenópolis;2018;8,7225;10;6,94;10;10;10;8,72;6,43;7,69
Aruanã;2012;7,9425;9,44;10;10;6,5;5,2;10;7,82;4,58
Aruanã;2014;7,9375;8,81;10;8,88;6;8,4;7,92;6,15;7,34
Aruanã;2016;7,39125;8,53;8,33;8,78;5,72;3,43;10;7,78;6,56
Aruanã;2018;6,80375;7,03;3,7;7,42;5,33;9;8,75;6,23;6,97
Aurilândia;2012;6,49125;8,62;10;8,9;0;2,8;10;7,19;4,42
Aurilândia;2014;6,73375;10;4,86;10;0;2,8;10;9,44;6,77
Aurilândia;2016;7,4075;10;10;10;0;5,7;10;8,13;5,43
Aurilândia;2018;7,41625;10;8,87;10;0;9;10;5,59;5,87
Avelinópolis;2012;9,2775;10;8,83;10;10;10;10;8,5;6,89
Avelinópolis;2014;8,7575;10;10;10;10;4;10;9;7,06
Avelinópolis;2016;9,17875;10;10;10;10;8;10;10;5,43
Avelinópolis;2018;8,69625;10;10;10;10;8;7,22;7,92;6,43
Baliza;2012;5,8625;7,81;4,33;8,07;0;2,6;10;8,13;5,96
Baliza;2014;5,5925;9,78;0;10;0;4,8;10;5,79;4,37
Baliza;2016;5,37375;10;4,09;10;0;2,25;6,9;7,41;2,34
Baliza;2018;5,5475;10;0;10;0;10;6,88;7,5;0
Barro Alto;2012;7,18125;8,5;10;4,96;10;4,5;8,88;5,29;5,32
Barro Alto;2014;7,925;6,84;10;7,02;10;6,2;10;9,05;4,29
Barro Alto;2016;7,76;7,11;10;7,59;7,31;8,97;9,43;6,54;5,13
Barro Alto;2018;7,84125;5,78;10;10;7,33;10;9,29;5,75;4,58
Bela Vista de Goiás;2012;8,0875;9,16;9,94;9,26;3,6;10;9,26;7,1;6,38
Bela Vista de Goiás;2014;8,25875;10;10;10;3,77;9,4;9,43;6,99;6,48
Bela Vista de Goiás;2016;7,46375;8,09;9,27;9,98;3,62;6,15;8,53;7,3;6,77
Bela Vista de Goiás;2018;7,9275;10;8,85;10;3,67;10;9,13;5,69;6,08
Bom Jardim de Goiás;2012;8,32375;9,9;9,78;9,96;10;3,5;8,65;7,08;7,72
Bom Jardim de Goiás;2014;7,645;8,04;10;8,15;10;4,6;6,82;8,64;4,91
Bom Jardim de Goiás;2016;8,40875;10;10;8,14;8,69;4,53;10;8,34;7,57
Bom Jardim de Goiás;2018;7,6675;10;7,62;7,5;8,67;10;8,39;4,83;4,33
Bom Jesus de Goiás;2012;7,625;10;10;10;5,23;4,7;8,41;7;5,66
Bom Jesus de Goiás;2014;6,6625;9,73;10;8,12;3,1;5,8;6,37;6,93;3,25
Bom Jesus de Goiás;2016;6,84;9,61;10;8,06;2,72;4,73;8,9;7,43;3,27
Bom Jesus de Goiás;2018;7,32125;8,39;10;6,95;3;10;8,72;4,85;6,66
Bonfinópolis;2012;7,81;10;10;6,42;8,67;7,8;7,14;7,19;5,26
Bonfinópolis;2014;8,21625;9,91;6,92;10;8;10;9,04;6,36;5,5
Bonfinópolis;2016;7,1825;10;8,33;8,77;0;10;9,35;6,83;4,18
Bonfinópolis;2018;7,34125;10;8,25;7,48;1;10;9,1;6,95;5,95
Bonópolis;2012;5,6425;3,1;10;3,92;0;5,6;10;5,5;7,02
Bonópolis;2014;6,99125;9,54;10;9,57;0;5,2;10;6,92;4,7
Bonópolis;2016;7,595;10;8,2;10;0;10;10;7,78;4,78
Bonópolis;2018;7,8275;10;10;10;0;10;10;5,83;6,79
Brazabrantes;2012;8,2725;10;10;10;0;9,2;10;8,5;8,48
Brazabrantes;2014;7,9025;10;10;10;0;5,8;10;10;7,42
Brazabrantes;2016;7,345;10;10;10;0;5,67;7,18;8,59;7,32
Brazabrantes;2018;8,08375;10;10;9,63;0;9;10;7,58;8,46
Britânia;2012;8,5675;9,84;10;10;10;3,6;9,01;7,1;8,99
Britânia;2014;8,3025;10;10;6,23;10;8,7;8,58;7,33;5,58
Britânia;2016;8,195;10;10;6,22;10;10;8,56;7,32;3,46
Britânia;2018;8,5;10;10;5,42;10;10;9,43;7,44;5,71
Buriti Alegre;2012;8,04875;9,59;10;8,86;9,17;4,4;9,29;7,4;5,68
Buriti Alegre;2014;6,29625;3,07;10;3,48;9,23;4,3;7,88;7,5;4,91
Buriti Alegre;2016;7,36625;7,33;9,15;7,58;8,8;6,34;8,64;7,68;3,41
Buriti Alegre;2018;8,3975;10;10;6,9;8,67;10;8,61;7,73;5,27
Buriti de Goiás;2012;8,9;9,57;8,01;10;10;7,8;7,2;10;8,62
Buriti de Goiás;2014;8,9825;10;10;10;10;3,8;10;8,95;9,11
Buriti de Goiás;2016;8,76;10;10;10;10;3,85;10;8,17;8,06
Buriti de Goiás;2018;9,23;10;9,62;10;10;10;10;5;9,22
Buritinópolis;2012;5,3425;0,53;6,14;10;0;3;10;5,26;7,81
Buritinópolis;2014;6,1325;9,11;10;9,54;0;2,9;7,08;4,74;5,69
Buritinópolis;2016;6,3175;10;8,05;10;0;2,95;5,92;7,88;5,74
Buritinópolis;2018;7,9675;10;10;10;0;6;10;8,81;8,93
Cabeceiras;2012;7,9875;10;10;10;7,2;5,4;10;6,12;5,18
Cabeceiras;2014;7,3025;9,25;10;9,3;6,9;3,9;8,22;6,32;4,53
Cabeceiras;2016;8,23375;9,12;10;9,27;6,81;6,39;10;8,15;6,13
Cabeceiras;2018;7,67;10;8,01;10;6,67;6;9;4,64;7,04
Cachoeira Alta;2012;6,175;5,69;10;2,07;8,1;2,8;7,17;8,27;5,3
Cachoeira Alta;2014;7,285;7,59;10;7,73;7,63;1,8;10;7,5;6,03
Cachoeira Alta;2016;8,00875;10;10;10;7,42;3,42;8,88;7,63;6,72
Cachoeira Alta;2018;9,065;10;10;10;7,33;9;10;8,33;7,86
Cachoeira de Goiás;2012;4,96875;3,17;10;3,23;0;7,1;10;6,25;0
Cachoeira de Goiás;2014;7,3425;10;10;10;0;7;10;4,55;7,19
Cachoeira de Goiás;2016;6,9625;10;5,12;10;0;7,02;10;10;3,56
Cachoeira de Goiás;2018;7,03875;10;10;10;0;7;5;6,88;7,43
Cachoeira Dourada;2012;7,98375;10;5,18;10;6,47;6,1;10;7,42;8,7
Cachoeira Dourada;2014;8,67125;10;10;10;6,33;10;9,02;6,8;7,22
Cachoeira Dourada;2016;8,75375;10;10;10;7,95;9,54;8,55;8,67;5,32
Cachoeira Dourada;2018;7,63;10;4,38;10;7;10;8,95;6,18;4,53
Caçu;2012;7,58375;9,81;7,26;9,95;7,17;5,2;6,67;7,53;7,08
Caçu;2014;7,11375;10;10;5,08;6,5;4,2;9,35;5,63;6,15
Caçu;2016;8,41;10;10;10;6,29;8,09;9,03;7,32;6,55
Caçu;2018;8,31875;8,91;10;8,71;6;10;9,41;6,11;7,41
Caiapônia;2012;7,54625;10;7,53;10;10;3,5;9,59;5,15;4,6
Caiapônia;2014;6,21375;7,82;10;2,03;6;3,9;7,74;6,73;5,49
Caiapônia;2016;6,15375;7,7;9,62;2,02;4,22;6,06;8,32;7,58;3,71
Caiapônia;2018;8,11375;10;10;7,21;5;9;9,77;7,19;6,74
Caldas Novas;2012;7,74;9,55;10;9,73;3,6;7,8;8,94;6,14;6,16
Caldas Novas;2014;6,15625;4,74;9,46;3,24;3,6;8,9;7,85;6,51;4,95
Caldas Novas;2016;6,10625;4,13;7,46;3,12;3,48;9,33;9,01;7,22;5,1
Caldas Novas;2018;6,30875;4,56;6,71;3,73;3,33;10;9,42;5,74;6,98
Caldazinha;2012;7,7425;10;10;10;0;8,9;8,06;6,78;8,2
Caldazinha;2014;7,63625;10;10;10;0;8,5;10;5,29;7,3
Caldazinha;2016;8,11625;10;10;10;0;10;8,2;8,44;8,29
Caldazinha;2018;7,6375;10;8,12;9,34;0;10;10;5,83;7,81
Campestre de Goiás;2012;6,31125;5,27;10;5,61;0;5,9;10;7,75;5,96
Campestre de Goiás;2014;5,99125;10;10;10;0;2,8;4,38;4,44;6,31
Campestre de Goiás;2016;7,56375;10;10;10;0;5,59;10;8,27;6,65
Campestre de Goiás;2018;7,7125;9,46;10;9,52;0;10;8,53;9,11;5,08
Campinaçu;2012;8,06875;8,76;10;8,76;10;2,7;6,82;10;7,51
Campinaçu;2014;7,91125;10;10;10;10;8;5;5,65;4,64
Campinaçu;2016;8,10625;7,94;6,32;10;10;8,01;10;8,17;4,41
Campinaçu;2018;7,82875;10;5,41;10;10;10;7,22;5;5
Campinorte;2012;6,8075;10;10;6,37;5,03;0,9;9,14;6,31;6,71
Campinorte;2014;7,195;9,13;10;9,18;4,8;2,5;10;8;3,95
Campinorte;2016;7,3125;9,65;10;10;4,42;4,14;9,16;6,7;4,43
Campinorte;2018;7,6325;10;9,59;10;4,33;5;9,66;6,03;6,45
Campo Alegre de Goiás;2012;7,4325;9,05;10;10;3,23;10;9,04;1,1;7,04
Campo Alegre de Goiás;2014;8,38375;10;9,7;10;3;10;10;6,67;7,7
Campo Alegre de Goiás;2016;8,42625;10;7,5;10;8,7;10;7,65;7,41;6,15
Campo Alegre de Goiás;2018;8,23125;10;10;10;8,33;10;8,59;2,24;6,69
Campo Limpo de Goiás;2012;5,91;9,51;10;9,57;0;0;7,02;5,31;5,87
Campo Limpo de Goiás;2014;6,0625;9,11;10;4,93;0;4,4;10;5,62;4,44
Campo Limpo de Goiás;2016;6,11125;10;10;5,33;0;2,82;10;6,11;4,63
Campo Limpo de Goiás;2018;5,82625;9,43;6,21;4,1;0;8;9,66;4,57;4,64
Campos Belos;2012;5,50875;0;10;0;6,13;4,3;9,59;9,07;4,98
Campos Belos;2014;7,20875;8,75;9,87;8,83;5,87;5,2;7,24;7,81;4,1
Campos Belos;2016;7,09375;8,38;7,9;8,65;5,8;6,65;9,56;7,48;2,33
Campos Belos;2018;7,25875;8,41;8,31;8,61;5,67;7;9,1;5,63;5,34
Campos Verdes;2012;8,235;10;8,05;10;10;4,2;10;6,16;7,47
Campos Verdes;2014;7,555;10;10;7,39;10;4,6;7,86;6,92;3,67
Campos Verdes;2016;7,76125;10;10;7,56;10;5,17;6,96;6,73;5,67
Campos Verdes;2018;7,92625;10;7,08;9,44;10;10;9,16;3,18;4,55
Carmo do Rio Verde;2012;6,81;6,65;10;7,05;6,67;1,1;8,29;8,04;6,68
Carmo do Rio Verde;2014;7,36;9,79;10;7,94;6;2,1;9,13;8,4;5,52
Carmo do Rio Verde;2016;7,66875;10;9,07;10;5,86;3,1;9,34;7,97;6,01
Carmo do Rio Verde;2018;7,98125;10;8,49;10;6;5;10;7,47;6,89
Castelândia;2012;7,87625;10;10;5,57;10;2,8;10;7,07;7,57
Castelândia;2014;7,06;9,53;4,81;9,55;10;5,4;6,72;6,52;3,95
Castelândia;2016;8,10875;9,49;10;9,58;10;5,49;10;7,97;2,34
Castelândia;2018;8,9525;9,37;10;9,45;10;10;8,53;7;7,27
Catalão;2012;9,30125;9,99;9,54;10;9,03;10;9,29;7,75;8,81
Catalão;2014;6,14125;0,61;8,03;0;5,87;10;8,89;7,69;8,04
Catalão;2016;6,37125;3,05;6,92;0;6,82;10;9,38;7,94;6,86
Catalão;2018;6,7475;1,93;7,52;3,75;7,33;10;9,56;5,81;8,08
Caturaí;2012;7,7275;8,87;10;9,01;10;2,1;8,51;7,4;5,93
Caturaí;2014;7,895;10;10;10;10;4,1;5;7,14;6,92
Caturaí;2016;8,49375;10;10;10;10;6,03;7,13;8,06;6,73
Caturaí;2018;9,225;10;10;10;10;10;9,17;6,77;7,86
Cavalcante;2012;8,12125;9,9;9,65;10;6,37;8,5;9,5;6,14;4,91
Cavalcante;2014;6,2975;6,16;10;4,88;6,17;6,2;7,31;7,74;1,92
Cavalcante;2016;7,0675;10;10;7,32;5,12;5,12;8,37;8,44;2,17
Cavalcante;2018;7,6525;10;10;6,65;5,33;10;9,25;7,97;2,02
Ceres;2012;7,93375;8,01;10;1,9;10;10;8,46;8,1;7
Ceres;2014;9,0475;9,91;10;9,92;10;10;8,72;7,07;6,76
Ceres;2016;9,02375;9,87;9,2;9,89;10;10;8,95;7,9;6,38
Ceres;2018;8,85625;9,21;8,25;10;10;10;9,83;6,38;7,18
Cezarina;2012;8,695;9,75;10;10;10;3,9;9,4;8,68;7,83
Cezarina;2014;7,95125;8,94;9,63;9,01;10;6,2;9,18;6,6;4,05
Cezarina;2016;6,69875;8,75;6,82;8,96;6,09;6,09;8,4;6,2;2,28
Cezarina;2018;8,37;10;7,35;8,09;6,33;10;9,54;7,81;7,84
Chapadão do Céu;2012;7,95125;10;10;10;6,43;10;9,41;0;7,77
Chapadão do Céu;2014;8,7175;9,33;10;9,37;10;10;8,75;4,29;8
Chapadão do Céu;2016;8,145;7,67;10;8,06;9,7;10;8,42;3,42;7,89
Chapadão do Céu;2018;9,19625;10;10;10;9,33;10;10;5,19;9,05
Cidade Ocidental;2012;6,0025;4,23;10;2,11;2,57;10;9,41;4,3;5,4
Cidade Ocidental;2014;5,51625;8,27;10;1,79;1,07;6;7,9;4,39;4,71
Cidade Ocidental;2016;6,14875;9,62;10;1,78;1,25;7,01;8,76;6,24;4,53
Cidade Ocidental;2018;6,76625;10;9,57;3,97;1,67;10;9,91;3,38;5,63
Cocalzinho de Goiás;2012;7,52375;9,99;10;10;6,63;4;8,61;6,01;4,95
Cocalzinho de Goiás;2014;7,03125;9,72;10;9,73;3,77;3,2;9,5;5,41;4,92
Cocalzinho de Goiás;2016;7,29;8,64;10;9,68;3,84;5,23;10;6,63;4,3
Cocalzinho de Goiás;2018;7,405;10;10;8,77;4;8;8,57;5,61;4,29
Colinas do Sul;2012;7,89625;7,79;10;7,19;10;10;6,5;8,2;3,49
Colinas do Sul;2014;7,885;10;10;10;10;5,6;10;4,78;2,7
Colinas do Sul;2016;8,00125;10;10;10;10;2,82;8,28;8,8;4,11
Colinas do Sul;2018;8,535;10;10;10;10;8;7,92;5,31;7,05
Córrego do Ouro;2012;8,49625;10;10;10;10;3,8;10;6,54;7,63
Córrego do Ouro;2014;8,0275;10;10;10;10;0;10;6,47;7,75
Córrego do Ouro;2016;7,49875;9;10;10;10;0;6,77;6,67;7,55
Córrego do Ouro;2018;9,1625;10;8,84;10;10;10;7,37;8,44;8,65
Corumbá de Goiás;2012;5,64;6,68;5,71;7,08;4,17;2,9;8,53;7,78;2,27
Corumbá de Goiás;2014;7,065;9,91;10;9,92;4,63;3,7;8,11;5,95;4,3
Corumbá de Goiás;2016;7,265;9,87;8,48;9,89;3,95;4,56;9,22;7,56;4,59
Corumbá de Goiás;2018;8,3625;9,21;10;10;4;10;10;8,7;4,99
Corumbaíba;2012;8,10875;9,9;10;10;10;2,4;9,35;5,85;7,37
Corumbaíba;2014;8,75125;8,15;8,79;8,26;10;7,9;10;8,93;7,98
Corumbaíba;2016;8,29125;7,84;10;8,2;9,55;6,61;10;7,36;6,77
Corumbaíba;2018;8,39625;6,76;10;7,17;9,33;10;9,41;6,81;7,69
Cristalina;2012;6,98125;10;10;10;0,63;4,4;9,48;4,35;6,99
Cristalina;2014;6,18375;6,88;10;6,23;2,87;4,9;8,69;4,9;5
Cristalina;2016;6,76375;8,25;10;6,94;2,75;6,57;8,86;5,57;5,17
Cristalina;2018;6,72;6,92;9,95;7,31;3;9;9,56;2,31;5,71
Cristianópolis;2012;7,98125;10;7,32;10;9,1;3,4;10;6,62;7,41
Cristianópolis;2014;8,5225;10;10;10;8,83;6,6;10;8;4,75
Cristianópolis;2016;8,70875;9;8,68;10;8,82;9,92;10;8,7;4,55
Cristianópolis;2018;8,3175;10;9,65;10;8,67;10;10;3;5,22
Crixás;2012;8,59125;9,71;9,92;10;10;5,7;9,02;6,75;7,63
Crixás;2014;7,98;8,61;10;8,69;10;4,2;8,39;6,47;7,48
Crixás;2016;8,365;9,3;9,93;7,58;10;7,19;8,97;7,22;6,73
Crixás;2018;8,67625;10;8,14;10;10;10;9,59;4,85;6,83
Cromínia;2012;7,71375;10;8,52;10;6,57;0;10;8,93;7,69
Cromínia;2014;8,0025;10;10;10;6,43;5,5;8,25;7,5;6,34
Cromínia;2016;7,59375;9,97;2,28;10;10;5,53;7,85;8,8;6,32
Cromínia;2018;9,1525;10;8,9;10;10;10;10;7,22;7,1
Cumari;2012;7,4775;9,05;6,38;10;10;3,4;6,96;8,27;5,76
Cumari;2014;7,68625;10;10;10;10;0;5,96;10;5,53
Cumari;2016;7,7175;8;4,06;9,77;10;3,34;10;8,27;8,3
Cumari;2018;8,5175;10;9,29;10;10;10;10;1,07;7,78
Damianópolis;2012;7,95625;10;10;10;10;3;10;6,62;4,03
Damianópolis;2014;8,27;10;10;10;10;3;10;8;5,16
Damianópolis;2016;8,14125;10;10;10;10;2,95;10;6,11;6,07
Damianópolis;2018;9,01875;10;7,72;10;10;9;10;8,86;6,57
Damolândia;2012;8,4175;10;10;6,64;10;3,6;10;9,17;7,93
Damolândia;2014;7,82375;10;3,58;10;10;7;6,38;8,75;6,88
Damolândia;2016;8,88375;10;10;10;10;10;6,31;8,27;6,49
Damolândia;2018;9,64375;10;10;10;10;10;8,39;10;8,76
Davinópolis;2012;7,00875;9,76;10;10;0;4,9;5,63;7,5;8,28
Davinópolis;2014;7,115;10;10;10;0;0;10;6,92;10
Davinópolis;2016;8,40125;10;10;10;0;9,41;10;9,03;8,77
Davinópolis;2018;8,00125;10;10;10;0;10;10;7,22;6,79
Diorama;2012;8,1925;10;5,46;9,15;10;10;10;1,56;9,37
Diorama;2014;9,3425;9,11;10;10;10;10;10;7,78;7,85
Diorama;2016;9,74875;10;10;10;10;10;10;10;7,99
Diorama;2018;9,37625;10;7,28;10;10;10;10;7,73;10
Divinópolis de Goiás;2012;7,84125;10;10;10;10;4;8,97;6,62;3,14
Divinópolis de Goiás;2014;6,905;10;5,87;6,99;10;4;8,36;7,69;2,33
Divinópolis de Goiás;2016;8,20125;9;10;10;10;5,98;9,11;9,14;2,38
Divinópolis de Goiás;2018;8,8675;10;8,06;10;10;10;10;9;3,88
Doverlândia;2012;7,69625;10;7,55;10;10;5,1;7,94;4,92;6,06
Doverlândia;2014;7,6375;9,89;9,37;10;10;2,5;6,56;5,79;6,99
Doverlândia;2016;8,27125;10;10;10;10;3,83;9,16;6,54;6,64
Doverlândia;2018;8,70875;10;6,61;10;10;10;9,24;6,59;7,23
Edealina;2012;8,07625;10;10;9,86;0;10;8,48;7,59;8,68
Edealina;2014;9,3675;10;10;10;8,73;10;7,77;9,26;9,18
Edealina;2016;8,66375;10;7,31;10;4,37;10;10;8,7;8,93
Edealina;2018;8,925;10;10;10;4,33;10;10;8,08;8,99
Edéia;2012;7,15125;10;10;10;5,3;2,6;8,16;5,68;5,47
Edéia;2014;7,55625;10;10;10;5,07;4,2;7,16;7,38;6,64
Edéia;2016;8,7375;10;10;10;9,68;7,47;7,69;6,93;8,13
Edéia;2018;8,5275;10;10;10;6;6;9,33;7,76;9,13
Estrela do Norte;2012;8,6725;10;10;10;10;6;7,67;8,82;6,89
Estrela do Norte;2014;6,435;7,34;10;7,82;10;2,9;5,33;4,12;3,97
Estrela do Norte;2016;8,45;10;10;10;10;2,95;10;9,29;5,36
Estrela do Norte;2018;8,4625;10;10;10;10;6;10;4,32;7,38
Faina;2012;7,33;8,59;7,67;8,76;7,2;7,2;5,33;7,5;6,39
Faina;2014;7,8875;10;10;9,54;7,07;2,8;10;5,81;7,88
Faina;2016;8,3525;10;10;9,97;7,14;2,86;10;8,52;8,33
Faina;2018;8,4425;10;5,9;9,88;9,67;10;10;6;6,09
Fazenda Nova;2012;6,5325;4,74;10;5,02;10;3,2;10;6,67;2,63
Fazenda Nova;2014;8,06;10;10;10;10;1,6;8,09;7,84;6,95
Fazenda Nova;2016;7,79125;10;8,47;10;10;1,62;6,96;7,88;7,4
Fazenda Nova;2018;8,145;10;7,85;10;8,67;6;10;4,51;8,13
Firminópolis;2012;8,13875;9,72;10;10;9,67;4,3;8,14;8,04;5,24
Firminópolis;2014;7,69625;10;4,84;10;6,2;3,2;10;8,75;8,58
Firminópolis;2016;8,11125;10;10;10;6,86;4,75;9,21;9,03;5,04
Firminópolis;2018;7,81;10;8,73;10;6,67;7;8,49;5,1;6,49
Flores de Goiás;2012;6,1825;9,83;10;10;1,87;2,4;8,56;5,38;1,42
Flores de Goiás;2014;5,825;7,87;10;8;1,7;5,9;6,25;5,26;1,62
Flores de Goiás;2016;6,48875;10;9,01;10;1,62;4,17;9,28;4,57;3,26
Flores de Goiás;2018;7,095;9,17;10;9,27;1,67;10;9,13;1,43;6,09
Formosa;2012;7,6025;10;9,14;10;2,8;9,1;9,05;5,81;4,92
Formosa;2014;6,2125;5,48;9,73;5,41;2,77;8;8,88;5,26;4,17
Formosa;2016;6,67125;5,61;10;5,68;2,61;9,09;9,08;6,72;4,58
Formosa;2018;6,38375;5,27;8,39;5,49;2;10;9,73;3,67;6,52
Formoso;2012;8,08375;10;6,25;10;10;0;10;10;8,42
Formoso;2014;7,64;10;10;10;10;2,1;8,31;5,29;5,42
Formoso;2016;7,58625;9,17;2,53;10;10;8,46;8,56;7,7;4,27
Formoso;2018;8,98;10;10;10;10;8;10;6,15;7,69
Gameleira de Goiás;2012;7,59375;10;10;9,34;0;6;10;8,27;7,14
Gameleira de Goiás;2014;6,47375;10;10;10;0;5,6;6,61;5;4,58
Gameleira de Goiás;2016;7,09;10;10;10;0;8,19;7,02;10;1,51
Gameleira de Goiás;2018;7,295;10;8,87;10;0;10;10;5;4,49
Goianápolis;2012;7,16125;6,3;10;6,24;10;5,6;8,49;6,87;3,79
Goianápolis;2014;8,36625;10;10;9,14;7,27;8,2;9,38;7,58;5,36
Goianápolis;2016;7,395;10;10;10;5,44;4,54;8,76;6,8;3,62
Goianápolis;2018;8,18;10;10;10;5,33;10;9,76;5,65;4,7
Goiandira;2012;6,38375;10;10;0;10;3,8;1,25;9,22;6,8
Goiandira;2014;8,30375;10;10;0;10;10;10;8,67;7,76
Goiandira;2016;7,95;10;9,19;0;10;10;6,84;8,77;8,8
Goiandira;2018;9,40125;10;10;10;10;10;10;7;8,21
Goianésia;2012;8,7;9,96;10;10;8,47;9,3;8,76;6,78;6,33
Goianésia;2014;7,605;6,62;9,74;6,82;9,17;7,8;8,35;7,25;5,09
Goianésia;2016;8,00125;6,13;9,65;6,77;10;9,28;9,36;7,6;5,22
Goianésia;2018;8,0125;5,09;9,89;10;8,33;10;9,36;6,81;4,62
Goiânia;2012;6,84;3,19;8,5;1,09;8,9;10;9,14;6,67;7,23
Goiânia;2014;6,9025;4,37;8,82;2,32;7,77;10;8,67;6,81;6,46
Goiânia;2016;6,705;3,71;7,68;2,44;7,46;10;9,19;7,51;5,65
Goiânia;2018;6,4375;2,81;6,07;2,89;8;10;9,45;6,17;6,11
Goianira;2012;6,48625;6,67;10;7,07;2,67;3,7;8,47;4,95;8,36
Goianira;2014;7,12875;9,78;10;9,79;2,47;5;7,24;5,66;7,09
Goianira;2016;7,45;10;10;9,61;2,36;5,57;9,33;7,11;5,62
Goianira;2018;7,725;10;10;10;2,33;10;9,45;5,14;4,88
Goiás;2012;8,38375;10;7,21;10;10;6,9;8,79;7,25;6,92
Goiás;2014;8,8975;10;9,78;9,88;9,13;9,7;8,85;7,16;6,68
Goiás;2016;8,4475;10;4,16;10;9,27;10;9,44;7,63;7,08
Goiás;2018;8,1275;10;4,98;10;8,33;10;8,69;6,05;6,97
Goiatuba;2012;7,39125;8;9,13;8,24;6,03;4,9;9,17;6,34;7,32
Goiatuba;2014;7,8325;9,96;10;10;5,83;4,7;8,34;7,48;6,35
Goiatuba;2016;7,6925;9,55;8,67;10;5,78;5,58;8,32;7,66;5,98
Goiatuba;2018;8,7025;8,81;9,26;10;8,33;10;9,65;6,38;7,19
Gouvelândia;2012;6,7325;10;10;10;0;0;10;7,59;6,27
Gouvelândia;2014;6,29125;6,62;10;6,82;0;5,6;10;4,67;6,62
Gouvelândia;2016;6,61625;6,13;10;6,78;0;5,46;8,48;8,39;7,69
Gouvelândia;2018;6,17125;5,06;8,68;5,69;0;9;7,92;6,3;6,72
Guapó;2012;6,425;10;10;10;0;1,4;8,42;6,01;5,57
Guapó;2014;6,515;10;10;10;0;2,8;7,61;6,48;5,23
Guapó;2016;7,075;10;10;10;0;4,85;9,56;6,74;5,45
Guapó;2018;7,26875;10;9,93;10;0;8;9,52;6,1;4,6
Guaraíta;2012;7,47875;9,45;10;9,52;0;8,5;10;5,5;6,86
Guaraíta;2014;5,78125;10;5,42;10;0;0;10;6;4,83
Guaraíta;2016;7,62;10;9,3;10;0;4,41;10;8,59;8,66
Guaraíta;2018;7,6675;10;10;10;0;9;10;6,25;6,09
Guarani de Goiás;2012;6,5975;10;10;8,42;0;2,4;8,25;7,75;5,96
Guarani de Goiás;2014;6,2225;8,24;10;8,88;0;2,3;6,61;8,33;5,42
Guarani de Goiás;2016;7,04125;10;10;10;0;7,14;4,95;10;4,24
Guarani de Goiás;2018;7,53;10;10;10;0;7;10;6,67;6,57
Guarinos;2012;6,7475;10;10;10;0;4,4;10;6,54;3,04
Guarinos;2014;6,0825;9,11;10;10;0;4,5;5,43;4,67;4,95
Guarinos;2016;7,16125;9;10;10;0;4,69;5,44;9,03;9,13
Guarinos;2018;7,51;10;8,48;10;0;9;10;4,74;7,86
Heitoraí;2012;7,5075;7,97;10;5,48;10;2,8;10;5,5;8,31
Heitoraí;2014;8,165;9,6;10;9,62;10;2,7;7,77;8,1;7,53
Heitoraí;2016;8,3375;9,53;7,91;9,61;10;5,36;10;6,89;7,4
Heitoraí;2018;9,03125;10;9,63;10;10;10;10;4,23;8,39
Hidrolândia;2012;7,215;10;8,81;10;3,4;2,8;9,34;7,13;6,24
Hidrolândia;2014;7,3675;10;10;10;3,67;4,7;9,25;6,04;5,28
Hidrolândia;2016;7,56875;9,91;9,85;10;3,54;6,58;9,06;6,64;4,97
Hidrolândia;2018;7,66875;10;7,29;10;3,67;10;9,16;5,76;5,47
Hidrolina;2012;8,46;9,79;10;9,97;10;5;10;7,19;5,73
Hidrolina;2014;6,48125;6,31;10;5,8;10;5;2,13;7,78;4,83
Hidrolina;2016;8,61;10;10;8,73;10;7,64;10;8,17;4,34
Hidrolina;2018;8,645;10;7,64;10;10;8;10;5;8,52
Iaciara;2012;6,12625;9,93;4,34;7,91;5,83;1,6;9,59;4,18;5,63
Iaciara;2014;5,8;7,87;10;5,48;5,57;2,3;6,31;6,72;2,15
Iaciara;2016;6,98125;7,82;10;5,46;3,97;5,21;9,16;8,21;6,02
Iaciara;2018;6,1675;6,94;7,96;4,45;4;10;9,37;2,92;3,7
Inaciolândia;2012;7,97;9,87;10;8,47;9,3;3,5;8,27;7,5;6,85
Inaciolândia;2014;8,13375;10;10;10;8,93;3,3;8,75;7,93;6,16
Inaciolândia;2016;7,57375;10;8,83;10;8,79;3,3;8,42;5,76;5,49
Inaciolândia;2018;8,77625;10;10;10;8,67;10;10;5,31;6,23
Indiara;2012;6,7125;10;10;0;8,93;1,4;9,35;8,04;5,98
Indiara;2014;7,2125;9,92;6,4;9,93;8,47;2,7;10;6,6;3,68
Indiara;2016;6,3775;9,85;0,24;9,88;4,48;4,7;9,11;6,81;5,95
Indiara;2018;7,3225;8,92;4,63;10;4,67;6;10;5,72;8,64
Inhumas;2012;8,475;8,57;9,51;8,74;10;7,4;9,14;6,82;7,62
Inhumas;2014;7,9375;9,9;7,72;7,08;6,9;8,1;8,6;7,23;7,97
Inhumas;2016;7,54375;9,85;4,19;7,05;6,21;7,57;9,4;8,49;7,59
Inhumas;2018;7,86125;9,09;4,93;9,96;6,33;10;9,41;5,96;7,21
Ipameri;2012;8,78;10;10;10;10;6;8,37;7,46;8,41
Ipameri;2014;8,5275;10;8,92;8,29;10;6,5;8,98;6,87;8,66
Ipameri;2016;8,575;10;10;8,26;7,58;7,2;8,83;8,02;8,71
Ipameri;2018;8,97;10;7,23;10;10;10;9,28;7,01;8,24
Ipiranga de Goiás;2012;6,67;9;10;6,52;0;3,5;10;8,68;5,66
Ipiranga de Goiás;2014;3,73375;8,23;2,23;0;0;0;10;4,17;5,24
Ipiranga de Goiás;2016;5,605;10;10;0;0;3,4;10;6,11;5,33
Ipiranga de Goiás;2018;8,23875;10;10;10;0;10;10;8,15;7,76
Iporá;2012;7,4675;5,27;10;10;5,43;6,4;9,14;7,38;6,12
Iporá;2014;7,81875;8,75;10;8,83;5,3;6,8;8,91;7,69;6,27
Iporá;2016;7,37;8,59;9,42;8,83;5,38;4,35;9,05;7,52;5,82
Iporá;2018;8,42875;8,15;10;8,38;5,33;9;9,55;7,51;9,51
Israelândia;2012;8,80875;10;10;10;10;6,9;7,2;7,75;8,62
Israelândia;2014;7,6625;10;10;10;10;0;10;6;5,3
Israelândia;2016;7,8475;10;10;10;10;3,42;10;4,56;4,8
Israelândia;2018;9,07125;10;10;10;8;10;10;8,53;6,04
Itaberaí;2012;7,6175;10;10;6,58;5,67;5,3;9,09;7,17;7,13
Itaberaí;2014;6,8275;7,8;7,91;5,4;5,3;5,5;8,1;7,02;7,59
Itaberaí;2016;7,435;8,21;9,39;5,67;5,38;7,82;9,46;7,64;5,91
Itaberaí;2018;7,34;8,15;6,41;7,29;5,33;10;9,75;5,34;6,45
Itaguari;2012;6,6675;10;10;7,73;0;2,2;10;8,5;4,91
Itaguari;2014;6,72125;10;10;10;0;2,1;8,19;7,27;6,21
Itaguari;2016;7,1325;10;10;10;0;4,25;10;6,99;5,82
Itaguari;2018;7,31375;10;10;10;0;4;10;8,21;6,3
Itaguaru;2012;8,015;9,89;10;4,41;10;5,5;10;8,31;6,01
Itaguaru;2014;7,60625;9,68;10;10;0;5,4;10;9,46;6,31
Itaguaru;2016;8,41375;10;10;10;10;7,29;10;6,99;3,03
Itaguaru;2018;9,00125;10;10;10;10;10;7,78;7,37;6,86
Itajá;2012;8,7925;9,31;10;9,39;10;8;10;8,02;5,62
Itajá;2014;7,28125;10;4,26;6,91;10;4;8,69;7,78;6,61
Itajá;2016;6,6325;9,08;7,19;6,94;10;2,02;4,56;8,44;4,83
Itajá;2018;8,0325;10;6,41;6,62;10;10;8,57;6,95;5,71
Itapaci;2012;7,75375;10;5,73;10;10;4,8;8,67;6,22;6,61
Itapaci;2014;7,9225;9,77;10;6,97;10;5;8,95;7,02;5,67
Itapaci;2016;7,34375;9,24;7,75;6,76;9,71;1,91;9,24;8,5;5,64
Itapaci;2018;8,04875;9,62;6,87;6,01;10;9;10;6,85;6,04
Itapirapuã;2012;8,5425;10;10;10;10;3,9;7,92;7,88;8,64
Itapirapuã;2014;7,59;10;10;4,61;10;4,1;8,81;7,6;5,6
Itapirapuã;2016;8,075;10;9,84;9,35;10;2,95;8,39;8,21;5,86
Itapirapuã;2018;9,09625;10;10;10;10;9;9,58;7,02;7,17
Itapuranga;2012;7,47625;4,55;10;4,83;10;5,4;9,56;7,1;8,37
Itapuranga;2014;8,13125;9,22;8,37;9,27;10;5,6;6,92;8,03;7,64
Itapuranga;2016;8,8425;9,93;9,95;9,28;10;5,63;9,75;8,12;8,08
Itapuranga;2018;8,69375;10;6,66;10;10;9;9,41;6,95;7,53
Itarumã;2012;7,00375;10;2,17;10;7,33;3,1;10;6,25;7,18
Itarumã;2014;8,12125;10;10;10;6,97;4,5;10;6,77;6,73
Itarumã;2016;8,63;10;10;10;8,27;5,84;10;7,33;7,6
Itarumã;2018;8,48875;10;4,86;9,96;8;9;10;8,39;7,7
Itauçu;2012;8,24625;10;10;10;6,97;5,8;8,16;8,5;6,54
Itauçu;2014;8,00375;10;10;10;6,73;3,4;10;6,77;7,13
Itauçu;2016;7,9675;9,8;10;10;6,7;4,47;10;8,12;4,65
Itauçu;2018;8,69125;10;10;10;6,67;10;10;6,92;5,94
Itumbiara;2012;7,715;7,85;9,72;7,29;5,23;10;9,24;6,95;5,44
Itumbiara;2014;6,8525;4,82;10;4,76;4,47;10;8,21;7,28;5,28
Itumbiara;2016;5,99125;4,12;4,03;4,74;3,95;10;8,75;7,79;4,55
Itumbiara;2018;6,24;3,65;6,2;5,21;4;10;9,48;6,54;4,84
Ivolândia;2012;8,27;5,78;10;6,29;10;7,6;7,59;10;8,9
Ivolândia;2014;8,8525;10;8,51;10;10;10;10;5;7,31
Ivolândia;2016;9,1975;10;10;10;10;10;10;8,06;5,52
Ivolândia;2018;9,3275;10;7,89;10;10;10;10;8,44;8,29
Jandaia;2012;7,7325;10;7,8;10;7,03;3,3;10;7;6,73
Jandaia;2014;7,2075;10;10;10;6,9;4,8;5,37;6,67;3,92
Jandaia;2016;7,57875;10;10;10;6,91;3,19;8,35;8,13;4,05
Jandaia;2018;8,83875;10;10;10;7,33;10;9,33;7,22;6,83
Jaraguá;2012;7,49375;10;9,25;10;5,97;2,6;9,29;7,23;5,61
Jaraguá;2014;6,75;8,5;9,42;7,92;5,6;2,9;7,78;7,19;4,69
Jaraguá;2016;6,46;7,43;8,22;7,06;5,84;2,99;8,4;7,01;4,73
Jaraguá;2018;6,89625;7,4;5,87;6,9;6,33;8;9,31;5,69;5,67
Jataí;2012;8,5825;10;9,81;9,4;6,1;10;8,86;7,01;7,48
Jataí;2014;6,98;5,93;10;6,17;4,2;8,3;8,53;5,96;6,75
Jataí;2016;7,5925;6,98;9,51;7,48;4,51;10;8,96;6,89;6,41
Jataí;2018;7,41375;6,71;6,94;7,66;5;10;9,2;6,17;7,63
Jaupaci;2012;6,93625;6,49;10;6,31;10;0;10;8,68;4,01
Jaupaci;2014;8,015;10;10;10;10;3,3;10;6,36;4,46
Jaupaci;2016;7,95125;9;10;10;10;0;10;5,56;9,05
Jaupaci;2018;8,54625;10;7,37;10;10;10;8,53;6,25;6,22
Jesúpolis;2012;7,165;10;10;10;0;4,3;10;6,54;6,48
Jesúpolis;2014;6,245;7,34;3,46;10;0;8,3;6,5;8,67;5,69
Jesúpolis;2016;6,97625;10;10;10;0;4,09;10;7,17;4,55
Jesúpolis;2018;7,2425;10;10;10;0;8;7,73;6,88;5,33
Joviânia;2012;7,53625;10;10;10;7;1,4;7,11;7,66;7,12
Joviânia;2014;7,6825;9,94;8,24;9,66;6,77;5,4;8,73;8,14;4,58
Joviânia;2016;7,63625;10;9,66;9,65;7,19;2,69;10;6,11;5,79
Joviânia;2018;8,44875;10;8,24;10;7,67;8;10;6,71;6,97
Jussara;2012;6,73125;1,75;10;2,11;10;6,3;8,26;7,33;8,1
Jussara;2014;7,1525;7,07;10;7,24;2,73;5,7;9,16;6,77;8,55
Jussara;2016;7,705;9,26;9,05;7,26;5,17;5,69;10;7,62;7,59
Jussara;2018;7,3925;10;9,37;4,76;5,67;5;9,64;6,06;8,64
Lagoa Santa;2012;8,04;10;10;10;0;10;6,32;10;8
Lagoa Santa;2014;7,71125;10;10;10;0;10;10;6;5,69
Lagoa Santa;2016;7,2675;10;10;10;0;6,97;10;10;1,17
Lagoa Santa;2018;7,72;10;10;10;0;10;10;6,43;5,33
Leopoldo de Bulhões;2012;7,5125;9,87;5,8;9,91;10;3,8;10;5;5,72
Leopoldo de Bulhões;2014;7,91;9,89;10;8,38;10;6,1;10;4;4,91
Leopoldo de Bulhões;2016;7,25125;10;10;8,73;10;2,45;8,71;6,22;1,9
Leopoldo de Bulhões;2018;7,3975;10;5,05;8,75;10;7;8,94;4,64;4,8
Luziânia;2012;5,29125;2,36;10;3,28;2,07;6,2;9,05;3,86;5,51
Luziânia;2014;4,95625;2,87;10;1,84;1,43;6,6;8,81;4,67;3,43
Luziânia;2016;4,61125;2,37;6,52;2,29;1,46;5,15;9,16;6,12;3,82
Luziânia;2018;4,55375;1,36;6,75;3,69;0,67;7;9,47;3,71;3,78
Mairipotaba;2012;8,46875;10;10;10;10;0;10;10;7,75
Mairipotaba;2014;8,7675;10;10;10;10;10;10;6,36;3,78
Mairipotaba;2016;9,28125;10;10;10;10;10;10;8,27;5,98
Mairipotaba;2018;8,88;10;10;10;10;10;10;3,18;7,86
Mambaí;2012;6,95125;10;6,68;10;8,53;2,8;8,44;6,12;3,04
Mambaí;2014;7,13;9,7;10;9,72;5,7;2,6;8,33;4,17;6,82
Mambaí;2016;7,3625;9,54;10;9,61;6,71;3,78;7,21;6,74;5,31
Mambaí;2018;7,4775;10;10;8,32;6,33;6;9,15;3,92;6,1
Mara Rosa;2012;6,68625;5,14;9,12;5,72;8,53;1,9;9,01;7,92;6,15
Mara Rosa;2014;6,33375;7,84;6,17;7,95;5,33;0,9;7,54;7,97;6,97
Mara Rosa;2016;6,7675;9,88;10;6,6;5,76;0,96;7,98;6,06;6,9
Mara Rosa;2018;7,8275;10;7,67;10;5,67;7;9,2;4,62;8,46
Marzagão;2012;8,23;10;10;10;10;0;10;6,78;9,06
Marzagão;2014;8,4675;10;10;10;10;0;10;8,95;8,79
Marzagão;2016;8,985;10;9,12;10;10;4,55;10;8,7;9,51
Marzagão;2018;8,7975;10;10;10;10;5;8,69;7,73;8,96
Matrinchã;2012;7,58375;7,21;10;3,31;10;2,3;10;8,5;9,35
Matrinchã;2014;8,295;8,92;10;10;10;4,4;10;5,71;7,33
Matrinchã;2016;8,31;10;5,4;10;10;4,44;10;8,39;8,25
Matrinchã;2018;8,86375;10;10;10;10;10;8,89;5,16;6,86
Maurilândia;2012;5,35375;2,43;9,11;1,98;4,57;2,6;8,83;8,37;4,94
Maurilândia;2014;5,8;5,58;10;5,84;4,27;0,8;9,44;6,21;4,26
Maurilândia;2016;5,16375;4,37;7,55;5,31;3,09;1,54;8,29;6,94;4,22
Maurilândia;2018;5,1075;3,83;4,88;4,62;3;6;10;4,87;3,66
Mimoso de Goiás;2012;6,7575;10;10;10;0;7,5;6,11;6,03;4,42
Mimoso de Goiás;2014;7,20875;10;10;10;0;3,7;10;10;3,97
Mimoso de Goiás;2016;7,465;10;10;10;0;7,37;10;7,61;4,74
Mimoso de Goiás;2018;6,32125;10;10;10;0;7;10;0;3,57
Minaçu;2012;6,9725;8,49;8,09;8,67;3;5,2;8,91;7,15;6,27
Minaçu;2014;6,1775;6,8;10;4,01;2,97;4,1;8,81;6,75;5,98
Minaçu;2016;5,5025;2,59;10;0,47;3,01;4,51;9,51;8,44;5,49
Minaçu;2018;5,78;5,74;6,45;2,49;3;6;10;6,63;5,93
Mineiros;2012;7,8325;9,46;10;10;4,77;4,8;8,94;6,61;8,08
Mineiros;2014;5,98875;3,35;10;2,22;4,53;4,8;8,19;6,95;7,87
Mineiros;2016;6,8775;5,52;10;2,46;5,84;7,61;8,86;6,98;7,75
Mineiros;2018;7,59875;10;5,39;5,56;6,67;10;9,42;5,81;7,94
Moiporá;2012;7,36625;8,93;5,46;9,22;0;10;10;7,19;8,13
Moiporá;2014;7,895;10;10;10;0;10;10;8;5,16
Moiporá;2016;7,7525;10;10;10;0;10;10;6,67;5,35
Moiporá;2018;6,575;10;2,6;10;0;10;0;10;10
Monte Alegre de Goiás;2012;6,14125;10;2,84;10;6,83;2,6;10;4,62;2,24
Monte Alegre de Goiás;2014;5,9775;7,96;4,4;8,09;6,53;3,7;8,22;6,87;2,05
Monte Alegre de Goiás;2016;6,78875;8,54;9,04;8,78;6,41;2,4;10;7,04;2,1
Monte Alegre de Goiás;2018;6,88125;10;4,8;10;6,33;5;8,85;7,78;2,29
Montes Claros de Goiás;2012;7,3425;9,02;10;8,3;6,27;5;9,37;6,25;4,53
Montes Claros de Goiás;2014;7,8625;10;10;10;10;3,7;8,86;8,86;1,48
Montes Claros de Goiás;2016;8,155;10;10;10;10;4,86;9,28;6,83;4,27
Montes Claros de Goiás;2018;8,88625;10;10;10;9,67;10;9,13;5,56;6,73
Montividiu;2012;8,66375;10;10;10;10;5,6;8,59;8;7,12
Montividiu;2014;7,1425;8,9;10;8,97;9,77;2,6;6,11;4,62;6,17
Montividiu;2016;6,63375;8,03;9,91;8,36;3,58;4,96;9,5;4,58;4,15
Montividiu;2018;7,81375;7,91;9,66;8,18;3,33;10;9,4;7,64;6,39
Montividiu do Norte;2012;7,685;10;10;10;0;4,8;10;10;6,68
Montividiu do Norte;2014;7,22375;10;7,06;10;0;4,6;10;10;6,13
Montividiu do Norte;2016;6,74375;10;7,6;10;0;10;6,56;5,68;4,11
Montividiu do Norte;2018;7,28875;10;10;10;0;7;10;5,83;5,48
Morrinhos;2012;7,92375;7,24;9,45;7,57;6,7;8,1;9,2;7,63;7,5
Morrinhos;2014;8,01875;8,98;10;8,22;6,4;7,3;8,96;8,14;6,15
Morrinhos;2016;7,6725;8,81;8,78;8,19;5,83;6,5;9,52;8,36;5,39
Morrinhos;2018;8,11875;7,97;8,86;8,98;6;10;9,61;6,84;6,69
Morro Agudo de Goiás;2012;8,36375;10;10;10;10;0;10;8,13;8,78
Morro Agudo de Goiás;2014;8,14625;10;10;10;10;0;10;8,18;6,99
Morro Agudo de Goiás;2016;8,65875;10;10;10;10;4,22;10;7,78;7,27
Morro Agudo de Goiás;2018;9,44375;10;10;10;10;10;10;8;7,55
Mossâmedes;2012;8,50625;10;10;10;10;4;10;7,57;6,48
Mossâmedes;2014;8,63;10;10;10;10;4;10;7,5;7,54
Mossâmedes;2016;7,74625;7;10;10;10;2,08;10;7,29;5,6
Mossâmedes;2018;9,465;10;8,54;10;10;10;10;9,14;8,04
Mozarlândia;2012;7,9975;10;8,87;10;9,1;2,2;7,38;8,73;7,7
Mozarlândia;2014;6,62125;7,43;10;7,58;4,63;0;8,9;7,54;6,89
Mozarlândia;2016;6,55875;7,04;10;7,53;4,52;2,71;8,36;6,3;6,01
Mozarlândia;2018;6,54375;6,02;10;6,53;4,67;5;9,09;3,92;7,12
Mundo Novo;2012;7,7675;10;8,31;10;9,5;1,6;8,97;6,25;7,51
Mundo Novo;2014;6,82875;10;10;10;9,7;0;5,74;6;3,19
Mundo Novo;2016;8,45625;10;10;10;10;3,38;9,22;7,58;7,47
Mundo Novo;2018;8,81625;10;10;10;10;8;9,34;5,39;7,8
Mutunópolis;2012;7,69;9,72;4,97;9,82;10;2,6;8,63;7,75;8,03
Mutunópolis;2014;7,03375;9,91;7,1;10;10;0;6,25;7,39;5,62
Mutunópolis;2016;7,44;10;5,49;10;10;2,55;7,58;8,27;5,63
Mutunópolis;2018;8,73625;10;8,05;10;10;10;10;5,19;6,65
Nazário;2012;7,85375;10;9,78;10;7,1;1,3;8,03;7,63;8,99
Nazário;2014;7,7025;10;10;10;6,73;2,4;9,02;7,45;6,02
Nazário;2016;7,225;9;6,43;10;6,17;3,47;9,17;8,15;5,41
Nazário;2018;8,28875;10;9,45;10;6;8;10;6,74;6,12
Nerópolis;2012;8,56;10;10;10;9,33;6,9;9,22;6,37;6,66
Nerópolis;2014;8,69875;10;10;10;8,73;9,9;7,85;7,18;5,93
Nerópolis;2016;8,64875;10;10;10;8,41;10;9,26;8,42;3,1
Nerópolis;2018;8,73125;10;10;10;10;10;9,01;5,6;5,24
Niquelândia;2012;8,2975;10;10;10;10;6,6;9,16;6,52;4,1
Niquelândia;2014;7,28125;9,44;5,22;9,47;8,83;5,2;8,27;6,29;5,53
Niquelândia;2016;6,8525;9,57;5,78;6,29;6,56;5,75;9,23;7,1;4,54
Niquelândia;2018;6,58875;7,84;6,04;10;4,33;4;9,56;6,1;4,84
Nova América;2012;6,93;7,8;10;5,38;0;8,8;10;7,5;5,96
Nova América;2014;6,1;10;10;10;0;0;10;4,67;4,13
Nova América;2016;7,725;10;9,15;10;5,65;4,24;7,65;6,89;8,22
Nova América;2018;8,2525;10;10;10;5,67;10;10;4,64;5,71
Nova Aurora;2012;6,86625;10;10;10;0;0;10;10;4,93
Nova Aurora;2014;6,3575;10;7,3;10;0;0;10;6,25;7,31
Nova Aurora;2016;6,88;10;7,08;10;0;4,59;6,9;10;6,47
Nova Aurora;2018;7,78125;10;10;10;0;10;10;6,88;5,37
Nova Crixás;2012;6,9475;9,72;5,1;9,76;8,9;1,7;8,79;6,98;4,63
Nova Crixás;2014;6,875;9,88;7,4;10;8,53;1,6;9,39;6,45;1,75
Nova Crixás;2016;8,07125;9,86;7,88;10;10;3,95;10;8,15;4,73
Nova Crixás;2018;7,845;10;8,06;10;10;6;9,09;5,18;4,43
Nova Glória;2012;6,14875;10;10;10;0;0;7,47;7,15;4,57
Nova Glória;2014;4,79625;3,35;10;5,44;0;0;7,61;6,81;5,16
Nova Glória;2016;5,975;7,8;9,84;4,09;0;3,5;9,29;7,33;5,95
Nova Glória;2018;6,40875;7,5;8,44;7,82;0;5;10;6,94;5,57
Nova Iguaçu de Goiás;2012;6,0825;10;10;10;0;3,5;5,63;3,57;5,96
Nova Iguaçu de Goiás;2014;7,225;10;10;10;0;3,4;10;5,29;9,11
Nova Iguaçu de Goiás;2016;5,82375;10;10;10;0;3,4;6,03;2,82;4,34
Nova Iguaçu de Goiás;2018;7,5325;10;10;10;0;7;10;7,22;6,04
Nova Roma;2012;4,685;4,55;10;2,21;0;2,9;10;2,84;4,98
Nova Roma;2014;5,67875;9,11;9,35;9,18;0;5,7;5,23;2,73;4,13
Nova Roma;2016;7,05875;10;10;10;0;5,76;10;5,91;4,8
Nova Roma;2018;7,915;10;10;10;0;9;8,61;10;5,71
Nova Veneza;2012;8,26875;10;10;10;7,27;4,8;10;6,6;7,48
Nova Veneza;2014;7,7525;9,71;10;10;6,8;3,4;7,56;8;6,55
Nova Veneza;2016;8,24625;10;10;10;6,59;4,39;10;9,08;5,91
Nova Veneza;2018;8,275;10;10;10;6,33;10;9,1;5,75;5,02
Novo Brasil;2012;9,39125;10;10;10;10;8,6;10;7,86;8,67
Novo Brasil;2014;8,36625;10;10;10;10;2,9;10;7,78;6,25
Novo Brasil;2016;8,34;10;10;10;10;2,99;10;6,67;7,06
Novo Brasil;2018;8,94875;10;8,39;10;9,33;10;10;5,16;8,71
Novo Gama;2012;6,4125;8,92;10;10;0;2,4;9,16;4,91;5,91
Novo Gama;2014;4,40375;4,61;8,06;1,89;0;3,1;9,26;4,35;3,96
Novo Gama;2016;4,355;3,9;6,19;1,41;0;4,5;9,19;5,67;3,98
Novo Gama;2018;3,7875;1,99;5,77;1,32;0;4;9,21;4,59;3,42
Novo Planalto;2012;5,73;6,08;4,59;6,55;0;5;8,37;8,39;6,86
Novo Planalto;2014;6,87375;9,76;10;10;0;2,4;10;8,46;4,37
Novo Planalto;2016;5,99875;10;4,6;10;0;4,65;10;6,89;1,85
Novo Planalto;2018;6,33125;10;2,82;10;0;5;10;10;2,83
Orizona;2012;7,73375;9,91;10;9,92;4,4;4,2;9,01;7,25;7,18
Orizona;2014;7,93125;10;10;10;4,43;6;8,63;7,01;7,38
Orizona;2016;7,5875;10;10;10;4,37;3,93;9,19;7,89;5,32
Orizona;2018;7,8125;10;6,92;10;4,33;10;10;5,6;5,65
Ouro Verde de Goiás;2012;6,7625;10;10;10;0;2,5;6,41;8,39;6,8
Ouro Verde de Goiás;2014;6,9175;10;10;10;0;4,9;7,9;6,67;5,87
Ouro Verde de Goiás;2016;6,8175;10;8,04;10;0;2,49;10;7,41;6,6
Ouro Verde de Goiás;2018;7,3975;10;8,25;10;0;10;8,98;6,67;5,28
Ouvidor;2012;5,8025;3,73;10;5,97;10;0;7,5;3,92;5,3
Ouvidor;2014;6,4475;5,92;10;6,16;10;0;5,37;7,93;6,2
Ouvidor;2016;7,11625;5,33;10;6,11;10;3,26;7,75;8,11;6,37
Ouvidor;2018;8,93875;10;8,26;10;10;10;8,67;6,32;8,26
Padre Bernardo;2012;7,1925;10;10;10;2,83;5,7;8,66;6,19;4,16
Padre Bernardo;2014;6,9025;9,71;10;9,73;3,67;5,7;8,9;5,11;2,4
Padre Bernardo;2016;6,33875;9,46;7,67;8,34;3;3,53;9,14;7,05;2,52
Padre Bernardo;2018;7,03375;8,34;7,12;10;3;10;9,03;5,17;3,61
Palestina de Goiás;2012;6,63875;9,41;10;3,23;10;0;8,7;4,37;7,4
Palestina de Goiás;2014;6,29625;10;1,21;8,51;10;2,9;4,88;7,39;5,48
Palestina de Goiás;2016;8,43125;10;10;10;10;5,72;8,64;9,03;4,06
Palestina de Goiás;2018;9,18;9,79;7,01;9,82;10;10;10;7,06;9,76
Palmeiras de Goiás;2012;7,66;10;7,53;10;4,63;4,2;9,13;8,14;7,65
Palmeiras de Goiás;2014;7,10625;7,02;10;7,2;4,33;5,1;9,36;7,9;5,94
Palmeiras de Goiás;2016;5,4025;6,56;0;7,14;0,76;7,2;9,02;8,42;4,12
Palmeiras de Goiás;2018;6,8075;8,69;5,03;9,11;0,67;10;9,26;5,56;6,14
Palmelo;2012;7,46625;10;10;8,08;10;0;10;8,04;3,61
Palmelo;2014;9,01;10;10;10;10;8,3;10;7,65;6,13
Palmelo;2016;9,6325;10;10;10;10;10;10;10;7,06
Palmelo;2018;9,145;10;10;10;10;10;10;7,22;5,94
Palminópolis;2012;8,33125;10;10;10;10;2,8;10;6,78;7,07
Palminópolis;2014;7,5975;9,68;10;9,7;10;2,7;4,88;7,6;6,22
Palminópolis;2016;8,77375;10;10;9,7;10;8,19;7,85;8,13;6,32
Palminópolis;2018;9,1725;10;10;9,34;10;10;8,81;7,37;7,86
Panamá;2012;7,09375;9,05;7,08;10;0;3,7;10;7,86;9,06
Panamá;2014;6,2175;10;1,23;10;0;7,3;10;4,29;6,92
Panamá;2016;7,88;10;10;10;0;10;10;7,54;5,5
Panamá;2018;7,1775;10;5,39;10;0;10;10;5;7,03
Paranaiguara;2012;8,96875;10;10;10;8,73;7,6;10;8,48;6,94
Paranaiguara;2014;8,03375;9,78;10;7,5;8,33;9,4;8,17;6,81;4,28
Paranaiguara;2016;8,005;10;8,29;7,47;10;7,17;8,03;8,32;4,76
Paranaiguara;2018;8,36125;10;7,45;6,62;10;10;9,52;6,27;7,03
Paraúna;2012;7,69625;9,05;10;10;4,6;2,8;9,55;8,02;7,55
Paraúna;2014;7,6175;10;7,76;10;4,47;8,1;7,61;7,81;5,19
Paraúna;2016;8,025;10;10;10;5,95;5,36;7,85;8,01;7,03
Paraúna;2018;8,78125;10;10;10;6,33;10;9,7;5,24;8,98
Perolândia;2012;6,57125;6,8;10;7,18;0;6,7;10;5,5;6,39
Perolândia;2014;6,46;10;8,16;10;0;3,3;10;4,12;6,1
Perolândia;2016;6,12875;10;10;10;0;3,22;7,96;5,21;2,64
Perolândia;2018;7,36875;10;10;10;0;6;10;6,43;6,52
Petrolina de Goiás;2012;7,20625;9,63;10;10;5,5;1;8,33;7;6,19
Petrolina de Goiás;2014;7,45125;10;10;10;5,37;1,9;8,83;6,52;6,99
Petrolina de Goiás;2016;7,7525;8,01;10;9,52;5,37;6,64;7,42;8;7,06
Petrolina de Goiás;2018;8,73125;10;10;10;7,67;10;9,35;6,67;6,16
Pilar de Goiás;2012;5,4;6,09;10;5,31;0;0;10;6,78;5,02
Pilar de Goiás;2014;5,145;10;2,34;10;0;3,7;5,8;5;4,32
Pilar de Goiás;2016;6,80125;9;10;10;0;3,83;10;8,06;3,52
Pilar de Goiás;2018;7,76875;10;10;10;0;8;10;5,54;8,61
Piracanjuba;2012;7,1775;5,54;9,16;6,07;8,87;5,4;9,5;6,98;5,9
Piracanjuba;2014;7,85375;7;10;7,18;8,77;7,7;9,18;7,83;5,17
Piracanjuba;2016;7,3875;6,63;8,9;7,19;8,07;8,07;7,23;7,96;5,05
Piracanjuba;2018;7,7875;6,05;10;6,55;8;10;8,97;6,2;6,53
Piranhas;2012;7,4825;9,8;10;6,4;10;3,6;8,38;6,54;5,14
Piranhas;2014;7,84;10;8,01;10;10;2,7;9,08;7,46;5,47
Piranhas;2016;7,51875;10;10;10;8,36;1,79;7,93;8,25;3,82
Piranhas;2018;8,46375;10;8,74;10;9;5;9,6;6,95;8,42
Pirenópolis;2012;7,41125;9,82;9,26;6,11;8,8;3,5;9,02;7,89;4,89
Pirenópolis;2014;7,0475;8,72;8,65;5,82;8,43;5,4;8,83;6,28;4,25
Pirenópolis;2016;7,9175;9,67;9,79;5,93;10;6,95;8,67;8,49;3,84
Pirenópolis;2018;7,815;10;6,85;8;6,33;10;9,47;7,02;4,85
Pires do Rio;2012;6,11;2,41;10;4,15;7,37;2,8;8,99;7,85;5,31
Pires do Rio;2014;6,23625;5,68;9,44;5,94;5,5;2,6;7,88;8,17;4,68
Pires do Rio;2016;6,19375;5,45;10;5,92;4,45;3,26;8,37;8,4;3,7
Pires do Rio;2018;6,8625;4,27;9,78;10;4,67;7;9,24;5,58;4,36
Planaltina;2012;6,9725;10;10;10;2,87;5,2;8,79;4,78;4,14
Planaltina;2014;6,51125;10;9,87;6,69;2,77;7,4;7,86;3,37;4,13
Planaltina;2016;6,97;10;10;6,66;2,67;7,55;9,4;5,67;3,81
Planaltina;2018;6,8025;10;7,6;8,87;2,67;7;9,44;3,85;4,99
Pontalina;2012;7,4325;9,33;10;9,57;4,67;2,3;8,86;7,07;7,66
Pontalina;2014;6,835;10;9,53;6,02;4,5;2,8;9,03;7,92;4,88
Pontalina;2016;6,5575;10;6,51;6,01;4,1;2,8;9,2;7,41;6,43
Pontalina;2018;7,62375;9,51;8,84;5,22;4,33;8;9,76;6,76;8,57
Porangatu;2012;6,2775;5,93;7,34;6,42;5,47;4,5;8,44;6,22;5,9
Porangatu;2014;6,2325;3,74;9,62;4,58;5,43;5;9,46;6,89;5,14
Porangatu;2016;6,2225;4,61;6,07;4,84;4,32;6,92;8,91;7,86;6,25
Porangatu;2018;6,91125;5,97;4,94;7,24;4,33;10;9,91;6,39;6,51
Porteirão;2012;6,895;10;10;10;0;5,9;8,06;6,78;4,42
Porteirão;2014;7,235;10;10;10;0;8,4;10;4,29;5,19
Porteirão;2016;7,25625;10;10;10;0;10;8,39;6,41;3,25
Porteirão;2018;9,30375;9,08;10;9,19;10;10;10;7,62;8,54
Portelândia;2012;6,8;6,16;1,15;6,62;10;5,2;8,85;9,06;7,36
Portelândia;2014;8,29625;8,88;10;8,95;10;5;10;9,13;4,41
Portelândia;2016;7,9225;8,72;4,12;8,94;10;7,47;7,5;9,48;7,15
Portelândia;2018;8,055;8,13;4,33;8,37;10;10;10;5;8,61
Posse;2012;6,66625;10;6,57;9,69;5,23;3,8;9,03;6,62;2,39
Posse;2014;5,6825;6,15;7,21;6,28;5,13;3,9;7,75;6;3,04
Posse;2016;5,565;5,6;6,37;6,33;5;3,75;8,78;6,05;2,64
Posse;2018;6,625;8,5;5,17;6,47;5;8;9,72;5,26;4,88
Professor Jamil;2012;7,035;10;10;7,79;0;3,1;10;8,5;6,89
Professor Jamil;2014;7,365;10;10;10;0;5,9;10;8,67;4,35
Professor Jamil;2016;6,10375;10;10;1,73;0;5,92;10;6,3;4,88
Professor Jamil;2018;7,3425;10;10;10;0;9;10;3,33;6,41
Quirinópolis;2012;7,48375;10;10;10;3,2;3,9;8,67;7,47;6,63
Quirinópolis;2014;6,3475;5,83;10;6,08;3,67;5;8,79;5,18;6,23
Quirinópolis;2016;7,47375;9,74;8,75;9,68;3,59;5,49;8,7;6,53;7,31
Quirinópolis;2018;7,72;9,16;6,76;9,98;3;10;9,38;6,54;6,94
Rialma;2012;5,4875;0,48;8,65;1,01;7,6;4,7;8,07;7,08;6,31
Rialma;2014;7,29375;10;5,09;10;7,33;3,7;10;6,23;6
Rialma;2016;7,9975;10;8,77;10;7,29;5,47;9;7,72;5,73
Rialma;2018;8,6675;10;6,58;10;7,67;10;10;7,89;7,2
Rianápolis;2012;7,20125;10;7,12;10;0;8,7;10;3,94;7,85
Rianápolis;2014;6,81625;10;8,5;7,52;0;6,3;8,43;5,9;7,88
Rianápolis;2016;7,09875;9;10;6,88;0;6,27;10;7,78;6,86
Rianápolis;2018;7,79875;10;7,45;10;0;10;10;6,09;8,85
Rio Quente;2012;6,8575;8,81;10;8,95;0;5,9;10;3,86;7,34
Rio Quente;2014;7,1225;9,93;9,19;10;0;2,7;10;8,46;6,7
Rio Quente;2016;7,955;9,84;10;9,87;6,78;5,09;8,62;8,44;5
Rio Quente;2018;7,36375;8,17;10;10;0;10;9,14;5,59;6,01
Rio Verde;2012;7,75875;10;9,9;10;4,67;7,3;9,03;5,16;6,01
Rio Verde;2014;5,4375;1,17;9,76;0,85;4,43;7,7;8,53;6,43;4,63
Rio Verde;2016;5,16875;0;9,05;0,74;4,25;7,57;8,98;7,3;3,46
Rio Verde;2018;5,26;0;6,7;1,81;3,33;10;9,47;5,61;5,16
Rubiataba;2012;8,73875;9,7;10;10;10;5,3;9,19;7,08;8,64
Rubiataba;2014;7,9075;10;10;10;10;3,1;8,57;7,02;4,57
Rubiataba;2016;8,325;10;8,79;10;10;5,04;9,07;8,18;5,52
Rubiataba;2018;9,065;10;8,63;10;10;10;10;6,81;7,08
Sanclerlândia;2012;6,80125;6,79;8,87;7,17;7,5;1,3;8,41;7,55;6,82
Sanclerlândia;2014;7,5975;9,85;9,02;10;7,3;2,6;8,75;8,64;4,62
Sanclerlândia;2016;7,4675;9,46;6,66;10;7,28;2,57;10;9,45;4,32
Sanclerlândia;2018;7,665;10;7,81;10;7,33;5;9,48;4,38;7,32
Santa Bárbara de Goiás;2012;7,13875;10;10;5,45;8,6;1,7;8,97;4,92;7,47
Santa Bárbara de Goiás;2014;7,93625;10;10;10;8,17;1,6;10;6,13;7,59
Santa Bárbara de Goiás;2016;7,61625;10;10;10;7,99;3,2;6,74;6,59;6,41
Santa Bárbara de Goiás;2018;8,24625;4,11;9,77;10;7,67;10;9,46;9,29;5,67
Santa Cruz de Goiás;2012;7,40875;9,41;6,49;9,48;10;0;10;6,62;7,27
Santa Cruz de Goiás;2014;7,35625;10;6,68;10;10;3,2;6,38;5,71;6,88
Santa Cruz de Goiás;2016;8,65625;10;10;10;10;3,23;10;6,89;9,13
Santa Cruz de Goiás;2018;8,81;10;10;10;10;10;10;3,42;7,06
Santa Fé de Goiás;2012;7,2675;4,54;10;5,2;10;2,1;10;7,95;8,35
Santa Fé de Goiás;2014;7,3325;6,95;10;7,13;9,87;2;8,25;7,69;6,77
Santa Fé de Goiás;2016;7,31875;6,51;7,93;7,09;9,63;1,93;10;7,71;7,75
Santa Fé de Goiás;2018;7,16375;5,56;10;6,12;10;6;8,77;4;6,86
Santa Helena de Goiás;2012;8,83875;8,89;8,75;9,46;10;10;8,51;6,96;8,14
Santa Helena de Goiás;2014;8,42625;10;10;6,5;10;10;8,25;6,68;5,98
Santa Helena de Goiás;2016;8,53625;10;10;5,55;10;10;9,41;7,94;5,39
Santa Helena de Goiás;2018;8,29;10;7,56;6,65;10;10;9,37;6,18;6,56
Santa Isabel;2012;7,8525;10;10;10;0;5,4;10;10;7,42
Santa Isabel;2014;7,17875;9,29;10;9,33;0;5,2;10;7,65;5,96
Santa Isabel;2016;7,69625;10;10;10;0;7,82;10;8,8;4,95
Santa Isabel;2018;7,50125;10;8,36;10;0;10;10;5,69;5,96
Santa Rita do Araguaia;2012;6,52125;8,31;8,82;8,51;0;4,2;8,56;6,48;7,29
Santa Rita do Araguaia;2014;5,22875;4,51;10;4,43;0;0;8,98;6,67;7,24
Santa Rita do Araguaia;2016;5,535;9,5;6,32;4,79;0;1,26;9,13;6,59;6,69
Santa Rita do Araguaia;2018;5,8675;8,12;8,08;3,53;0;3;9,46;6,28;8,47
Santa Rita do Novo Destino;2012;4,86375;9,13;7,51;3,17;0;3,1;7,41;5,78;2,81
Santa Rita do Novo Destino;2014;3,84625;10;2,81;10;0;3;2,22;2,31;0,43
Santa Rita do Novo Destino;2016;6,57875;10;9,48;10;0;0;10;8,06;5,09
Santa Rita do Novo Destino;2018;5,92875;10;10;10;0;3;10;0;4,43
Santa Rosa de Goiás;2012;8,22375;10;4,17;7,9;10;7;10;8,87;7,85
Santa Rosa de Goiás;2014;7,75375;10;4,61;10;10;3,5;10;8,82;5,1
Santa Rosa de Goiás;2016;8,24875;10;10;10;10;7,35;6,31;6,89;5,44
Santa Rosa de Goiás;2018;8,7375;10;10;10;10;10;6,16;10;3,74
Santa Tereza de Goiás;2012;7,14375;7,36;5,26;7,68;10;0;10;9,22;7,63
Santa Tereza de Goiás;2014;6,87625;8,74;8,82;8,81;10;0;5,43;7,14;6,07
Santa Tereza de Goiás;2016;6,7675;8,66;10;10;10;2,62;0;3,33;9,53
Santa Tereza de Goiás;2018;8,57625;8,92;7,05;10;10;10;8,49;6,88;7,27
Santa Terezinha de Goiás;2012;7,62;9,88;10;6,2;10;2,9;8,67;7,35;5,96
Santa Terezinha de Goiás;2014;6,635;10;10;3,41;10;2;7,86;6,58;3,23
Santa Terezinha de Goiás;2016;6,47625;9;7,72;3,15;10;3,04;9,47;6,59;2,84
Santa Terezinha de Goiás;2018;6,5625;10;5,89;2,7;10;4;9,25;6,07;4,59
Santo Antônio da Barra;2012;6,40125;10;10;10;0;2,2;8,68;6,03;4,3
Santo Antônio da Barra;2014;5,92125;9,8;10;7,08;0;2,2;7,72;6,19;4,38
Santo Antônio da Barra;2016;6,55375;10;10;7,7;0;6,36;5,57;8,27;4,53
Santo Antônio da Barra;2018;7,58375;10;10;6,91;0;10;10;6,15;7,61
Santo Antônio de Goiás;2012;7,12375;8,93;10;4,53;10;2,1;7,64;7,5;6,29
Santo Antônio de Goiás;2014;7,21375;6,88;10;7,06;10;1,9;8,85;6,57;6,45
Santo Antônio de Goiás;2016;8,18;9;9,69;6,4;10;7,24;10;7,32;5,79
Santo Antônio de Goiás;2018;8,80875;10;9,13;5,59;10;10;10;9,36;6,39
Santo Antônio do Descoberto;2012;6,795;10;10;10;4,37;3,4;8,22;4,26;4,11
Santo Antônio do Descoberto;2014;5,9025;9,12;10;5,66;3,83;4,1;8,26;4,1;2,15
Santo Antônio do Descoberto;2016;5,63875;8,73;7,16;5,35;1,29;4;9,05;6,56;2,97
Santo Antônio do Descoberto;2018;5,4;8,38;7,56;4,74;0,67;5;9,3;3,66;3,89
São Domingos;2012;6,855;9,72;10;5,05;6,43;3,5;10;5,6;4,54
São Domingos;2014;6,1275;8,97;10;3,01;6,1;2,5;10;3,33;5,11
São Domingos;2016;5,76875;8,48;6,21;2,99;5,96;2,44;10;7,56;2,51
São Domingos;2018;6,70375;10;10;4,96;5,67;7;8,79;3,27;3,94
São Francisco de Goiás;2012;5,395;9,46;8,58;3,2;0;1,6;8,73;6,48;5,11
São Francisco de Goiás;2014;6,5725;10;10;10;0;1,6;10;5,88;5,1
São Francisco de Goiás;2016;6,4975;10;8,22;10;0;3,15;8,66;7,28;4,67
São Francisco de Goiás;2018;7,09625;10;10;10;0;8;8,7;5,31;4,76
São João d'Aliança;2012;6,57;6,8;10;3,59;8,23;4,7;8,02;6,45;4,77
São João d'Aliança;2014;7,5525;9,44;10;9,44;7,57;4,4;7,44;7;5,13
São João d'Aliança;2016;7,51625;10;10;9,59;7,18;3,31;8,6;7,7;3,75
São João d'Aliança;2018;7,36125;10;10;8,16;7;7;7,92;3,63;5,18
São João da Paraúna;2012;7,8125;10;10;10;0;6;10;7,75;8,75
São João da Paraúna;2014;6,90625;10;5,68;10;0;6,1;10;4,55;8,92
São João da Paraúna;2016;7,7475;10;10;10;0;6,26;10;7,93;7,79
São João da Paraúna;2018;7,75875;10;10;10;0;6;10;7,5;8,57
São Luis de Montes Belos;2012;8,03375;10;8,1;10;7,13;5,6;8,95;7,9;6,59
São Luis de Montes Belos;2014;7,875;9,01;9,54;9,06;6,7;6;9,44;7,93;5,32
São Luis de Montes Belos;2016;6,905;8,83;5,21;9,02;5,13;5,23;8,73;8,19;4,9
São Luis de Montes Belos;2018;8,03625;7,94;8,82;9,24;5;10;9,44;7,95;5,9
São Luiz do Norte;2012;6,45875;7,97;10;8,22;0;2,1;10;8,27;5,11
São Luiz do Norte;2014;7,92625;10;10;10;6,83;2;10;8,12;6,46
São Luiz do Norte;2016;6,9475;10;8,65;10;6,69;2,01;7,99;7,12;3,12
São Luiz do Norte;2018;8,13;10;7,59;10;6,67;8;10;6,21;6,57
São Miguel do Araguaia;2012;8,56875;10;10;10;10;6,3;9,58;7,28;5,39
São Miguel do Araguaia;2014;7,30625;7,62;10;7,76;10;5,7;8,64;5,29;3,44
São Miguel do Araguaia;2016;6,935;9,78;7,05;7,51;10;3,96;7,82;6,91;2,45
São Miguel do Araguaia;2018;8,35875;10;10;8,78;8,67;10;9,84;5,6;3,98
São Miguel do Passa Quatro;2012;7,565;6,73;10;7,13;10;2,6;10;8,27;5,79
São Miguel do Passa Quatro;2014;6,31;8,24;10;8,35;10;5,1;3,23;5,56;0
São Miguel do Passa Quatro;2016;8,0425;10;10;9,08;8,36;7,52;10;8,36;1,02
São Miguel do Passa Quatro;2018;8,415;10;7,44;8,41;8,33;10;10;6,95;6,19
São Patrício;2012;8,04375;8,96;10;9,09;0;10;10;10;6,3
São Patrício;2014;7,34625;10;10;10;0;4,9;10;8,18;5,69
São Patrício;2016;7,33;10;10;10;0;4,85;10;8,7;5,09
São Patrício;2018;7,2225;10;9,47;10;0;5;10;7,22;6,09
São Simão;2012;8,605;10;10;10;7,87;7,5;8,94;6,95;7,58
São Simão;2014;7,0925;9,5;8,86;1,97;9,9;7;9,55;8,1;1,86
São Simão;2016;6,875;9,55;9,57;2,28;8,72;6,8;8,83;7,31;1,94
São Simão;2018;8,2975;8,56;6,76;10;8,67;10;9,1;6,93;6,36
Senador Canedo;2012;6,6825;10;10;2,18;3;6,6;8,88;6,25;6,55
Senador Canedo;2014;7,57875;10;10;10;2,77;8,5;8,33;5,24;5,79
Senador Canedo;2016;7,21875;7,89;8,14;8,87;2,62;8,47;9,23;6,93;5,6
Senador Canedo;2018;7,45125;10;6,82;10;2,67;10;9,47;4,98;5,67
Serranópolis;2012;7,6375;9,92;10;10;8,83;2,6;10;4,6;5,15
Serranópolis;2014;7,12875;9,02;10;4,54;8,37;2,5;8,69;7,14;6,77
Serranópolis;2016;7,02;8,84;10;4,52;8,59;3,68;7,39;5,79;7,35
Serranópolis;2018;8,055;7,9;10;7,55;8,33;9;9,39;5;7,27
Silvânia;2012;7,61875;9,8;6,2;9,83;6,93;5,7;9,46;8,11;4,92
Silvânia;2014;7,51;10;8,08;10;6,67;5;8,29;7,94;4,1
Silvânia;2016;7,33125;10;7,25;10;6,59;4,45;8,74;7,67;3,95
Silvânia;2018;8,23875;10;6,58;10;7;10;8,94;7,44;5,95
Simolândia;2012;6,615;10;10;10;8,17;0;8,06;3,44;3,25
Simolândia;2014;6,575;10;7,58;5,27;7,87;4,4;10;3,88;3,6
Simolândia;2016;6,64625;10;6,08;5,26;7,8;1,46;10;7,13;5,44
Simolândia;2018;6,94375;10;8,73;4,38;7,67;7;8,61;2,42;6,74
Sítio d'Abadia;2012;5,975;9,55;4,4;5,05;0;3,5;10;10;5,3
Sítio d'Abadia;2014;7,6475;10;10;10;0;6,8;10;10;4,38
Sítio d'Abadia;2016;7,18375;10;9,39;10;0;3,37;10;7,78;6,93
Sítio d'Abadia;2018;7,7975;10;10;10;0;10;10;5,59;6,79
Taquaral de Goiás;2012;7,3825;9,56;10;2,8;10;5,7;8,21;9,06;3,73
Taquaral de Goiás;2014;8,68625;9,74;8,89;9,76;10;5,5;10;7;8,6
Taquaral de Goiás;2016;7,5175;9,71;5,07;9,76;10;2,76;10;8,01;4,83
Taquaral de Goiás;2018;8,97625;9,38;10;10;10;10;10;6;6,43
Teresina de Goiás;2012;6,56625;9,82;10;9,73;0;6,6;8,25;5,26;2,87
Teresina de Goiás;2014;6,88125;10;9,46;10;0;9,3;4,32;10;1,97
Teresina de Goiás;2016;7,02;10;8,48;10;0;9,12;10;7,93;0,63
Teresina de Goiás;2018;7,16875;10;10;10;0;10;10;2,86;4,49
Terezópolis de Goiás;2012;6,47375;10;10;10;0;3;8;6,25;4,54
Terezópolis de Goiás;2014;5,70625;10;10;5,13;0;1,4;8,11;5,9;5,11
Terezópolis de Goiás;2016;6,4225;10;10;5,08;0;4,06;9,22;8,52;4,5
Terezópolis de Goiás;2018;6,2925;8,94;10;3,89;0;10;8,46;4,39;4,66
Três Ranchos;2012;6,34625;7,85;10;8,11;0;3,5;7,31;5,78;8,22
Três Ranchos;2014;7,11125;9,11;7,51;10;0;3,5;10;10;6,77
Três Ranchos;2016;7,3975;10;10;10;0;3,45;10;8,27;7,46
Três Ranchos;2018;7,9525;10;7,92;10;0;10;10;8,91;6,79
Trindade;2012;8,25625;10;9,48;10;10;3,5;9,02;7,93;6,12
Trindade;2014;7,08625;9,53;10;2,58;10;4,8;8,52;6,01;5,25
Trindade;2016;7,42;9,5;10;2,88;10;5,79;9,07;7,36;4,76
Trindade;2018;7,72875;9,03;7,06;5,28;10;10;9,74;5,71;5,01
Trombas;2012;8,31;10;10;10;10;0;10;10;6,48
Trombas;2014;8,5125;10;10;9,99;10;2,8;10;8;7,31
Trombas;2016;8,0925;10;10;9,15;10;5,61;7,79;5,56;6,63
Trombas;2018;8,6825;10;10;10;10;10;10;2,86;6,6
Turvânia;2012;8,15;10;10;7,42;8,3;4,2;7,59;9,22;8,47
Turvânia;2014;8,285;10;10;10;8,17;6,1;8,22;5,76;8,03
Turvânia;2016;8,8975;10;9,05;10;10;6,18;10;8,89;7,06
Turvânia;2018;8,2625;10;5,09;10;10;10;8,15;6,43;6,43
Turvelândia;2012;8,42125;10;10;10;10;2,2;7,97;10;7,2
Turvelândia;2014;6,00875;7,52;8,75;7,67;9,83;0;10;0;4,3
Turvelândia;2016;7,14125;7,13;9,59;7,61;9,52;0;10;8,27;5,01
Turvelândia;2018;8,335;6,02;9,3;10;9,33;10;9,33;8,61;4,09
Uirapuru;2012;6,205;7,16;10;9,03;0;3,4;10;3,25;6,8
Uirapuru;2014;5,62875;10;10;10;0;0;4,47;6;4,56
Uirapuru;2016;7,37;10;10;10;0;3,36;10;7,97;7,63
Uirapuru;2018;6,85125;10;7,87;10;0;3;10;8,61;5,33
Uruaçu;2012;7,1125;6,52;10;1,34;7,07;8,1;9;6,99;7,88
Uruaçu;2014;8,05125;9,94;7,84;10;6,77;5,9;8,81;7,37;7,78
Uruaçu;2016;8,035;10;7,03;10;4,81;8,36;8,73;7,12;8,23
Uruaçu;2018;7,9;9,4;6,53;9,48;3,67;10;9,66;6,39;8,07
Uruana;2012;7,3225;9,18;10;9,28;4,83;2,9;8,41;6,75;7,23
Uruana;2014;7,45375;10;10;7,49;4,7;4,9;8,56;7,45;6,53
Uruana;2016;6,955;10;6,54;7,49;4,7;4,93;8,51;7,93;5,54
Uruana;2018;8,3175;10;10;9,33;4,67;10;9,68;6,81;6,05
Urutaí;2012;5,56625;10;10;5,45;0;3,3;7,74;1,43;6,61
Urutaí;2014;5,6125;2,03;10;2,81;0;3,2;10;8,82;8,04
Urutaí;2016;6,6325;10;7,02;10;0;3,17;10;7,08;5,79
Urutaí;2018;6,67125;5,54;10;6,11;0;10;7,62;6,55;7,55
Valparaíso de Goiás;2012;6,30625;9,58;10;5,09;0,03;6,8;9,25;2,86;6,84
Valparaíso de Goiás;2014;5,41;6,52;10;1,53;0,67;5,9;8,92;5,12;4,62
Valparaíso de Goiás;2016;5,525;5,78;9,62;1,82;0,65;6,59;8,59;6,46;4,69
Valparaíso de Goiás;2018;5,49125;4,47;7,76;3,07;0,67;9;9,45;4,67;4,84
Varjão;2012;6,96625;10;10;10;0;2,7;10;5,18;7,85
Varjão;2014;6,625;7,69;10;7,82;0;2,6;10;8,82;6,07
Varjão;2016;6,53;9,25;9,7;9,37;0;0;10;9,4;4,52
Varjão;2018;6,31625;8,68;6,51;8,85;0;8;7,56;4,79;6,14
Vianópolis;2012;7,3575;10;8,4;10;7,63;2,4;7,86;8,18;4,39
Vianópolis;2014;6,7825;10;10;9,74;7,3;2,3;8,08;6,61;0,23
Vianópolis;2016;7,22375;10;10;10;7,18;3,72;9,59;7,3;0
Vianópolis;2018;8,475;10;9,08;10;7,67;7;9,75;7,86;6,44
Vicentinópolis;2012;8,47875;10;10;10;10;4;8,8;6,12;8,91
Vicentinópolis;2014;7,54875;9,8;10;10;10;0;7,08;6,86;6,65
Vicentinópolis;2016;7,765;10;10;10;6,53;2,45;8,52;8,83;5,79
Vicentinópolis;2018;7,8875;10;7,23;10;6,33;7;10;4,44;8,1
Vila Boa;2012;8,01;10;10;10;8,93;6,2;10;5,5;3,45
Vila Boa;2014;7,5025;9,73;10;10;8,27;5,7;8,6;4,78;2,94
Vila Boa;2016;7,945;10;10;10;7,89;3,64;7,79;9,22;5,02
Vila Boa;2018;7,27375;10;9,81;10;7,67;5;6,72;5,31;3,68
Vila Propício;2012;4,20375;1,63;10;2,4;0;0;8,87;5,91;4,82
Vila Propício;2014;5,77125;8,8;10;10;0;0;10;5;2,37
Vila Propício;2016;5,75;10;2,13;10;0;7,17;8,86;5,85;1,99
Vila Propício;2018;7,24125;10;10;10;0;10;7,73;6,43;3,77
