Localidade;Ano;IDM Segurança;Crimes contra a dignidade sexual;Crimes contra a pessoa;Crimes contra o patrimonio;Contravenções penais;Tráfico de drogas
Abadia de Goiás;2012;6,336;0,16;7,22;7,41;8,45;8,44
Abadia de Goiás;2014;7,528;7,56;7,31;5,98;9,54;7,25
Abadia de Goiás;2016;5,92;7,67;4,99;1,67;8,6;6,67
Abadia de Goiás;2018;5,376;4,01;4,69;2,65;7,35;8,18
Abadiânia;2012;6,342;1,81;6,58;5,28;8,38;9,66
Abadiânia;2014;7,842;7,87;7;5,91;9,23;9,2
Abadiânia;2016;7,616;7,45;7,26;6,12;8,7;8,55
Abadiânia;2018;7,104;6,6;7,14;6,33;8,16;7,29
Acreúna;2012;6,972;6,67;5,31;6,43;8,04;8,41
Acreúna;2014;6,782;7,88;4,93;5,17;8,8;7,13
Acreúna;2016;7,934;7,47;6,58;6,86;9,24;9,52
Acreúna;2018;5,704;6,67;5,86;5,76;6,44;3,79
Adelândia;2012;9,212;10;8,94;8,15;8,97;10
Adelândia;2014;9,444;10;9,07;8,59;9,56;10
Adelândia;2016;9,46;10;8,75;8,55;10;10
Adelândia;2018;8,216;6,19;7,74;8,68;8,47;10
Água Fria de Goiás;2012;8,374;5,17;8,87;9,38;9,5;8,95
Água Fria de Goiás;2014;8,958;6,63;8,66;9,5;10;10
Água Fria de Goiás;2016;7,62;0;9,1;9;10;10
Água Fria de Goiás;2018;8,776;8,26;8,19;9,01;8,42;10
Água Limpa;2012;9,834;10;9,87;9,3;10;10
Água Limpa;2014;9,194;10;10;9,27;10;6,7
Água Limpa;2016;7,03;5,42;6,63;9,03;9,31;4,76
Água Limpa;2018;8,39;7,52;8,16;8,28;9,5;8,49
Águas Lindas de Goiás;2012;6,972;6,64;7,49;5,37;8,25;7,11
Águas Lindas de Goiás;2014;6,572;4,52;6,5;4,53;9,7;7,61
Águas Lindas de Goiás;2016;6,356;4,83;6,38;4,68;8,9;6,99
Águas Lindas de Goiás;2018;6,982;7,16;6,57;4,3;8,81;8,07
Alexânia;2012;4,814;3,03;4,03;4,94;7,48;4,59
Alexânia;2014;7,036;7,85;6,46;4,84;9,8;6,23
Alexânia;2016;6,068;6,13;3,51;5,52;7,99;7,19
Alexânia;2018;6,804;5,6;7,39;4,88;8,49;7,66
Aloândia;2012;8,35;10;6,56;8,8;9,01;7,38
Aloândia;2014;8,9;10;5,85;9,72;8,93;10
Aloândia;2016;9,004;10;8,81;9,38;9,34;7,49
Aloândia;2018;8,268;10;6,38;7,82;8,58;8,56
Alto Horizonte;2012;7,836;10;8,49;7,71;7,74;5,24
Alto Horizonte;2014;8,394;10;7,11;6,91;9,32;8,63
Alto Horizonte;2016;8,736;10;7,32;8,34;8,98;9,04
Alto Horizonte;2018;7,662;9,15;6,96;7,36;7,43;7,41
Alto Paraíso de Goiás;2012;5,018;4,64;4,45;0,3;7,26;8,44
Alto Paraíso de Goiás;2014;5,46;6,25;4,5;0,77;8,59;7,19
Alto Paraíso de Goiás;2016;3,358;5,03;0;2,36;7,2;2,2
Alto Paraíso de Goiás;2018;2,144;3,48;0;0;3,98;3,26
Alvorada do Norte;2012;8,198;9,24;5,92;7,53;8,3;10
Alvorada do Norte;2014;6,992;5,72;5,19;6,33;9,33;8,39
Alvorada do Norte;2016;5,926;8,93;2,98;6,74;7,1;3,88
Alvorada do Norte;2018;6,516;7,74;4,96;6,84;5,8;7,24
Amaralina;2012;9,478;10;8,86;9,42;9,11;10
Amaralina;2014;9,65;10;9,56;9;9,69;10
Amaralina;2016;8,194;5,03;8,07;8,99;8,88;10
Amaralina;2018;9,288;10;8,32;9,17;8,95;10
Americano do Brasil;2012;8,838;7,77;8,34;8,91;9,17;10
Americano do Brasil;2014;8,64;6,88;8,21;8,6;9,51;10
Americano do Brasil;2016;7,612;3,8;8,44;9,18;9,3;7,34
Americano do Brasil;2018;8,712;8,37;8,59;8,56;8,04;10
Amorinópolis;2012;9,67;10;9,71;9,77;8,87;10
Amorinópolis;2014;9,862;10;9,56;9,75;10;10
Amorinópolis;2016;9,29;10;8,78;8,85;8,82;10
Amorinópolis;2018;8,158;10;7,17;8,22;6,27;9,13
Anápolis;2012;5,832;6,51;5,19;3,57;6,82;7,07
Anápolis;2014;6,112;5,94;5,33;4,26;8,69;6,34
Anápolis;2016;6,36;6,79;5,77;4,73;7,77;6,74
Anápolis;2018;6,31;7,49;7,02;4,88;3,86;8,3
Anhanguera;2012;6,006;10;0;8,51;1,52;10
Anhanguera;2014;5,552;10;0;7,76;0;10
Anhanguera;2016;6,332;10;3,56;8,1;0;10
Anhanguera;2018;7,652;5,65;8,49;7,61;6,51;10
Anicuns;2012;8,352;7,57;8,46;7,46;8,54;9,73
Anicuns;2014;8,2;6,58;8,19;6,66;9,57;10
Anicuns;2016;9,028;9,57;8,99;8,3;9,74;8,54
Anicuns;2018;8,45;8,42;8,35;8,02;8,28;9,18
Aparecida de Goiânia;2012;6,29;6,6;7,04;2,66;6,88;8,27
Aparecida de Goiânia;2014;6,538;6,37;6,89;2,88;8,5;8,05
Aparecida de Goiânia;2016;6,15;6,59;6,44;2,42;8,45;6,85
Aparecida de Goiânia;2018;7,128;8,22;7,3;3,62;8,65;7,85
Aparecida do Rio Doce;2012;9,916;10;9,68;9,9;10;10
Aparecida do Rio Doce;2014;9,92;10;9,84;9,76;10;10
Aparecida do Rio Doce;2016;8,996;10;7,88;9,29;7,81;10
Aparecida do Rio Doce;2018;7,72;10;6,73;7,75;7,66;6,46
Aporé;2012;9,31;10;10;9,91;9,46;7,18
Aporé;2014;9,614;10;10;9,77;10;8,3
Aporé;2016;8,288;3,25;8,78;9,41;10;10
Aporé;2018;6,666;8,82;6,78;7,74;3,59;6,4
Araçu;2012;8,73;6,77;8,9;9,66;9,73;8,59
Araçu;2014;9,204;10;7,54;8,92;9,56;10
Araçu;2016;8,158;7,58;6,81;9,23;8,55;8,62
Araçu;2018;8,528;8,69;8,25;9,13;8,95;7,62
Aragarças;2012;7,546;9,33;7,59;6,78;7,55;6,48
Aragarças;2014;8,098;9,06;7,41;6,9;9,59;7,53
Aragarças;2016;6,984;8,59;7,5;7,26;8,52;3,05
Aragarças;2018;6,176;9,51;7,32;3,91;7,48;2,66
Aragoiânia;2012;9,004;7,8;8,5;9,15;9,57;10
Aragoiânia;2014;9,134;8,99;8,4;8,72;9,56;10
Aragoiânia;2016;6,25;7,08;3,66;4,23;7,95;8,33
Aragoiânia;2018;6,512;6,98;5,25;4,19;8,28;7,86
Araguapaz;2012;9,136;10;9,34;9,16;9,32;7,86
Araguapaz;2014;8,716;7,68;8,42;7,92;9,56;10
Araguapaz;2016;8,772;10;8,64;8,6;9,3;7,32
Araguapaz;2018;6,982;4,41;5,66;7,97;7,63;9,24
Arenópolis;2012;9,008;8,12;8,4;8,68;9,84;10
Arenópolis;2014;9,444;10;7,94;9,45;9,83;10
Arenópolis;2016;9,232;10;8,85;9,01;10;8,3
Arenópolis;2018;6,838;6,72;6,67;7,72;3,08;10
Aruanã;2012;6,326;5,9;5,36;5,03;7,49;7,85
Aruanã;2014;4,596;2,22;2,75;4,75;9,1;4,16
Aruanã;2016;7,164;8,95;3,59;5,94;7,94;9,4
Aruanã;2018;4,692;5,69;3,53;5,73;1,46;7,05
Aurilândia;2012;8,208;10;6,7;8,11;6,23;10
Aurilândia;2014;6,55;5,09;4,49;8,69;6,32;8,16
Aurilândia;2016;7,442;10;4,16;9,22;5,31;8,52
Aurilândia;2018;6,088;1,47;5,71;8,11;5,15;10
Avelinópolis;2012;8,472;4,98;9,04;8,76;9,58;10
Avelinópolis;2014;8,026;2,84;9,53;7,98;9,78;10
Avelinópolis;2016;8,976;10;8,58;8,39;10;7,91
Avelinópolis;2018;6,922;4,13;7,87;8,13;6,86;7,62
Baliza;2012;9,868;10;9,72;9,62;10;10
Baliza;2014;9,798;10;9,51;9,48;10;10
Baliza;2016;8,656;5,85;9,2;9,42;10;8,81
Baliza;2018;8,496;7,89;8,44;8,48;8,31;9,36
Barro Alto;2012;8,928;6,47;9,85;8,55;9,77;10
Barro Alto;2014;8,186;6,15;8,14;7,6;9,76;9,28
Barro Alto;2016;6,74;2,66;6,05;7,56;8,48;8,95
Barro Alto;2018;7,132;6,7;6,5;6,55;8,49;7,42
Bela Vista de Goiás;2012;6,856;5,99;5,63;6,16;8,03;8,47
Bela Vista de Goiás;2014;6,784;6,21;5,39;4,06;9,29;8,97
Bela Vista de Goiás;2016;5,956;4,66;4,86;4,57;8,55;7,14
Bela Vista de Goiás;2018;6,148;6,21;5,94;5,03;5,98;7,58
Bom Jardim de Goiás;2012;9,218;10;8,66;9,55;9,15;8,73
Bom Jardim de Goiás;2014;9,678;10;9,36;9,35;9,68;10
Bom Jardim de Goiás;2016;8,832;8,96;8,31;9,29;9,38;8,22
Bom Jardim de Goiás;2018;7,338;8,35;7,42;6,56;5,7;8,66
Bom Jesus de Goiás;2012;8,398;9,7;8,6;5,55;8,92;9,22
Bom Jesus de Goiás;2014;8,28;9,59;7,99;7,14;9,13;7,55
Bom Jesus de Goiás;2016;7,13;7,23;7,53;7,32;7,86;5,71
Bom Jesus de Goiás;2018;7,4;7,34;7,52;6,84;6,55;8,75
Bonfinópolis;2012;7,622;8,37;5,59;6,72;8,85;8,58
Bonfinópolis;2014;8,116;8,89;5,65;6,53;9,51;10
Bonfinópolis;2016;7,918;8,94;6,55;7,76;9,36;6,98
Bonfinópolis;2018;7,546;9,46;6,05;5,5;7,71;9,01
Bonópolis;2012;9,156;8,24;8,58;9,4;9,56;10
Bonópolis;2014;7,814;2,8;8,84;9,68;9,55;8,2
Bonópolis;2016;9,82;10;9,46;9,64;10;10
Bonópolis;2018;9,12;10;8,47;9,52;8,33;9,28
Brazabrantes;2012;8,758;10;6,2;8,22;9,37;10
Brazabrantes;2014;7,588;2,06;7,55;8,5;9,83;10
Brazabrantes;2016;7,934;10;7,58;8,12;8,43;5,54
Brazabrantes;2018;7,114;7,28;6,77;7,01;7,82;6,69
Britânia;2012;8,774;10;7,25;8,51;9,08;9,03
Britânia;2014;8,104;8,42;6,67;7,9;9,9;7,63
Britânia;2016;8,068;5,24;7,66;8,16;9,28;10
Britânia;2018;7,522;7,48;7,21;6,47;7,47;8,98
Buriti Alegre;2012;9,356;10;9,02;8,94;8,82;10
Buriti Alegre;2014;9,364;10;8,9;8,88;9,76;9,28
Buriti Alegre;2016;6,304;8,06;5,95;7,8;8,55;1,16
Buriti Alegre;2018;6,72;8,97;6,68;7,06;5,57;5,32
Buriti de Goiás;2012;8,978;7,6;9,08;8,21;10;10
Buriti de Goiás;2014;9,118;10;6,83;8,97;9,79;10
Buriti de Goiás;2016;8,698;6,47;7,95;9,07;10;10
Buriti de Goiás;2018;8,614;8,11;8,5;9,12;7,34;10
Buritinópolis;2012;9,188;10;7,64;9,22;9,08;10
Buritinópolis;2014;9,148;10;7,91;8,16;9,67;10
Buritinópolis;2016;8,302;7,3;6,76;8,67;8,78;10
Buritinópolis;2018;7,038;2,8;6,58;8,12;7,69;10
Cabeceiras;2012;8,27;6,66;8,22;9,35;7,85;9,27
Cabeceiras;2014;8,868;8,83;6,9;9,49;9,12;10
Cabeceiras;2016;8,432;6,48;8,09;9,28;9,65;8,66
Cabeceiras;2018;7,784;10;7,1;5,93;7,77;8,12
Cachoeira Alta;2012;8,984;10;8,49;8,02;8,41;10
Cachoeira Alta;2014;9,364;10;8,9;8,58;9,34;10
Cachoeira Alta;2016;7,614;7,64;7,11;7,97;8,94;6,41
Cachoeira Alta;2018;6,548;9,18;7,33;7,79;5,9;2,54
Cachoeira de Goiás;2012;9,792;10;9,82;9,5;9,64;10
Cachoeira de Goiás;2014;9,112;10;7,81;8,14;9,61;10
Cachoeira de Goiás;2016;8,452;10;7,02;9,1;6,14;10
Cachoeira de Goiás;2018;7,086;6,55;6,24;8,2;6,54;7,9
Cachoeira Dourada;2012;9,186;10;7,97;9,53;9,08;9,35
Cachoeira Dourada;2014;9,098;10;8,22;8,94;9,13;9,2
Cachoeira Dourada;2016;7,344;10;6,2;7,83;7,05;5,64
Cachoeira Dourada;2018;6,942;7,08;5,6;7,33;7,54;7,16
Caçu;2012;9,966;10;9,94;9,89;10;10
Caçu;2014;9,926;10;9,78;9,89;9,96;10
Caçu;2016;8,52;10;6,71;8,72;8,23;8,94
Caçu;2018;7,686;8,39;7,43;7,91;6,26;8,44
Caiapônia;2012;7,248;7,8;6,44;6,52;8,36;7,12
Caiapônia;2014;8,31;9,49;6,75;6,66;9,42;9,23
Caiapônia;2016;7,134;3,42;7,22;7,73;9,32;7,98
Caiapônia;2018;7,184;7,35;7,71;7,16;6,44;7,26
Caldas Novas;2012;4,916;6,86;5,06;2,55;5,21;4,9
Caldas Novas;2014;5,142;6,08;5,01;3,12;8,72;2,78
Caldas Novas;2016;5,274;6,72;4,9;3,95;6,87;3,93
Caldas Novas;2018;6,376;6,93;6,82;4,51;7,53;6,09
Caldazinha;2012;7,338;6,3;5,67;7,78;6,94;10
Caldazinha;2014;6,94;4,85;5,58;7,01;9,19;8,07
Caldazinha;2016;8,132;7,47;7,74;7,28;9,62;8,55
Caldazinha;2018;8,278;7,35;8,03;6,82;10;9,19
Campestre de Goiás;2012;9,582;10;8,84;9,52;9,55;10
Campestre de Goiás;2014;8,942;7,45;8,09;9,49;9,68;10
Campestre de Goiás;2016;8,44;10;5,84;8,2;9,62;8,54
Campestre de Goiás;2018;8,2;8,65;6,32;7,93;8,1;10
Campinaçu;2012;9,62;10;8,93;9,45;9,72;10
Campinaçu;2014;9,486;10;8,31;9,12;10;10
Campinaçu;2016;8,83;7,55;7,92;9,78;8,9;10
Campinaçu;2018;8,404;10;6,64;8,79;6,59;10
Campinorte;2012;8,488;10;7,43;6,57;8,44;10
Campinorte;2014;6,464;4,6;6,1;4,9;8,46;8,26
Campinorte;2016;7,492;9,24;7,17;7,89;7,94;5,22
Campinorte;2018;8,174;8,01;7,7;7,32;8,32;9,52
Campo Alegre de Goiás;2012;8,142;10;6,85;8,7;6,05;9,11
Campo Alegre de Goiás;2014;7,356;7,22;5,17;7,6;7,83;8,96
Campo Alegre de Goiás;2016;8,278;10;7,21;8,31;7,39;8,48
Campo Alegre de Goiás;2018;6,322;6,56;7,18;6,88;5,17;5,82
Campo Limpo de Goiás;2012;7,282;3,1;7,65;8,4;8,12;9,14
Campo Limpo de Goiás;2014;6,452;1,9;5,25;8,07;9,07;7,97
Campo Limpo de Goiás;2016;7,838;6,11;6,98;8,56;9,02;8,52
Campo Limpo de Goiás;2018;8,41;8,66;7,22;8,59;7,99;9,59
Campos Belos;2012;6,342;5,66;5,31;6,76;7,48;6,5
Campos Belos;2014;4,846;3,9;3,74;5,4;8,94;2,25
Campos Belos;2016;5,864;6,25;5,15;6,95;4,99;5,98
Campos Belos;2018;6,898;8,52;6,93;7,14;7,02;4,88
Campos Verdes;2012;8,962;10;7,45;8,37;8,99;10
Campos Verdes;2014;8,9;10;7,64;8,54;9,76;8,56
Campos Verdes;2016;8,998;10;8,29;9,35;10;7,35
Campos Verdes;2018;8,034;8,6;4,72;9,39;7,46;10
Carmo do Rio Verde;2012;9,596;10;9,91;9,67;9,6;8,8
Carmo do Rio Verde;2014;7,68;5,2;7,25;8,05;8,62;9,28
Carmo do Rio Verde;2016;7,402;5,25;8,2;7,98;8,29;7,29
Carmo do Rio Verde;2018;7,938;8,51;7,61;7,07;7,41;9,09
Castelândia;2012;9,26;10;8,13;9,29;8,88;10
Castelândia;2014;9,554;10;9,04;9,03;9,7;10
Castelândia;2016;8,004;4,98;8,35;8,5;9,62;8,57
Castelândia;2018;7,876;7,3;6,52;8,28;8,1;9,18
Catalão;2012;6,418;8,79;6,62;5,68;5,71;5,29
Catalão;2014;6,656;8,06;6,69;6,14;8,51;3,88
Catalão;2016;5,892;7,58;5,09;5,2;7,13;4,46
Catalão;2018;6,882;8,9;6,75;4,73;7,39;6,64
Caturaí;2012;9,35;10;8,88;8,2;9,67;10
Caturaí;2014;8,744;8,16;7,81;8,1;9,65;10
Caturaí;2016;8,492;8,16;7,22;8,41;9,72;8,95
Caturaí;2018;7,176;3,21;7,65;8,15;8,64;8,23
Cavalcante;2012;9,964;10;9,92;9,9;10;10
Cavalcante;2014;9,79;9,07;10;9,88;10;10
Cavalcante;2016;7,346;7,19;5,83;7,49;6,76;9,46
Cavalcante;2018;6,638;3,54;6,21;7,83;5,91;9,7
Ceres;2012;8,054;7,92;7,75;7,41;8,23;8,96
Ceres;2014;6,768;6,24;6,62;5,5;8,3;7,18
Ceres;2016;6,71;7,07;6,4;6,63;5,6;7,85
Ceres;2018;6,386;6,25;7,47;6,89;4,28;7,04
Cezarina;2012;8,02;8,37;7,89;8,9;6,36;8,58
Cezarina;2014;7,624;6,6;7,55;8,45;8,93;6,59
Cezarina;2016;8,202;7,76;7,4;8,17;8,32;9,36
Cezarina;2018;6,5;7,66;5,34;5,62;6,01;7,87
Chapadão do Céu;2012;4,37;1,22;5,55;7,61;5,13;2,34
Chapadão do Céu;2014;7,63;7,67;5,94;7,75;8,54;8,25
Chapadão do Céu;2016;6,228;6,77;6,33;9,13;6,28;2,63
Chapadão do Céu;2018;4,892;10;5,07;7,63;0;1,76
Cidade Ocidental;2012;7,086;5,38;6,68;5,61;8,62;9,14
Cidade Ocidental;2014;6,496;6,4;4,94;4,46;9,49;7,19
Cidade Ocidental;2016;5,686;6,85;2,62;4,35;7,56;7,05
Cidade Ocidental;2018;6,944;7,06;5,41;5,33;7,95;8,97
Cocalzinho de Goiás;2012;7,354;6,11;5,66;6,1;9,21;9,69
Cocalzinho de Goiás;2014;6,91;6,57;4,97;6,02;9,57;7,42
Cocalzinho de Goiás;2016;6,196;4,23;3,71;6,5;9,28;7,26
Cocalzinho de Goiás;2018;6,982;7;6,01;5,83;6,53;9,54
Colinas do Sul;2012;9,492;10;9,63;8,84;8,99;10
Colinas do Sul;2014;7,764;0;9,23;9,75;9,84;10
Colinas do Sul;2016;8,196;7,42;6,71;8,32;10;8,53
Colinas do Sul;2018;7,226;5,85;7,26;8,32;7,22;7,48
Córrego do Ouro;2012;9,588;10;8,61;9,33;10;10
Córrego do Ouro;2014;9,23;10;7,61;8,54;10;10
Córrego do Ouro;2016;9,086;10;8,76;8,81;7,86;10
Córrego do Ouro;2018;8,934;10;8,95;9,22;6,5;10
Corumbá de Goiás;2012;7,276;7,03;5,99;6,58;7,3;9,48
Corumbá de Goiás;2014;7,522;8,33;5,55;6,5;7,86;9,37
Corumbá de Goiás;2016;6,394;9,16;4,88;6,78;4,97;6,18
Corumbá de Goiás;2018;7,32;6,03;7,05;7,6;6,99;8,93
Corumbaíba;2012;7,392;5,49;7,12;7,09;8,57;8,69
Corumbaíba;2014;6,428;8,96;5,61;7,06;9,09;1,42
Corumbaíba;2016;6,966;5,95;6,08;7,24;7,87;7,69
Corumbaíba;2018;6,866;6,85;6,02;6,67;7,99;6,8
Cristalina;2012;7,588;6,96;7,7;6,1;8,56;8,62
Cristalina;2014;7,4;8,2;6,68;6,16;9,61;6,35
Cristalina;2016;7,3;6,72;7,19;6,23;9,22;7,14
Cristalina;2018;6,876;6,89;6,46;5,16;6,84;9,03
Cristianópolis;2012;9,74;10;9,38;9,32;10;10
Cristianópolis;2014;8,534;7,02;8,95;9,31;9,63;7,76
Cristianópolis;2016;6,254;3,94;5,54;6,16;9,09;6,54
Cristianópolis;2018;6,778;8,39;6,73;4,3;7,41;7,06
Crixás;2012;6,908;8,05;5,34;6,97;8,26;5,92
Crixás;2014;7,126;6,71;5,84;7,24;9,55;6,29
Crixás;2016;6,944;7,8;7,19;7,7;8,93;3,1
Crixás;2018;7,7;7,68;7,73;8,06;7,67;7,36
Cromínia;2012;7,6;10;6,03;5,91;7,57;8,49
Cromínia;2014;7,246;7,53;5,87;4,83;9,85;8,15
Cromínia;2016;5,508;10;2,85;4,57;7,34;2,78
Cromínia;2018;5,172;5,94;2,83;6,9;2,66;7,53
Cumari;2012;6,538;10;2,94;7,23;4,33;8,19
Cumari;2014;6,61;10;1,37;5,95;5,73;10
Cumari;2016;4,184;3,89;0,77;7,2;0,81;8,25
Cumari;2018;5,31;6,72;5,37;7,06;5,39;2,01
Damianópolis;2012;9,176;8,13;8,49;9,57;9,69;10
Damianópolis;2014;8,97;7,34;8,13;9,38;10;10
Damianópolis;2016;9,686;10;8,95;9,48;10;10
Damianópolis;2018;9,298;10;7,57;9,5;9,42;10
Damolândia;2012;8,688;10;7,14;9,36;8,89;8,05
Damolândia;2014;9,042;6,85;9,17;9,58;9,61;10
Damolândia;2016;9,028;10;8,04;9;8,1;10
Damolândia;2018;6,122;0;8,51;8,12;3,98;10
Davinópolis;2012;6,78;4,02;7,71;7,26;7,52;7,39
Davinópolis;2014;9,324;10;8,88;7,74;10;10
Davinópolis;2016;7,778;10;5,33;7,96;8,06;7,54
Davinópolis;2018;8,182;7,71;6,71;6,95;9,54;10
Diorama;2012;9,856;10;9,89;9,39;10;10
Diorama;2014;8,2;2,94;9,53;9,41;9,12;10
Diorama;2016;8,892;10;7,63;8,99;7,84;10
Diorama;2018;8,806;10;7,63;7,94;8,46;10
Divinópolis de Goiás;2012;9,372;7,52;9,53;9,81;10;10
Divinópolis de Goiás;2014;9,592;10;8,6;9,47;9,89;10
Divinópolis de Goiás;2016;7,17;6,36;5,41;8,46;5,62;10
Divinópolis de Goiás;2018;8,094;8,05;7,39;8,76;6,27;10
Doverlândia;2012;9,022;10;8,01;8,68;9,1;9,32
Doverlândia;2014;9,27;10;8,91;8,84;9,44;9,16
Doverlândia;2016;9,17;8,83;9,05;8,5;9,47;10
Doverlândia;2018;7,498;5,6;8,44;8,12;5,71;9,62
Edealina;2012;9,478;10;8,95;9,53;8,91;10
Edealina;2014;8,364;10;8,66;8,44;10;4,72
Edealina;2016;7,572;10;7,96;8,19;8,56;3,15
Edealina;2018;6,622;6,16;7,08;7,89;6,66;5,32
Edéia;2012;6,166;7,82;8,58;7,68;6,75;0
Edéia;2014;7,7;9,23;7,88;6,8;9,76;4,83
Edéia;2016;6,458;8,48;7,35;7,03;9,43;0
Edéia;2018;7,112;7,2;8,04;6,31;7,91;6,1
Estrela do Norte;2012;9,908;10;10;9,54;10;10
Estrela do Norte;2014;7,79;7,36;7,91;7,98;5,7;10
Estrela do Norte;2016;7,26;7,3;5,29;6,96;6,75;10
Estrela do Norte;2018;6,448;1,33;5,85;8,54;6,52;10
Faina;2012;9,234;10;9,18;9,48;9,05;8,46
Faina;2014;9,358;10;9,61;9,24;9,84;8,1
Faina;2016;7,616;3,47;8,38;8,35;8,63;9,25
Faina;2018;8,386;7,19;8,61;8,39;8,59;9,15
Fazenda Nova;2012;9,248;10;8,35;8,61;9,28;10
Fazenda Nova;2014;8,872;10;7,52;7,99;8,85;10
Fazenda Nova;2016;8,868;8,52;8;8,26;9,56;10
Fazenda Nova;2018;8,242;9,2;6,66;7,93;7,91;9,51
Firminópolis;2012;7,326;4,16;6,93;8,23;8,24;9,07
Firminópolis;2014;8,208;7,78;6,94;7,89;8,98;9,45
Firminópolis;2016;8,152;7,82;7,55;8,95;9,34;7,1
Firminópolis;2018;7,352;6,97;6,47;8,29;6,88;8,15
Flores de Goiás;2012;9,564;8,98;9,44;9,74;9,66;10
Flores de Goiás;2014;9,434;8,63;9,43;9,66;9,96;9,49
Flores de Goiás;2016;8,726;5,51;8,98;9,51;10;9,63
Flores de Goiás;2018;7,74;5,76;6,81;7,97;8,95;9,21
Formosa;2012;5,724;6,99;4,9;4,82;5,72;6,19
Formosa;2014;5,884;6,53;4,44;3,93;8,71;5,81
Formosa;2016;5,864;5;4,76;4,83;8;6,73
Formosa;2018;6,168;6,99;5,52;3,18;7,11;8,04
Formoso;2012;9,97;10;9,95;10;9,9;10
Formoso;2014;9,826;10;9,68;9,45;10;10
Formoso;2016;8,98;10;8,95;8,44;9,71;7,8
Formoso;2018;6,324;4,74;5,21;8,23;4,08;9,36
Gameleira de Goiás;2012;9,36;10;8,4;9,18;9,22;10
Gameleira de Goiás;2014;8,922;7,41;9,66;9,48;10;8,06
Gameleira de Goiás;2016;9,534;10;9,13;8,54;10;10
Gameleira de Goiás;2018;7,904;8,7;7,68;7,06;6,87;9,21
Goianápolis;2012;6,894;5,4;7,04;6,42;7,62;7,99
Goianápolis;2014;7,622;10;6,55;6,42;8,82;6,32
Goianápolis;2016;5,126;5,02;4,05;5,47;7,25;3,84
Goianápolis;2018;5,916;6,02;5,12;5,42;8,4;4,62
Goiandira;2012;5,86;1,83;3,79;7,55;6,13;10
Goiandira;2014;6,764;6,71;2,03;7,76;7,32;10
Goiandira;2016;6,874;8,35;5,52;7,5;6,77;6,23
Goiandira;2018;6,648;6,51;5,68;7,02;6,15;7,88
Goianésia;2012;7,512;6,8;7,72;5,24;8,34;9,46
Goianésia;2014;6,262;5,71;6,93;5,36;9,53;3,78
Goianésia;2016;4,892;3,29;2,95;6;7,88;4,34
Goianésia;2018;6,24;6,66;4,96;5,57;7,11;6,9
Goiânia;2012;5,316;6,82;5,22;0;6,95;7,59
Goiânia;2014;5,752;6,8;5,48;0;9,04;7,44
Goiânia;2016;5,652;7,32;5,66;0;8,05;7,23
Goiânia;2018;5,758;8,4;6,34;0,63;5,22;8,2
Goianira;2012;6,676;5,49;5,4;5,01;8,43;9,05
Goianira;2014;6,712;5,83;4,92;5,3;9,54;7,97
Goianira;2016;4,672;0,9;4,96;3,61;8,42;5,47
Goianira;2018;5,222;5,34;5,83;2,2;6,88;5,86
Goiás;2012;6,49;7,51;4,71;6,63;5,55;8,05
Goiás;2014;6,002;4,98;4,38;6,08;8,34;6,23
Goiás;2016;6,772;7,01;6,56;6,6;7,53;6,16
Goiás;2018;6,406;7,78;6,58;5,58;5,41;6,68
Goiatuba;2012;7,28;8,68;6,06;6,25;7,89;7,52
Goiatuba;2014;7,752;8,93;6,56;6,63;8,85;7,79
Goiatuba;2016;10;10;10;10;10;10
Goiatuba;2018;6,842;8,58;7,16;6,84;6,14;5,49
Gouvelândia;2012;8,458;8,76;9,05;8,96;8,77;6,75
Gouvelândia;2014;9,708;10;9,55;9,2;9,79;10
Gouvelândia;2016;7,698;8,33;7,8;9,29;9,75;3,32
Gouvelândia;2018;8,808;10;8,2;8,29;8,08;9,47
Guapó;2012;6,52;6,04;7,12;3,73;8,4;7,31
Guapó;2014;6,024;1,88;6,21;4,1;8,87;9,06
Guapó;2016;6,324;7,46;6,59;4,6;8,76;4,21
Guapó;2018;6,304;8,31;6,83;5,2;8,78;2,4
Guaraíta;2012;9,52;10;8,9;9,56;9,14;10
Guaraíta;2014;9,622;10;9,33;9,25;9,53;10
Guaraíta;2016;8,47;5,98;8,6;9,58;8,19;10
Guaraíta;2018;7,998;7,8;5,42;8,98;7,79;10
Guarani de Goiás;2012;8,686;7,11;7,67;9,37;9,28;10
Guarani de Goiás;2014;9,02;7,92;8,26;9,31;9,61;10
Guarani de Goiás;2016;7,806;5,65;6,21;9,39;9,02;8,76
Guarani de Goiás;2018;9,088;8,82;8,72;9,08;8,82;10
Guarinos;2012;9,574;10;9,66;9,54;8,67;10
Guarinos;2014;9,24;10;8,96;9,21;8,03;10
Guarinos;2016;9,618;10;9,67;9,7;8,72;10
Guarinos;2018;8,884;7,64;8,95;9,25;8,58;10
Heitoraí;2012;9,366;10;8,24;9,02;9,57;10
Heitoraí;2014;9,052;10;7,64;8,38;9,24;10
Heitoraí;2016;7,342;2,63;8,48;9,14;9,26;7,2
Heitoraí;2018;7,422;7,4;6,71;7,97;5,03;10
Hidrolândia;2012;5,59;2,93;3,84;3,75;8,36;9,07
Hidrolândia;2014;4,808;5,64;2,54;2,64;9,03;4,19
Hidrolândia;2016;4,82;3,95;4,95;3,49;7,83;3,88
Hidrolândia;2018;6,876;8,32;7,41;4,28;8,02;6,35
Hidrolina;2012;9,054;6,95;9,81;9,65;8,86;10
Hidrolina;2014;9,306;7,79;9,32;9,56;9,86;10
Hidrolina;2016;9,372;10;8,83;9,43;8,6;10
Hidrolina;2018;9,028;10;8,19;8,98;7,97;10
Iaciara;2012;6,674;3,07;4,74;8,28;7,71;9,57
Iaciara;2014;7,772;4,47;6,62;8,55;9,74;9,48
Iaciara;2016;7,592;9,32;5,37;8,63;8,15;6,49
Iaciara;2018;7,856;7,13;6,63;8,48;7,91;9,13
Inaciolândia;2012;9,018;10;9,59;9,9;9,37;6,23
Inaciolândia;2014;8,822;8,49;9,47;9,65;9,91;6,59
Inaciolândia;2016;9,636;10;8,89;9,52;9,77;10
Inaciolândia;2018;7,172;6,82;8,03;8,41;6,96;5,64
Indiara;2012;5,91;6,86;8,3;7,11;6,69;0,59
Indiara;2014;7,894;9,37;8,73;6,69;9,37;5,31
Indiara;2016;6,79;6,92;7,78;7,03;7,5;4,72
Indiara;2018;5,224;7,1;6,28;7,07;5,67;0
Inhumas;2012;7,074;7,45;6,94;6,37;7,95;6,66
Inhumas;2014;8,148;8,21;7,78;6,63;9,46;8,66
Inhumas;2016;7,412;6,62;7,38;6,66;8,64;7,76
Inhumas;2018;7,856;9,16;7,77;6,3;8,61;7,44
Ipameri;2012;6,528;5,03;6,45;7,16;7,04;6,96
Ipameri;2014;7,464;7,21;7,19;6,87;9,19;6,86
Ipameri;2016;6,596;6,17;5,97;7,05;6,97;6,82
Ipameri;2018;6,746;8,35;6,54;6,49;6,14;6,21
Ipiranga de Goiás;2012;9,706;10;9,63;9,26;9,64;10
Ipiranga de Goiás;2014;9,714;10;9,46;9,49;9,62;10
Ipiranga de Goiás;2016;9,324;10;8,79;9,23;8,6;10
Ipiranga de Goiás;2018;9,154;10;8,44;8,99;8,34;10
Iporá;2012;7,692;7,64;8,29;7,26;7,84;7,43
Iporá;2014;7,364;8,32;7,65;7,09;9,42;4,34
Iporá;2016;6,314;5,73;7,31;6,57;9,1;2,86
Iporá;2018;6,796;8,18;7,43;6,71;5,44;6,22
Israelândia;2012;6,138;3,61;4,75;7,36;6,83;8,14
Israelândia;2014;8,322;10;4,64;8,68;8,29;10
Israelândia;2016;6,478;6,87;7,82;7,96;1,53;8,21
Israelândia;2018;6,176;1,62;7,34;8,01;6,97;6,94
Itaberaí;2012;6,712;5,65;7,2;5,86;8,04;6,81
Itaberaí;2014;6,87;4,49;7,04;6,19;8,43;8,2
Itaberaí;2016;7,018;7,45;7,03;7,37;7,35;5,89
Itaberaí;2018;5,992;8,56;7,02;5,79;1,08;7,51
Itaguari;2012;9,864;10;9,94;9,38;10;10
Itaguari;2014;8,87;8,07;7,54;9,1;9,64;10
Itaguari;2016;8,32;10;6,6;8,11;9,12;7,77
Itaguari;2018;8,086;8,97;6,88;7,28;7,3;10
Itaguaru;2012;8,388;8,87;6,49;8,79;8,78;9,01
Itaguaru;2014;7,98;10;4,94;6,99;9,19;8,78
Itaguaru;2016;7,788;6,67;6,06;8,21;8;10
Itaguaru;2018;7,034;6,42;5,66;7,59;6,59;8,91
Itajá;2012;9,99;10;10;9,95;10;10
Itajá;2014;9,724;10;10;9,94;10;8,68
Itajá;2016;8,468;8,16;7,43;8,35;9,45;8,95
Itajá;2018;7,03;10;5,95;7,69;8,2;3,31
Itapaci;2012;7,676;9,33;8,81;7,71;5,15;7,38
Itapaci;2014;6,45;4,06;7,65;7,51;5,77;7,26
Itapaci;2016;8,59;9,56;8,55;8,78;7,82;8,24
Itapaci;2018;7,732;8,41;8,44;7,6;6;8,21
Itapirapuã;2012;8,206;8,43;7,66;6,59;9,03;9,32
Itapirapuã;2014;8,15;6,45;8,02;7,24;9,93;9,11
Itapirapuã;2016;8,372;10;8,03;7,93;8,19;7,71
Itapirapuã;2018;7,828;10;7,13;7,26;7,08;7,67
Itapuranga;2012;8,24;8,35;7,73;7,32;8,01;9,79
Itapuranga;2014;8,762;8,99;7,81;7,83;9,18;10
Itapuranga;2016;7,738;9,31;5,69;7,89;7,37;8,43
Itapuranga;2018;6,944;7,8;5,97;7,65;5,65;7,65
Itarumã;2012;9,978;10;10;9,89;10;10
Itarumã;2014;9,978;10;9,94;9,95;10;10
Itarumã;2016;8,088;3,3;9,22;9,69;8,99;9,24
Itarumã;2018;8,874;9,3;8,2;8,99;8,31;9,57
Itauçu;2012;7,602;7,85;5,76;7,43;8,22;8,75
Itauçu;2014;8,698;8,99;6,7;8,18;9,62;10
Itauçu;2016;6,838;5,91;3,62;7,39;7,85;9,42
Itauçu;2018;8,7;9,46;8,69;7,76;8,58;9,01
Itumbiara;2012;6,762;7,82;6,81;6,21;6,49;6,48
Itumbiara;2014;6,53;8,43;5,67;5,68;8,14;4,73
Itumbiara;2016;5,61;8,36;5,31;6,42;6,56;1,4
Itumbiara;2018;6,112;6,99;6,25;5,59;6,18;5,55
Ivolândia;2012;9,344;7,69;9,51;9,52;10;10
Ivolândia;2014;9,948;10;9,85;9,89;10;10
Ivolândia;2016;9,38;10;8,23;9,2;9,47;10
Ivolândia;2018;7,658;6,19;7,36;8,57;6,17;10
Jandaia;2012;9,042;10;9,07;8,25;8,76;9,13
Jandaia;2014;8,986;8,58;9,5;8,63;9,29;8,93
Jandaia;2016;8,28;7,08;8,36;8,54;8,25;9,17
Jandaia;2018;7,26;6,88;8,26;8,08;5,93;7,15
Jaraguá;2012;6,636;7,21;8,13;6,95;6,27;4,62
Jaraguá;2014;6,876;7,77;7,08;6,55;9,51;3,47
Jaraguá;2016;7,456;9,02;6,51;6,48;8,64;6,63
Jaraguá;2018;7,534;7,66;7,5;6,31;8,49;7,71
Jataí;2012;5,924;6,16;5,31;5,76;5,74;6,65
Jataí;2014;5,786;6,21;4,09;5,35;7,95;5,33
Jataí;2016;6,148;6,84;5,92;4,68;7,01;6,29
Jataí;2018;6,878;8,6;6,93;5,69;7,09;6,08
Jaupaci;2012;8,622;7,95;8,95;9,77;6,44;10
Jaupaci;2014;9,226;10;8,71;8,34;9,08;10
Jaupaci;2016;7,056;10;6,84;8,99;6,36;3,09
Jaupaci;2018;8,562;10;8,63;8,12;8,04;8,02
Jesúpolis;2012;9,55;10;9,32;9,54;8,89;10
Jesúpolis;2014;7,662;2,49;9,01;9,63;10;7,18
Jesúpolis;2016;8,454;10;5,64;6,63;10;10
Jesúpolis;2018;8,684;8,02;8,14;8,45;8,81;10
Joviânia;2012;6,736;4,82;5,92;8,14;8,57;6,23
Joviânia;2014;5,948;7,56;3,38;6,67;8,55;3,58
Joviânia;2016;7,37;5,06;5,98;8,15;9,07;8,59
Joviânia;2018;8,17;6,73;8,15;8,22;8,55;9,2
Jussara;2012;7,054;8,07;7,01;6,94;6,89;6,36
Jussara;2014;5,924;6,78;7,15;5,95;9,74;0
Jussara;2016;7,158;7,64;5,22;7,35;9,36;6,22
Jussara;2018;7,326;7,97;6,2;7,22;7,4;7,84
Lagoa Santa;2014;8,404;10;6,17;7,11;8,74;10
Lagoa Santa;2016;9,05;10;6,27;8,98;10;10
Lagoa Santa;2018;7,054;6,7;4,94;7,61;6,02;10
Leopoldo de Bulhões;2012;6,41;6,1;6,55;5,97;8,19;5,24
Leopoldo de Bulhões;2014;7,994;8,89;7,27;5,95;9,52;8,34
Leopoldo de Bulhões;2016;8,13;7,76;7,92;7,63;7,98;9,36
Leopoldo de Bulhões;2018;7,78;8,21;7,61;6,31;7,13;9,64
Luziânia;2012;5,836;6,02;5,03;4,48;7,15;6,5
Luziânia;2014;5,932;5,33;4,25;3,96;9,19;6,93
Luziânia;2016;5,722;4,46;5,05;2,82;8,85;7,43
Luziânia;2018;6,698;7,37;6,43;4,26;7,61;7,82
Mairipotaba;2012;9,858;10;9,78;9,51;10;10
Mairipotaba;2014;9,88;10;10;9,63;9,77;10
Mairipotaba;2016;5,984;6,24;1,84;6,82;7,17;7,85
Mairipotaba;2018;6,178;5,99;5,63;6,98;7,18;5,11
Mambaí;2012;8,952;7,32;8,25;9,56;9,63;10
Mambaí;2014;8,736;7,56;7,32;9,03;9,77;10
Mambaí;2016;8,692;6,52;8,02;9,27;9,65;10
Mambaí;2018;8,53;8,22;7,03;9,19;8,21;10
Mara Rosa;2012;8,338;9,42;8,43;7,09;6,75;10
Mara Rosa;2014;8,536;8,33;8,09;8,61;8,9;8,75
Mara Rosa;2016;7,374;8,25;5,93;8,09;7,1;7,5
Mara Rosa;2018;7,364;7,62;6,25;7,26;6,56;9,13
Marzagão;2012;7,568;10;6,34;8,02;6,07;7,41
Marzagão;2014;8,102;10;5,96;8,2;9,48;6,87
Marzagão;2016;8,6;10;7,42;8,09;7,49;10
Marzagão;2018;6,8;1,21;7,06;8,85;9,56;7,32
Matrinchã;2012;7,814;3,04;7,75;8,86;9,42;10
Matrinchã;2014;8,462;6,03;8,25;8,28;9,75;10
Matrinchã;2016;8,878;7,97;8,35;8,68;9,39;10
Matrinchã;2018;8,102;7,83;7,53;9,09;7,38;8,68
Maurilândia;2012;7,108;5,2;6,53;6,95;7,79;9,07
Maurilândia;2014;7,732;7,8;5,35;7,07;8,44;10
Maurilândia;2016;8,838;9,29;7,91;8,36;9,04;9,59
Maurilândia;2018;7,63;8,53;6,95;7,77;6,24;8,66
Mimoso de Goiás;2012;8,784;5,42;9,32;9,56;9,62;10
Mimoso de Goiás;2014;8,594;6,72;7,84;9,02;9,39;10
Mimoso de Goiás;2016;9,538;10;8,7;8,99;10;10
Mimoso de Goiás;2018;8,728;6,39;9,02;8,59;9,64;10
Minaçu;2012;8,166;8,03;7,03;6,77;9;10
Minaçu;2014;7,378;6,03;5,67;5,87;9,32;10
Minaçu;2016;7,032;7,06;4,81;7,1;8,54;7,65
Minaçu;2018;7,872;9,05;6,75;6,47;7,96;9,13
Mineiros;2012;7,294;7,33;5,71;6,93;6,5;10
Mineiros;2014;8,22;8,25;7,22;6,93;8,7;10
Mineiros;2016;6,254;6,96;5,63;6,2;7,09;5,39
Mineiros;2018;6,38;8,12;6,36;4,69;6,26;6,47
Moiporá;2012;9,86;10;9,7;9,6;10;10
Moiporá;2014;9,966;10;10;9,83;10;10
Moiporá;2016;9,584;10;9,38;9,34;9,2;10
Moiporá;2018;8,252;7,08;7,54;8,99;7,65;10
Monte Alegre de Goiás;2012;9,3;10;8,34;9,64;9,21;9,31
Monte Alegre de Goiás;2014;8,998;6,66;8,87;9,74;9,72;10
Monte Alegre de Goiás;2016;7,638;4,48;6,8;8,7;8,84;9,37
Monte Alegre de Goiás;2018;7,798;6,53;7,57;8,74;8,26;7,89
Montes Claros de Goiás;2012;9,966;10;9,9;9,93;10;10
Montes Claros de Goiás;2014;9,13;8,91;8,07;8,94;9,73;10
Montes Claros de Goiás;2016;7,624;8,89;4,83;7,55;7,49;9,36
Montes Claros de Goiás;2018;5,494;7,04;4,42;6,62;0,47;8,92
Montividiu;2012;8,276;8,84;7,28;7,84;8,94;8,48
Montividiu;2014;6,95;9,21;4,79;7,36;9,35;4,04
Montividiu;2016;7,836;6,96;6,05;7,89;8,28;10
Montividiu;2018;7,266;5,31;6,32;8;7,41;9,29
Montividiu do Norte;2012;9,684;8,51;9,94;9,97;10;10
Montividiu do Norte;2014;9,986;10;10;9,93;10;10
Montividiu do Norte;2016;9,258;7,91;9,6;9,41;9,37;10
Montividiu do Norte;2018;8,014;4,5;8,26;9,08;8,23;10
Morrinhos;2012;6,98;7,33;7,86;7,42;6,43;5,86
Morrinhos;2014;7,112;7,3;7;6,99;9,25;5,02
Morrinhos;2016;5,884;6,09;5,43;6,65;7,71;3,54
Morrinhos;2018;6,41;7,63;6,45;6,29;7,92;3,76
Morro Agudo de Goiás;2012;9,134;7,39;9,44;9,7;9,14;10
Morro Agudo de Goiás;2014;9,664;10;9,51;9,75;9,06;10
Morro Agudo de Goiás;2016;8,544;10;8,21;9,73;4,78;10
Morro Agudo de Goiás;2018;7,334;1,71;7,64;9,4;7,92;10
Mossâmedes;2012;9,586;10;9,48;9,06;9,39;10
Mossâmedes;2014;7,63;4,64;7,32;7,98;9,55;8,66
Mossâmedes;2016;8,254;8,11;8,17;7,84;7,15;10
Mossâmedes;2018;6,818;4,83;5,8;7,42;7,3;8,74
Mozarlândia;2012;8,132;8,17;7,09;8,69;7,91;8,8
Mozarlândia;2014;8,224;9,36;6,81;7,86;9;8,09
Mozarlândia;2016;7,564;8,75;5,83;7,84;8,6;6,8
Mozarlândia;2018;6,634;8,38;6,16;6,67;5,12;6,84
Mundo Novo;2012;9,936;10;9,84;10;9,84;10
Mundo Novo;2014;9,886;10;9,81;9,62;10;10
Mundo Novo;2016;8,056;3,85;7,5;9,16;9,77;10
Mundo Novo;2018;7,66;7,43;6,78;8,22;6,39;9,48
Mutunópolis;2012;9,918;10;9,8;9,79;10;10
Mutunópolis;2014;9,922;10;9,9;9,85;9,86;10
Mutunópolis;2016;7,314;7,66;4,66;8,11;6,14;10
Mutunópolis;2018;7,628;8,75;5,61;8,3;5,48;10
Nazário;2012;8,414;8,44;8,87;8,12;6,64;10
Nazário;2014;8,47;10;7,42;6,83;8,1;10
Nazário;2016;6,924;6,81;6,34;6,91;7,6;6,96
Nazário;2018;7,484;7,78;6,6;6,82;6,89;9,33
Nerópolis;2012;7,214;6,7;6,49;7,74;8,02;7,12
Nerópolis;2014;7,066;5,12;6,1;7,15;9,32;7,64
Nerópolis;2016;7,32;7,31;6,94;7,43;8,38;6,54
Nerópolis;2018;7,078;7,39;6,53;6,41;7,07;7,99
Niquelândia;2012;7,388;7,39;8,07;6,22;7,67;7,59
Niquelândia;2014;8,394;8,98;8,33;6,06;9,52;9,08
Niquelândia;2016;7,788;7,97;7,32;6,99;9,09;7,57
Niquelândia;2018;7,788;7,65;7,74;6,84;7,75;8,96
Nova América;2012;8,8;10;9,31;8,86;8,2;7,63
Nova América;2014;9,076;10;7,46;9,36;8,56;10
Nova América;2016;7,286;2,23;7,74;9,38;7,08;10
Nova América;2018;8,286;7,94;7,76;8,63;7,1;10
Nova Aurora;2012;9,342;10;8,1;9,6;9,01;10
Nova Aurora;2014;7,392;5,8;6,49;8,61;9,21;6,85
Nova Aurora;2016;6,914;1,59;5,77;9,11;8,1;10
Nova Aurora;2018;7,566;7,78;7,47;8,84;6,44;7,3
Nova Crixás;2012;9,45;9,48;9,04;9,37;9,36;10
Nova Crixás;2014;8,612;10;8,5;8,6;9,77;6,19
Nova Crixás;2016;7,098;3,48;7,81;8,56;9,78;5,86
Nova Crixás;2018;6,714;6,56;5,44;7,56;5,17;8,84
Nova Glória;2012;8,554;9,28;8,12;7,89;8,74;8,74
Nova Glória;2014;8,024;7,93;6,08;7,21;8,9;10
Nova Glória;2016;8,55;10;7,69;8,24;7,43;9,39
Nova Glória;2018;6,704;6,57;6,03;7,83;4,14;8,95
Nova Iguaçu de Goiás;2012;9,052;10;7,78;8,38;9,1;10
Nova Iguaçu de Goiás;2014;7,936;6,92;6,34;6,42;10;10
Nova Iguaçu de Goiás;2016;9,294;10;8,67;8,74;9,06;10
Nova Iguaçu de Goiás;2018;9,042;8,35;8,86;8,33;9,67;10
Nova Roma;2012;8,592;4,69;9,47;9,39;9,41;10
Nova Roma;2014;8,034;2,36;8,32;9,49;10;10
Nova Roma;2016;9,534;10;8,27;9,4;10;10
Nova Roma;2018;8,444;7,16;8,81;9,67;6,58;10
Nova Veneza;2012;7,954;8,49;8,07;8,33;8,18;6,7
Nova Veneza;2014;7,988;8,96;7,34;7,16;9,61;6,87
Nova Veneza;2016;7,954;6,97;7,57;8,17;8,79;8,27
Nova Veneza;2018;8,092;9,48;8,06;7,99;8,11;6,82
Novo Brasil;2012;9,404;10;8,51;9,23;9,28;10
Novo Brasil;2014;8,466;7,44;7,97;9,32;9,52;8,08
Novo Brasil;2016;9,102;10;8,63;8,85;9,59;8,44
Novo Brasil;2018;8,45;8,5;7,03;8,83;8,8;9,09
Novo Gama;2012;7,21;7,15;7,38;5,79;8,1;7,63
Novo Gama;2014;6,768;5,64;7,31;5,32;9,65;5,92
Novo Gama;2016;6,888;6,21;6,09;6,07;8,68;7,39
Novo Gama;2018;7,656;7,95;7,61;5,79;8,48;8,45
Novo Planalto;2012;9,822;10;9,8;9,82;9,49;10
Novo Planalto;2014;9,19;7,83;9,05;9,21;9,86;10
Novo Planalto;2016;8,34;5,73;7,93;9,32;8,72;10
Novo Planalto;2018;7,102;5,53;7,68;8,38;5,96;7,96
Orizona;2012;8,1;8,28;7,82;6,15;9;9,25
Orizona;2014;8,416;9,4;7,98;6,89;9,62;8,19
Orizona;2016;7,548;8,2;6,58;8,06;7,65;7,25
Orizona;2018;7,5;6,84;7,82;7,37;7,01;8,46
Ouro Verde de Goiás;2012;8,738;10;7,86;8,55;8,61;8,67
Ouro Verde de Goiás;2014;8,202;5,61;7,97;8,25;9,18;10
Ouro Verde de Goiás;2016;8,438;7,72;7,88;7,96;8,63;10
Ouro Verde de Goiás;2018;7,606;10;5,56;7,41;6,55;8,51
Ouvidor;2012;6,012;2,13;7,18;8,31;6,37;6,07
Ouvidor;2014;8,262;10;7,14;7,07;9,42;7,68
Ouvidor;2016;6,966;10;4,9;7,5;8,42;4,01
Ouvidor;2018;6,922;7,68;8,16;7,4;8,44;2,93
Padre Bernardo;2012;7,87;6,67;7,64;7,11;8,9;9,03
Padre Bernardo;2014;7,754;6,64;7,3;6,71;9,73;8,39
Padre Bernardo;2016;7,324;4,68;7,7;7,52;9,42;7,3
Padre Bernardo;2018;7,984;8,17;8,05;6,32;8,96;8,42
Palestina de Goiás;2012;9,052;6,35;9,3;9,76;9,85;10
Palestina de Goiás;2014;9,66;10;8,63;9,83;9,84;10
Palestina de Goiás;2016;9,3;7,38;9,49;9,63;10;10
Palestina de Goiás;2018;9,12;8,61;8,97;9,15;9,72;9,15
Palmeiras de Goiás;2012;7,626;7,89;7,03;7,04;6,4;9,77
Palmeiras de Goiás;2014;7,824;8,55;6,96;6,96;8,01;8,64
Palmeiras de Goiás;2016;6,664;5,12;6,63;7,57;8,38;5,62
Palmeiras de Goiás;2018;5,468;6,22;4,27;5,01;5,56;6,28
Palmelo;2012;8,958;7,37;8,54;9,75;9,13;10
Palmelo;2014;7,664;10;0,95;9,01;8,36;10
Palmelo;2016;8,652;10;4,86;8,4;10;10
Palmelo;2018;7,336;7,98;6,21;6,56;8,38;7,55
Palminópolis;2012;9,588;10;9,19;9,04;9,71;10
Palminópolis;2014;8,112;5,09;7,19;9,51;8,77;10
Palminópolis;2016;8,57;7,5;7,97;9,56;9,25;8,57
Palminópolis;2018;7,296;6;6,7;7,53;7,06;9,19
Panamá;2012;9,662;10;9,02;9,48;9,81;10
Panamá;2014;9,46;10;9,13;8,58;9,59;10
Panamá;2016;8,598;10;8,7;7,22;8,99;8,08
Panamá;2018;7,74;8,2;7,15;6,98;7,47;8,9
Paranaiguara;2012;7,006;2,57;7,59;8,57;7,48;8,82
Paranaiguara;2014;7,752;7,16;6,96;8,55;8,93;7,16
Paranaiguara;2016;8,816;10;9,09;9,22;8,45;7,32
Paranaiguara;2018;8,348;9,01;7,9;8,8;6,93;9,1
Paraúna;2012;7,254;4,91;7,57;7,83;6,95;9,01
Paraúna;2014;8,006;9,2;6,88;7,17;7,99;8,79
Paraúna;2016;7,24;6,73;7,28;7,55;7,91;6,73
Paraúna;2018;6,204;6,95;6,06;6,95;2,39;8,67
Perolândia;2012;8,428;7,92;8,49;8,93;8,62;8,18
Perolândia;2014;7,822;4,12;8,19;7,17;9,63;10
Perolândia;2016;8,862;7,05;7,83;9,43;10;10
Perolândia;2018;7,67;8,44;6,84;7,79;7,18;8,1
Petrolina de Goiás;2012;7,86;8,21;6,9;7,85;7,38;8,96
Petrolina de Goiás;2014;8,54;8,3;7,49;8,13;8,78;10
Petrolina de Goiás;2016;8,596;9,13;8,08;8,53;9,22;8,02
Petrolina de Goiás;2018;7,78;6,3;7,23;8,16;7,49;9,72
Pilar de Goiás;2012;7,956;7,78;9,15;9,11;7,61;6,13
Pilar de Goiás;2014;7,818;10;8,28;7,73;5,52;7,56
Pilar de Goiás;2016;9,148;10;8,92;9,33;9,48;8,01
Pilar de Goiás;2018;7,65;6,16;8,57;8,17;7,69;7,66
Piracanjuba;2012;7,61;7,95;7,08;6,8;8,01;8,21
Piracanjuba;2014;7,784;10;7,55;6,04;9,7;5,63
Piracanjuba;2016;6,006;5,96;5,73;7,5;8,18;2,66
Piracanjuba;2018;7,03;8,05;6,78;5,44;8,32;6,56
Piranhas;2012;8,048;7,82;7,07;7,66;8,64;9,05
Piranhas;2014;7,998;6,85;7,65;6,52;9,56;9,41
Piranhas;2016;7,886;8,36;7,62;8,1;8,15;7,2
Piranhas;2018;6,018;7,35;4,42;6,77;3,7;7,85
Pirenópolis;2012;3,866;7,06;1,06;3,08;0;8,13
Pirenópolis;2014;3,738;6,62;0,18;2,25;4,99;4,65
Pirenópolis;2016;4,218;7;0,89;5,8;2,33;5,07
Pirenópolis;2018;5,438;6,44;4,63;5,04;3,73;7,35
Pires do Rio;2012;7,49;8,29;7,21;6,85;6,78;8,32
Pires do Rio;2014;6,678;7,9;4,98;5,85;8,71;5,95
Pires do Rio;2016;5,682;5,22;5;7,33;8,2;2,66
Pires do Rio;2018;6,674;7,8;6,85;4,81;6,59;7,32
Planaltina;2012;6,348;3,98;7,26;4,66;7,75;8,09
Planaltina;2014;6,126;3,99;6,78;4,9;9,31;5,65
Planaltina;2016;5,998;4,34;6,3;5,04;9,16;5,15
Planaltina;2018;6,64;5,43;7,19;4,72;8,31;7,55
Pontalina;2012;8,218;8,92;7,16;7,71;8,87;8,43
Pontalina;2014;6,63;4,41;3,85;7,37;9,43;8,09
Pontalina;2016;7,366;9,49;6,35;7,78;8,77;4,44
Pontalina;2018;7,9;8,91;6,41;7,69;7,98;8,51
Porangatu;2012;6,538;6,66;5,97;3,96;7,24;8,86
Porangatu;2014;6,754;5,91;5,17;5,61;8,61;8,47
Porangatu;2016;6,5;8,36;5,39;6,74;6,8;5,21
Porangatu;2018;6,348;7,62;5,35;5,67;6,12;6,98
Porteirão;2012;9,972;10;10;9,86;10;10
Porteirão;2014;9,364;10;8,09;8,73;10;10
Porteirão;2016;7,276;5;6,9;6,66;9,25;8,57
Porteirão;2018;7,4;8,7;7,55;6,79;5,55;8,41
Portelândia;2012;9,588;10;9,05;9,82;9,07;10
Portelândia;2014;9,89;10;9,6;9,85;10;10
Portelândia;2016;8,54;5,44;9,29;9;8,97;10
Portelândia;2018;8,556;10;8,32;8,6;7,33;8,53
Posse;2012;7,422;6,48;6,08;7,71;7,52;9,32
Posse;2014;6,896;6,2;4,57;6,66;8,27;8,78
Posse;2016;6,558;5,23;4,57;7,92;8,25;6,82
Posse;2018;7,896;7,24;7,11;8,08;8,39;8,66
Professor Jamil;2012;9,82;10;10;9,57;9,53;10
Professor Jamil;2014;9,674;10;9,77;8,6;10;10
Professor Jamil;2016;6,696;10;2,63;4,98;7,47;8,4
Professor Jamil;2018;6,546;6,99;6,13;4,78;8,49;6,34
Quirinópolis;2012;7,162;8,72;7,15;5,82;7,6;6,52
Quirinópolis;2014;6,968;7,83;6,19;5,78;8,75;6,29
Quirinópolis;2016;6,744;7,87;6,01;6,88;8,16;4,8
Quirinópolis;2018;6,98;8,89;6,84;5,17;6,83;7,17
Rialma;2012;6,458;7,66;5,25;6,45;5,99;6,94
Rialma;2014;6,132;7,52;3,45;5,27;8,76;5,66
Rialma;2016;6,724;6,66;5,05;6,78;7,99;7,14
Rialma;2018;5,672;0,7;5,18;6,68;7,42;8,38
Rianápolis;2012;7,316;8,65;6,85;8,28;6,32;6,48
Rianápolis;2014;6,894;4,3;6,23;7,98;8,81;7,15
Rianápolis;2016;6,942;6,17;6,44;8,42;9,14;4,54
Rianápolis;2018;6,508;4,94;6,34;6,77;6,34;8,15
Rio Quente;2012;7,374;6,29;7,08;4,73;8,77;10
Rio Quente;2014;6,496;5;5,05;3,52;8,91;10
Rio Quente;2016;8,316;10;7,82;6,86;8,24;8,66
Rio Quente;2018;7,28;7,62;6,64;4,79;8,8;8,55
Rio Verde;2012;5,954;7,98;4,63;5,49;6,26;5,41
Rio Verde;2014;6,026;7,5;3,63;5,06;8,75;5,19
Rio Verde;2016;5,344;6,35;2,31;3,78;6,74;7,54
Rio Verde;2018;6,262;7,64;5,3;3,58;7,21;7,58
Rubiataba;2012;8,252;10;8,48;7,36;7,12;8,3
Rubiataba;2014;8,354;9,54;7,6;6,89;8,08;9,66
Rubiataba;2016;7,266;9,54;8,1;7,63;5,55;5,51
Rubiataba;2018;6,732;8,29;6,9;7;4,75;6,72
Sanclerlândia;2012;6,872;6,74;6,26;7,78;7,84;5,74
Sanclerlândia;2014;7,826;5,37;7,4;7,81;9,42;9,13
Sanclerlândia;2016;7,774;6,47;7,08;8,92;8,41;7,99
Sanclerlândia;2018;8,062;7,5;7,98;8,48;7,11;9,24
Santa Bárbara de Goiás;2012;9,338;8,93;9,68;8,7;9,38;10
Santa Bárbara de Goiás;2014;8,346;10;8,1;6,88;8,98;7,77
Santa Bárbara de Goiás;2016;6,746;4,13;7,95;7,6;8,24;5,81
Santa Bárbara de Goiás;2018;5,784;5,4;6,47;6,98;7,54;2,53
Santa Cruz de Goiás;2012;9,846;10;9,75;9,48;10;10
Santa Cruz de Goiás;2014;9,746;10;9,38;9,53;9,82;10
Santa Cruz de Goiás;2016;8,032;10;2,92;8,13;9,11;10
Santa Cruz de Goiás;2018;7,782;10;6,05;5,75;7,11;10
Santa Fé de Goiás;2012;9,398;10;8,41;9,11;9,47;10
Santa Fé de Goiás;2014;8,984;8,2;8,66;9,52;9,89;8,65
Santa Fé de Goiás;2016;9,228;10;7,6;9,07;9,47;10
Santa Fé de Goiás;2018;8,414;9,08;7,4;8,37;7,78;9,44
Santa Helena de Goiás;2012;7,446;8,99;7,13;7,52;7,71;5,88
Santa Helena de Goiás;2014;7,632;9,29;7,67;6,77;9,43;5
Santa Helena de Goiás;2016;7,096;8,09;6,49;7,07;7,38;6,45
Santa Helena de Goiás;2018;6,794;7,85;7,28;6,22;5,77;6,85
Santa Isabel;2012;7,714;3,33;8,37;9,36;7,51;10
Santa Isabel;2014;9,392;10;8,34;9,06;9,56;10
Santa Isabel;2016;9,208;10;7,32;9,08;9,64;10
Santa Isabel;2018;8,74;8,73;7,49;8,5;8,98;10
Santa Rita do Araguaia;2012;9,75;10;9,06;9,98;9,71;10
Santa Rita do Araguaia;2014;9,874;10;9,68;9,92;9,77;10
Santa Rita do Araguaia;2016;9,58;10;9,55;9,71;9,3;9,34
Santa Rita do Araguaia;2018;7,694;9,4;8,34;7,84;5,44;7,45
Santa Rita do Novo Destino;2012;9,382;10;8,93;8,78;9,2;10
Santa Rita do Novo Destino;2014;9,622;10;9,28;9;9,83;10
Santa Rita do Novo Destino;2016;8,85;10;6,8;8,69;8,76;10
Santa Rita do Novo Destino;2018;9,214;10;7,84;8,52;9,71;10
Santa Rosa de Goiás;2012;9,404;10;8,65;9,07;9,3;10
Santa Rosa de Goiás;2014;9,316;10;8,22;8,55;9,81;10
Santa Rosa de Goiás;2016;9,53;10;8,83;8,82;10;10
Santa Rosa de Goiás;2018;8,626;10;7,07;8,66;7,4;10
Santa Tereza de Goiás;2012;9,79;10;9,93;9,27;9,75;10
Santa Tereza de Goiás;2014;9,766;10;9,8;9,03;10;10
Santa Tereza de Goiás;2016;8,086;2,83;8,61;8,99;10;10
Santa Tereza de Goiás;2018;7,182;6,07;7,28;8,1;5,26;9,2
Santa Terezinha de Goiás;2012;8,056;8,21;6,55;8,09;8,47;8,96
Santa Terezinha de Goiás;2014;8,33;9,13;7,13;7,89;9,46;8,04
Santa Terezinha de Goiás;2016;8,32;7,23;7,6;8,38;9,44;8,95
Santa Terezinha de Goiás;2018;8;9,49;5,77;8,7;6,96;9,08
Santo Antônio da Barra;2012;8,542;5,83;8,05;9,52;9,31;10
Santo Antônio da Barra;2014;8,77;8,05;7,34;8,83;9,63;10
Santo Antônio da Barra;2016;8,482;8,05;6,76;8,77;8,83;10
Santo Antônio da Barra;2018;7,748;6,93;7,11;8,01;7,94;8,75
Santo Antônio de Goiás;2012;9,02;10;7,44;8,53;9,13;10
Santo Antônio de Goiás;2014;7,886;4,7;7,04;8,35;9,34;10
Santo Antônio de Goiás;2016;8,796;10;7,55;8,33;10;8,1
Santo Antônio de Goiás;2018;8,686;9,15;7,94;8,23;9,15;8,96
Santo Antônio do Descoberto;2012;5,748;4,26;5,91;3,77;7,6;7,2
Santo Antônio do Descoberto;2014;5,534;4,48;3,83;2,94;9,45;6,97
Santo Antônio do Descoberto;2016;5,386;4,09;2,37;4,78;8,01;7,68
Santo Antônio do Descoberto;2018;7,252;7,34;6,15;6,02;8,58;8,17
São Domingos;2012;7,336;6,18;5,08;6,86;8,56;10
São Domingos;2014;6,802;3,17;5,62;7,12;8,67;9,43
São Domingos;2016;5,906;9,25;4,63;7,49;3,27;4,89
São Domingos;2018;6,874;4,16;6,55;8,21;6,87;8,58
São Francisco de Goiás;2012;9,464;10;9,49;8,58;9,25;10
São Francisco de Goiás;2014;8,02;5,73;8,37;7,25;9,82;8,93
São Francisco de Goiás;2016;8,17;10;7,48;7,41;7,61;8,35
São Francisco de Goiás;2018;8,334;9,23;7,91;7,93;7,53;9,07
São João d'Aliança;2012;9,124;9,4;8,83;9,53;8,91;8,95
São João d'Aliança;2014;8,268;5,14;8,82;9,11;9,49;8,78
São João d'Aliança;2016;8,184;5,42;8,4;9,18;9,66;8,26
São João d'Aliança;2018;7,498;8,44;6,74;7,42;7,97;6,92
São João da Paraúna;2012;9,562;10;9,23;9,79;8,79;10
São João da Paraúna;2014;8,572;10;5,77;8,76;8,33;10
São João da Paraúna;2016;7,952;4,29;7,13;9,2;9,14;10
São João da Paraúna;2018;5,736;3,72;7,36;7,73;3,69;6,18
São Luis de Montes Belos;2012;8,116;8,57;8;8,28;6,98;8,75
São Luis de Montes Belos;2014;8,024;6,86;8,15;8;7,75;9,36
São Luis de Montes Belos;2016;6,942;6,89;8,77;8,56;8,39;2,1
São Luis de Montes Belos;2018;7,224;8,82;7,91;7,67;4,51;7,21
São Luiz do Norte;2012;6,812;4,67;8,58;8,71;7,91;4,19
São Luiz do Norte;2014;7,506;10;7,54;8,02;8,95;3,02
São Luiz do Norte;2016;8,524;8,16;7,79;8,61;8,06;10
São Luiz do Norte;2018;7,996;9,03;6,61;7,06;7,87;9,41
São Miguel do Araguaia;2012;7,804;8,07;6,24;6,44;8,99;9,28
São Miguel do Araguaia;2014;7,554;9,61;6,15;6,36;9,19;6,46
São Miguel do Araguaia;2016;6,376;7,18;5,01;7,49;7,03;5,17
São Miguel do Araguaia;2018;6,478;4,41;5,92;6,87;6,37;8,82
São Miguel do Passa Quatro;2012;8,728;10;8,68;5,91;9,05;10
São Miguel do Passa Quatro;2014;8,53;7,7;8,28;7,25;9,42;10
São Miguel do Passa Quatro;2016;8,558;7,7;8,57;7,21;9,31;10
São Miguel do Passa Quatro;2018;7,492;5,15;7,78;6,49;8,78;9,26
São Patrício;2012;9,904;10;9,87;9,65;10;10
São Patrício;2014;8,824;10;8,26;9,42;9,73;6,71
São Patrício;2016;8,424;5,56;7,42;9,14;10;10
São Patrício;2018;8,616;7,64;9,18;8,63;7,63;10
São Simão;2012;8,242;7,84;7,83;8,55;7,62;9,37
São Simão;2014;8,838;9,01;8,56;8,14;9,6;8,88
São Simão;2016;6,99;9,04;6,11;7,89;6,31;5,6
São Simão;2018;6,832;7,26;6,27;6,66;6,25;7,72
Senador Canedo;2012;4,88;4,69;4,67;4,78;6,87;3,39
Senador Canedo;2014;4,988;4,12;3,66;3,75;9,22;4,19
Senador Canedo;2016;6,042;4,49;5,38;4,05;8,91;7,38
Senador Canedo;2018;6,778;7,34;6,69;3,71;8,82;7,33
Serranópolis;2012;8,248;10;7,94;9,23;6,94;7,13
Serranópolis;2014;9,444;8,86;9,6;9,62;10;9,14
Serranópolis;2016;6,336;8,87;5,77;7,24;2,37;7,43
Serranópolis;2018;6,614;6,47;6,79;7,87;4,09;7,85
Silvânia;2012;7,812;9,03;6,78;6,9;7,76;8,59
Silvânia;2014;8,03;9,55;7,83;6,6;9,23;6,94
Silvânia;2016;7,29;9,55;8,44;6,6;9,11;2,75
Silvânia;2018;7,556;8,09;8,05;6,95;7,6;7,09
Simolândia;2012;6,578;7,17;5,86;8;6,8;5,06
Simolândia;2014;6,848;4,67;5,01;6,81;9,75;8
Simolândia;2016;7,092;7,32;4,96;7,9;7,58;7,7
Simolândia;2018;6,796;9,29;4,87;8,11;4,3;7,41
Sítio d'Abadia;2012;9,378;10;8,52;9,63;8,74;10
Sítio d'Abadia;2014;8,56;6,93;7,84;9,18;8,85;10
Sítio d'Abadia;2016;9,568;10;8,33;9,51;10;10
Sítio d'Abadia;2018;8,746;6,74;7,98;9,34;9,67;10
Taquaral de Goiás;2012;9,484;8,26;9,26;9,9;10;10
Taquaral de Goiás;2014;7,736;10;5,21;8,11;9,07;6,29
Taquaral de Goiás;2016;6,5;10;3,65;6,89;7,72;4,24
Taquaral de Goiás;2018;7,656;7,31;7,33;6,61;7,03;10
Teresina de Goiás;2012;9,992;10;10;9,96;10;10
Teresina de Goiás;2014;9,944;10;10;9,72;10;10
Teresina de Goiás;2016;7,604;4,42;6,97;7,89;8,74;10
Teresina de Goiás;2018;7,526;5,63;6,54;7,51;7,95;10
Terezópolis de Goiás;2012;5,744;3,44;6,85;4,23;8,29;5,91
Terezópolis de Goiás;2014;5,98;6,14;6,88;4,05;8,63;4,2
Terezópolis de Goiás;2016;7,29;8,75;5,95;5,9;8,69;7,16
Terezópolis de Goiás;2018;5,516;4,85;4,17;3,63;8,06;6,87
Três Ranchos;2012;5,606;1,28;6,01;7,88;4,76;8,1
Três Ranchos;2014;6,992;10;6,31;5,05;8,25;5,35
Três Ranchos;2016;6,538;10;3,15;4,66;6,68;8,2
Três Ranchos;2018;5,912;8,32;5,33;3,37;4,59;7,95
Trindade;2012;7,13;6,59;6,13;5,09;8,56;9,28
Trindade;2014;6,694;7,33;5,49;3,98;9,28;7,39
Trindade;2016;5,53;3,19;5,19;4,08;8,81;6,38
Trindade;2018;7,088;7,61;6,75;4,67;8,33;8,08
Trombas;2012;9,956;10;9,92;9,86;10;10
Trombas;2014;9,422;7,47;9,89;9,75;10;10
Trombas;2016;9,516;10;9,5;9,55;10;8,53
Trombas;2018;8,76;8,63;7,9;8,65;9,45;9,17
Turvânia;2012;8,894;8,73;8,7;8,09;8,95;10
Turvânia;2014;7,81;4,53;7,19;8,24;9,09;10
Turvânia;2016;7,842;8,12;7,08;8,64;8,59;6,78
Turvânia;2018;5,92;1,91;3,79;7,36;7,16;9,38
Turvelândia;2012;9,218;10;8,45;8,91;8,73;10
Turvelândia;2014;8,362;6,14;7,71;8,2;9,76;10
Turvelândia;2016;7,536;0,63;8,48;8,85;9,72;10
Turvelândia;2018;7,81;7,08;7,59;8,28;6,1;10
Uirapuru;2012;9,07;10;7,86;9,4;8,09;10
Uirapuru;2014;9,484;10;8,68;9,3;9,44;10
Uirapuru;2016;9,806;10;9,52;9,51;10;10
Uirapuru;2018;9,306;8,35;9,51;9,33;9,34;10
Uruaçu;2012;6,816;7,5;6,61;6,15;6,73;7,09
Uruaçu;2014;7,464;6,73;7,12;5,75;9,12;8,6
Uruaçu;2016;6,894;8,37;7,26;5,9;6,79;6,15
Uruaçu;2018;6,772;7,92;7,78;4,52;6,91;6,73
Uruana;2012;8,256;8,67;8,24;8,13;7,79;8,45
Uruana;2014;7,044;4,3;7,77;7,9;9,05;6,2
Uruana;2016;8,086;9,35;7,55;8,05;8,06;7,42
Uruana;2018;7,844;7,94;7,58;7,17;7,79;8,74
Urutaí;2012;4,27;0;2,51;8,28;0,56;10
Urutaí;2014;6,182;4,31;1,73;7,54;7,33;10
Urutaí;2016;5,888;4,19;2,8;7,6;6,51;8,34
Urutaí;2018;5,888;8,45;5,4;6,19;1,29;8,11
Valparaíso de Goiás;2012;6,884;6,81;6,55;4,2;7,99;8,87
Valparaíso de Goiás;2014;6,394;5,4;6,03;3,06;9,23;8,25
Valparaíso de Goiás;2016;5,02;5,73;3,1;2,72;6,84;6,71
Valparaíso de Goiás;2018;6,452;6,98;5,9;3,71;7,3;8,37
Varjão;2012;9,882;10;9,57;9,84;10;10
Varjão;2014;7,942;5,25;7,49;7,71;9,26;10
Varjão;2016;6,42;0,43;7,13;7,35;8,56;8,63
Varjão;2018;7,548;6,2;6,67;7,17;8,47;9,23
Vianópolis;2012;5,936;0,04;7,33;7,19;7,69;7,43
Vianópolis;2014;7,668;7,94;7,58;6,3;9,61;6,91
Vianópolis;2016;6,908;7,27;5,7;5,78;7,74;8,05
Vianópolis;2018;6,622;8,21;6,93;4,61;5,76;7,6
Vicentinópolis;2012;9,676;9,17;9,5;9,71;10;10
Vicentinópolis;2014;9,246;10;8,22;8,66;9,35;10
Vicentinópolis;2016;6,898;2,13;6,73;8,6;8,31;8,72
Vicentinópolis;2018;8,714;10;7,72;8,22;9,41;8,22
Vila Boa;2012;9,138;10;8,67;9,33;8,82;8,87
Vila Boa;2014;9,286;10;7,59;9,06;9,78;10
Vila Boa;2016;8,932;8,32;8,18;9,12;10;9,04
Vila Boa;2018;7,458;8,28;5,84;7,67;7,07;8,43
Vila Propício;2012;7,414;1,64;7,92;8,2;9,31;10
Vila Propício;2014;8,42;6,67;7,73;8,12;9,58;10
Vila Propício;2016;7,618;5,06;6,18;8,09;8,76;10
Vila Propício;2018;6,9;5,69;5,18;6,93;7,75;8,95
