Localidade;Ano;IDM Geral;IDM Economia;IDM Educacao;IDM Infraestrutura;IDM Saude;IDM Seguranca;IDM Trabalho
Abadia de Goiás;2012;4,435;1,09;4,93;4,37;7,65;6,34;2,23
Abadia de Goiás;2014;5,37166666666667;2,53;6,23;4,92;7,06;7,53;3,96
Abadia de Goiás;2016;4,93833333333333;1,8;5,66;5,17;7,22;5,92;3,86
Abadia de Goiás;2018;5,02;1,39;6,25;5,45;7,74;5,38;3,91
Abadiânia;2012;3,87166666666667;1,19;4,21;3,06;6,25;6,34;2,18
Abadiânia;2014;4,31333333333333;1,84;4,28;3,04;6,83;7,84;2,05
Abadiânia;2016;4,235;1,86;3,8;2,73;5,83;7,61;3,58
Abadiânia;2018;4,39333333333333;1,3;4,92;2,51;6,6;7,10;3,93
Acreúna;2012;4,55833333333333;1,6;5,52;3,42;7,37;6,97;2,47
Acreúna;2014;4,655;2,3;5,55;3,6;6,94;6,78;2,76
Acreúna;2016;4,83;2,01;4,56;3,72;7,47;7,93;3,29
Acreúna;2018;4,50333333333333;1,86;5,74;3,7;6,84;5,70;3,18
Adelândia;2012;4,52833333333333;1,09;6,16;3,11;5,77;9,21;1,83
Adelândia;2014;5,01666666666667;1,45;6,22;3,49;7,68;9,44;1,82
Adelândia;2016;4,70833333333333;1,22;5,52;3,22;6,62;9,46;2,21
Adelândia;2018;4,76666666666667;0,95;5,7;3,39;7,49;8,21;2,86
Água Fria de Goiás;2012;3,84;1,2;4,46;1,7;5,47;8,37;1,84
Água Fria de Goiás;2014;4,33;1,98;4,13;1,75;6,71;8,96;2,45
Água Fria de Goiás;2016;4,21;1,87;4,6;1,67;6,4;7,62;3,1
Água Fria de Goiás;2018;4,78666666666667;2;4,46;1,54;8,47;8,78;3,47
Água Limpa;2012;4,90666666666667;1,37;5,3;3,21;7,87;9,83;1,86
Água Limpa;2014;4,80666666666667;1,61;4,11;3,23;8,26;9,19;2,44
Água Limpa;2016;4,38166666666667;1,39;5,89;2,58;6,95;7,03;2,45
Água Limpa;2018;4,86166666666667;0,87;6,24;3,47;7,93;8,39;2,27
Águas Lindas de Goiás;2012;3,8;1,32;4,57;2,52;5,53;6,97;1,89
Águas Lindas de Goiás;2014;3,52666666666667;1,83;3,92;2,84;3,85;6,57;2,15
Águas Lindas de Goiás;2016;3,95;1,78;4,71;3,04;4,45;6,35;3,37
Águas Lindas de Goiás;2018;4,03;1,36;5,52;3,39;3,65;6,98;3,28
Alexânia;2012;3,84666666666667;1,29;4,22;2,79;7,52;4,81;2,45
Alexânia;2014;4,3;2,05;4,94;3,12;5,76;7,04;2,89
Alexânia;2016;4,48666666666667;2,31;5,19;3,08;6,64;6,07;3,63
Alexânia;2018;4,81833333333333;2,41;5,41;3,02;7,22;6,80;4,05
Aloândia;2012;4,72666666666667;1,13;5,24;3,8;7,88;8,35;1,96
Aloândia;2014;5,225;1,53;5,7;3,74;9,24;8,90;2,24
Aloândia;2016;5,14;1,58;5,43;3,66;8,34;9,00;2,83
Aloândia;2018;5,045;1,22;5,8;3,81;8,6;8,27;2,57
Alto Horizonte;2012;5,38;2,82;5,58;2,98;8,06;7,84;5
Alto Horizonte;2014;5,59833333333333;3,38;6,54;3,39;6,8;8,39;5,09
Alto Horizonte;2016;5,33;2,28;5,19;3,27;7,24;8,74;5,26
Alto Horizonte;2018;4,98833333333333;1,55;6,13;2,98;7,07;7,66;4,54
Alto Paraíso de Goiás;2012;4,21833333333333;1,24;5,65;3,71;7,49;5,02;2,2
Alto Paraíso de Goiás;2014;4,49166666666667;2,01;5,83;4,04;7,37;5,46;2,24
Alto Paraíso de Goiás;2016;4,04166666666667;1,94;4,25;4,02;7,39;3,36;3,29
Alto Paraíso de Goiás;2018;4,23333333333333;1,76;5,55;4,5;7,87;2,14;3,58
Alvorada do Norte;2012;4,56333333333333;0,9;5,12;2,91;8,22;8,20;2,03
Alvorada do Norte;2014;4,74333333333333;1,57;6,08;3,27;8,5;6,99;2,05
Alvorada do Norte;2016;4,38;1,46;5,08;3,19;7,46;5,92;3,17
Alvorada do Norte;2018;4,62333333333333;1,1;5,09;3,38;8,21;6,51;3,45
Amaralina;2012;3,86333333333333;1,19;3,01;0,87;6,96;9,48;1,67
Amaralina;2014;4;1,52;4,48;0,87;5,41;9,65;2,07
Amaralina;2016;4,46166666666667;1,44;5,63;1,04;7,91;8,19;2,56
Amaralina;2018;4,55666666666667;1,05;5,87;1,11;7,33;9,29;2,69
Americano do Brasil;2012;4,95333333333333;1,22;5,41;3,2;8,1;8,84;2,95
Americano do Brasil;2014;4,72666666666667;1,58;5,71;3,29;7,88;8,64;1,26
Americano do Brasil;2016;4,62166666666667;0,83;5,31;3,22;7,92;7,61;2,84
Americano do Brasil;2018;5,07666666666667;1,27;5,96;3,53;8,33;8,71;2,66
Amorinópolis;2012;4,90166666666667;1,09;6,34;3,18;7,01;9,67;2,12
Amorinópolis;2014;5,24666666666667;1,54;5,76;3,17;8,78;9,86;2,37
Amorinópolis;2016;4,95;1,46;5,54;3,03;8,44;9,29;1,94
Amorinópolis;2018;4,92333333333333;0,94;5,67;2,96;9;8,16;2,81
Anápolis;2012;4,64166666666667;2,71;4,73;5,14;6,47;5,83;2,97
Anápolis;2014;5,01666666666667;3,37;5,09;5,48;6,99;6,11;3,06
Anápolis;2016;5,33166666666667;3,18;5,88;5,37;7,02;6,36;4,18
Anápolis;2018;5,25166666666667;2,93;6,16;5,44;6,29;6,31;4,38
Anhanguera;2012;4,33;1,04;5,13;4,74;6,69;6,00;2,38
Anhanguera;2014;4,09166666666667;1,32;3,2;4,77;7,27;5,55;2,44
Anhanguera;2016;4,54166666666667;1,38;5,12;4,84;6,29;6,33;3,29
Anhanguera;2018;5,03833333333333;1,06;4,6;5,6;7,9;7,65;3,42
Anicuns;2012;4,79833333333333;1,19;5,72;3,99;7,09;8,35;2,45
Anicuns;2014;4,67666666666667;1,48;5,1;4,04;6,79;8,20;2,45
Anicuns;2016;4,61166666666667;1,58;4,76;3,8;5,87;9,03;2,63
Anicuns;2018;4,64666666666667;1,34;5,32;3,7;6,61;8,45;2,46
Aparecida de Goiânia;2012;4,62333333333333;2,54;4,54;3,61;8,09;6,29;2,67
Aparecida de Goiânia;2014;4,30833333333333;3,17;3,96;3,8;5,62;6,54;2,76
Aparecida de Goiânia;2016;4,535;2,9;4,92;3,97;5,9;6,15;3,37
Aparecida de Goiânia;2018;4,67;2,51;4,59;4,34;5,77;7,13;3,68
Aparecida do Rio Doce;2012;5,34666666666667;1,45;3,9;6,14;6,56;9,92;4,11
Aparecida do Rio Doce;2014;5,51;1,6;6,24;6,26;6,42;9,92;2,62
Aparecida do Rio Doce;2016;5,65666666666667;1,57;6,77;6,03;7,35;9,00;3,22
Aparecida do Rio Doce;2018;5,42;1,37;6;6,47;7,62;7,72;3,34
Aporé;2012;5,175;2,05;6,34;2,83;7,92;9,31;2,6
Aporé;2014;5,51666666666667;2,37;6,36;2,99;8,42;9,62;3,34
Aporé;2016;4,93833333333333;2,31;5,07;2,75;8,61;8,29;2,6
Aporé;2018;4,665;2,54;5,52;2,79;7,7;6,67;2,77
Araçu;2012;4,70833333333333;1,06;5,63;3,58;8,22;8,73;1,03
Araçu;2014;5,40833333333333;1,48;6,75;3,75;8,22;9,20;3,05
Araçu;2016;5,01666666666667;1,43;6,18;3,91;8,28;8,16;2,14
Araçu;2018;5,31333333333333;1,12;7,1;4,34;8,01;8,53;2,78
Aragarças;2012;4,75333333333333;0,75;6,24;3,59;8,07;7,55;2,32
Aragarças;2014;4,405;1,57;3,93;3,75;7,45;8,10;1,63
Aragarças;2016;4,71;1,46;5,1;3,75;7,8;6,98;3,17
Aragarças;2018;4,57833333333333;1,01;5,57;3,66;7,7;6,17;3,36
Aragoiânia;2012;4,40666666666667;1,15;4,48;2,7;7,02;9,00;2,09
Aragoiânia;2014;4,67666666666667;1,63;4,55;2,92;7,5;9,13;2,33
Aragoiânia;2016;4,41166666666667;1,71;5,13;3,01;7,44;6,25;2,93
Aragoiânia;2018;4,55833333333333;1,34;5,66;3,11;8,07;6,51;2,66
Araguapaz;2012;4,70166666666667;1,4;4,49;3,51;7,77;9,13;1,91
Araguapaz;2014;4,68;1,57;4,2;3,73;7,46;8,72;2,4
Araguapaz;2016;4,69166666666667;1,33;4,03;3,59;7,51;8,77;2,92
Araguapaz;2018;4,40333333333333;1,12;3,89;3,73;7,87;6,98;2,83
Arenópolis;2012;5,12666666666667;1,68;5,5;2,95;9,3;9,01;2,32
Arenópolis;2014;5,45833333333333;1,94;5,6;3,46;9;9,44;3,31
Arenópolis;2016;5,46166666666667;2,22;5,6;3,68;9,28;9,23;2,76
Arenópolis;2018;4,91833333333333;1,34;5,66;3,78;8,72;6,84;3,17
Aruanã;2012;4,31333333333333;1,25;4,66;3,57;7,94;6,33;2,13
Aruanã;2014;4,30333333333333;1,94;4,44;4,43;7,94;4,59;2,48
Aruanã;2016;4,86666666666667;1,94;5,42;4,74;7,39;7,16;2,55
Aruanã;2018;4,28333333333333;1,7;4,79;4,94;6,8;4,69;2,78
Aurilândia;2012;4,72666666666667;1,17;6,25;3,79;6,49;8,21;2,45
Aurilândia;2014;4,23;1,48;4,62;3,91;6,73;6,55;2,09
Aurilândia;2016;4,90166666666667;1,49;6,01;4,08;7,41;7,44;2,98
Aurilândia;2018;4,62833333333333;1,08;6,36;4,17;7,42;6,09;2,65
Avelinópolis;2012;5,095;1,1;6,43;3,22;9,28;8,47;2,07
Avelinópolis;2014;5,265;1,63;7,18;3,78;8,76;8,02;2,22
Avelinópolis;2016;5,275;1,39;6,02;3,57;9,18;8,98;2,51
Avelinópolis;2018;4,64666666666667;0,95;5,53;3,92;8,7;6,92;1,86
Baliza;2012;3,85333333333333;1,22;3,61;0,47;5,86;9,87;2,09
Baliza;2014;3,54833333333333;1,74;1,72;0,48;5,59;9,80;1,96
Baliza;2016;3,48166666666667;2,01;1,73;0,47;5,37;8,65;2,66
Baliza;2018;3,65166666666667;1,32;3,64;0,54;5,55;8,49;2,37
Barro Alto;2012;5,08166666666667;2,02;5,78;2,63;7,18;8,93;3,95
Barro Alto;2014;5,37833333333333;3,84;5,53;2,71;7,92;8,19;4,08
Barro Alto;2016;5,115;3,65;5,26;2,55;7,76;6,74;4,73
Barro Alto;2018;5,18833333333333;3,13;5,57;2,51;7,84;7,13;4,95
Bela Vista de Goiás;2012;4,645;1,53;5,51;3,64;8,09;6,86;2,24
Bela Vista de Goiás;2014;4,80333333333333;2,19;4,98;3,97;8,26;6,78;2,64
Bela Vista de Goiás;2016;4,88833333333333;2,52;5,61;4,37;7,46;5,96;3,41
Bela Vista de Goiás;2018;4,985;1,72;5,77;4,79;7,93;6,15;3,55
Bom Jardim de Goiás;2012;4,825;1,55;5,09;2,7;8,32;9,22;2,07
Bom Jardim de Goiás;2014;4,85666666666667;1,6;5,46;2,88;7,65;9,68;1,87
Bom Jardim de Goiás;2016;5,05666666666667;1,64;5,38;2,94;8,41;8,83;3,14
Bom Jardim de Goiás;2018;4,76833333333333;1,23;6,15;3,11;7,67;7,34;3,11
Bom Jesus de Goiás;2012;4,90833333333333;1,43;5,59;4,21;7,63;8,40;2,19
Bom Jesus de Goiás;2014;5,11833333333333;2,32;5,39;5,23;6,66;8,28;2,83
Bom Jesus de Goiás;2016;5,00833333333333;2,45;5,71;5,16;6,84;7,13;2,76
Bom Jesus de Goiás;2018;5,13333333333333;1,99;6,15;5,42;7,32;7,40;2,52
Bonfinópolis;2012;4,57666666666667;0,92;5,6;3,37;7,81;7,62;2,14
Bonfinópolis;2014;4,77;1,37;5,49;3,56;8,22;8,12;1,86
Bonfinópolis;2016;4,68166666666667;1,39;5,32;3,56;7,18;7,92;2,72
Bonfinópolis;2018;4,565;1,01;4,97;3,79;7,34;7,55;2,73
Bonópolis;2012;4,02;1,12;4,85;1,19;5,64;9,16;2,16
Bonópolis;2014;4,065;1,9;4,02;1,11;6,99;7,81;2,56
Bonópolis;2016;4,64333333333333;1,9;4,74;0,99;7,59;9,82;2,82
Bonópolis;2018;4,54166666666667;1,51;5,14;0,98;7,83;9,12;2,67
Brazabrantes;2012;5,16833333333333;1,79;5,88;3,74;8,27;8,76;2,57
Brazabrantes;2014;4,515;1,42;3,89;4,04;7,9;7,59;2,25
Brazabrantes;2016;4,86166666666667;1,81;5,04;4,21;7,35;7,93;2,83
Brazabrantes;2018;5,065;1,53;5,86;4,42;8,08;7,11;3,39
Britânia;2012;4,97;1,44;4,98;4,09;8,57;8,77;1,97
Britânia;2014;5,265;1,6;5,92;5,39;8,3;8,11;2,27
Britânia;2016;5,14833333333333;1,25;5,25;5,47;8,2;8,07;2,65
Britânia;2018;5,00166666666667;1,03;5,08;5,5;8,5;7,52;2,38
Buriti Alegre;2012;5,10333333333333;1,16;4,53;5,1;8,05;9,36;2,42
Buriti Alegre;2014;4,97333333333333;1,86;4,26;5,43;6,3;9,36;2,63
Buriti Alegre;2016;4,97833333333333;1,89;5,74;5,37;7,37;6,30;3,2
Buriti Alegre;2018;5,23;1,79;5,79;5,65;8,4;6,72;3,03
Buriti de Goiás;2012;5,14666666666667;1,11;5,74;3,93;8,9;8,98;2,22
Buriti de Goiás;2014;5,29666666666667;1,55;6,19;4;8,98;9,12;1,94
Buriti de Goiás;2016;5,41666666666667;1,43;7,29;4,06;8,76;8,70;2,26
Buriti de Goiás;2018;5,43166666666667;1,06;6,73;3,97;9,23;8,62;2,98
Buritinópolis;2012;4,23;1,01;5,1;1,94;5,34;9,19;2,8
Buritinópolis;2014;4,40333333333333;1,46;5,76;2;6,13;9,15;1,92
Buritinópolis;2016;4,18333333333333;1,23;4,71;1,66;6,32;8,30;2,88
Buritinópolis;2018;4,67166666666667;2,38;5,22;1,89;7,97;7,04;3,53
Cabeceiras;2012;4,515;1,1;4,98;2,44;7,99;8,27;2,31
Cabeceiras;2014;4,55;1,89;4,65;2,46;7,3;8,87;2,13
Cabeceiras;2016;4,77333333333333;1,97;4,76;2,33;8,23;8,43;2,92
Cabeceiras;2018;4,60833333333333;1,81;4,71;2,8;7,67;7,78;2,88
Cachoeira Alta;2012;4,39166666666667;1,44;4,82;2,57;6,18;8,98;2,36
Cachoeira Alta;2014;4,69166666666667;1,72;3,83;2,56;7,29;9,36;3,39
Cachoeira Alta;2016;4,79;2,05;5,33;2,61;8,01;7,61;3,13
Cachoeira Alta;2018;4,78333333333333;1,27;5,88;2,7;9,07;6,55;3,23
Cachoeira de Goiás;2012;4,625;1,85;5,87;3,12;4,97;9,79;2,15
Cachoeira de Goiás;2014;5,31166666666667;1,74;7;3,28;7,34;9,11;3,4
Cachoeira de Goiás;2016;4,87833333333333;1,32;6,42;3,22;6,96;8,45;2,9
Cachoeira de Goiás;2018;4,57;1,14;6,21;3,15;7,04;7,09;2,79
Cachoeira Dourada;2012;5,43333333333333;1,51;7;4,59;7,98;9,19;2,33
Cachoeira Dourada;2014;5,725;2,45;5,91;4,94;8,67;9,10;3,28
Cachoeira Dourada;2016;5,71333333333333;2,89;5,93;4,96;8,75;7,34;4,41
Cachoeira Dourada;2018;5,50666666666667;3,2;5,71;4,98;7,63;6,94;4,58
Caçu;2012;5,61;1,86;5,88;4,81;7,58;9,97;3,56
Caçu;2014;5,36166666666667;2,12;4,67;5;7,11;9,93;3,34
Caçu;2016;5,465;2,22;5,15;4,99;8,41;8,52;3,5
Caçu;2018;5,44;2,41;5,74;4,86;8,32;7,69;3,62
Caiapônia;2012;4,82;1,98;5,78;4,2;7,55;7,25;2,16
Caiapônia;2014;4,59333333333333;1,99;4,21;4,1;6,21;8,31;2,74
Caiapônia;2016;4,61666666666667;2,43;4,61;4,37;6,16;7,13;3
Caiapônia;2018;4,97333333333333;1,87;5,3;4,26;8,11;7,18;3,12
Caldas Novas;2012;4,71166666666667;1,86;5,15;6,02;7,74;4,92;2,58
Caldas Novas;2014;4,655;2,53;5,41;5,87;6,16;5,15;2,81
Caldas Novas;2016;4,71666666666667;2,29;5,42;5,65;6,11;5,28;3,55
Caldas Novas;2018;4,99;1,99;6;5,63;6,31;6,38;3,63
Caldazinha;2012;4,04166666666667;1,11;4,33;1,96;7,74;7,34;1,77
Caldazinha;2014;4,31833333333333;1,48;5,38;2,44;7,64;6,94;2,03
Caldazinha;2016;4,75666666666667;1,4;6,23;2,48;8,12;8,13;2,18
Caldazinha;2018;4,61166666666667;0,98;5,58;2,53;7,64;8,28;2,66
Campestre de Goiás;2012;4,43833333333333;1,13;5,39;2,13;6,31;9,58;2,09
Campestre de Goiás;2014;4,41;1,56;5,61;2,28;5,99;8,94;2,08
Campestre de Goiás;2016;4,62833333333333;1,33;6,05;2,14;7,56;8,44;2,25
Campestre de Goiás;2018;4,71166666666667;0,92;6,29;2,29;7,71;8,20;2,86
Campinaçu;2012;4,45833333333333;0,8;4,08;2,13;8,07;9,62;2,05
Campinaçu;2014;4,78833333333333;1,42;5,58;2,27;7,91;9,49;2,06
Campinaçu;2016;4,69666666666667;1,41;4,99;2,35;8,11;8,83;2,49
Campinaçu;2018;4,35;0,87;4,92;2,61;7,83;8,40;1,47
Campinorte;2012;4,42833333333333;1,39;5,15;2,93;6,81;8,49;1,8
Campinorte;2014;4,36333333333333;1,83;5,28;3,35;7,19;6,46;2,07
Campinorte;2016;4,65333333333333;1,67;4,89;3,59;7,31;7,49;2,97
Campinorte;2018;4,98666666666667;1,18;6,11;3,88;7,63;8,17;2,95
Campo Alegre de Goiás;2012;4,68666666666667;1,39;6,12;2,72;7,43;8,14;2,32
Campo Alegre de Goiás;2014;4,87166666666667;2,46;5,27;2,75;8,38;7,35;3,02
Campo Alegre de Goiás;2016;5,155;2,79;5,72;2,66;8,43;8,28;3,05
Campo Alegre de Goiás;2018;4,59166666666667;2,17;5,06;2,77;8,23;6,32;3
Campo Limpo de Goiás;2012;3,875;1,04;4,78;1,99;5,91;7,29;2,24
Campo Limpo de Goiás;2014;3,77333333333333;1,5;4,71;2,12;6,06;6,45;1,8
Campo Limpo de Goiás;2016;4,30333333333333;1,48;5,16;2,18;6,11;7,84;3,05
Campo Limpo de Goiás;2018;4,23333333333333;0,94;4,96;2,33;5,82;8,41;2,94
Campos Belos;2012;4,32666666666667;1,25;5,97;4,47;5,51;6,34;2,42
Campos Belos;2014;4,49666666666667;1,71;6,19;4,75;7,21;4,84;2,28
Campos Belos;2016;4,815;1,65;5,91;5,13;7,09;5,86;3,25
Campos Belos;2018;4,93333333333333;1,28;5,58;5,19;7,26;6,90;3,39
Campos Verdes;2012;4,93333333333333;0,83;5,77;3,37;8,23;8,96;2,44
Campos Verdes;2014;5,02666666666667;1,31;6,68;3,79;7,55;8,90;1,93
Campos Verdes;2016;5,155;1,3;6,31;3,9;7,76;9,00;2,66
Campos Verdes;2018;5,155;0,8;6,02;4,74;7,93;8,03;3,41
Carmo do Rio Verde;2012;4,71666666666667;1,03;5,86;2,77;6,81;9,60;2,23
Carmo do Rio Verde;2014;4,34833333333333;1,37;4,52;2,99;7,36;7,68;2,17
Carmo do Rio Verde;2016;4,51;1,44;4,32;2,91;7,67;7,40;3,32
Carmo do Rio Verde;2018;4,84666666666667;1,6;5,03;3,06;7,98;7,94;3,47
Castelândia;2012;4,53166666666667;0,95;4,03;3,07;7,87;9,26;2,01
Castelândia;2014;5,06833333333333;1,69;6,17;3,61;7,06;9,55;2,33
Castelândia;2016;4,835;1,62;5,36;3,56;8,11;8,00;2,36
Castelândia;2018;5,08833333333333;1,32;5,94;3,87;8,95;7,88;2,57
Catalão;2012;5,47333333333333;2,5;5,68;5,65;9,3;6,42;3,29
Catalão;2014;5,16333333333333;3,39;5,98;5,41;6,14;6,65;3,41
Catalão;2016;4,79333333333333;3,38;3,99;4,9;6,37;5,89;4,23
Catalão;2018;5,18333333333333;2,81;4,95;5,2;6,75;6,88;4,51
Caturaí;2012;4,7;1,12;5,26;2,83;7,73;9,35;1,91
Caturaí;2014;4,88333333333333;1,49;5,79;3,18;7,9;8,74;2,2
Caturaí;2016;5,01166666666667;1,36;6,08;3,18;8,49;8,49;2,47
Caturaí;2018;4,92333333333333;1,16;6,1;3,26;9,22;7,17;2,63
Cavalcante;2012;4,43333333333333;1,35;3,75;1,53;8,12;9,96;1,89
Cavalcante;2014;4,37666666666667;2,13;4,41;1,65;6,3;9,79;1,98
Cavalcante;2016;4,03;1,52;3,6;1,83;7,07;7,35;2,81
Cavalcante;2018;4,10166666666667;1,23;4,01;2,15;7,65;6,63;2,94
Ceres;2012;5,30333333333333;1,15;6,57;5,44;7,93;8,06;2,67
Ceres;2014;5,64666666666667;1,92;7,28;6,22;9,05;6,77;2,64
Ceres;2016;5,635;1,69;6,08;6,31;9,02;6,71;4
Ceres;2018;5,62333333333333;1,3;6,37;6,57;8,86;6,39;4,25
Cezarina;2012;5,13166666666667;2,3;5,66;3,23;8,69;8,02;2,89
Cezarina;2014;4,85833333333333;2,03;5,98;3,26;7,95;7,63;2,3
Cezarina;2016;4,855;1,77;5,94;2,98;6,7;8,20;3,54
Cezarina;2018;4,84166666666667;1,54;6,08;2,96;8,37;6,50;3,6
Chapadão do Céu;2012;4,93166666666667;3,03;5,11;4,21;7,95;4,37;4,92
Chapadão do Céu;2014;5,91;2,95;6,48;4,24;8,72;7,63;5,44
Chapadão do Céu;2016;5,63833333333333;3,81;6,03;4,54;8,15;6,23;5,07
Chapadão do Céu;2018;5,49666666666667;3,19;6,51;3,82;9,2;4,89;5,37
Cidade Ocidental;2012;4,54666666666667;1,79;5,29;4,77;6;7,08;2,35
Cidade Ocidental;2014;4,29;1,99;4,49;5,06;5,52;6,50;2,18
Cidade Ocidental;2016;4,69;1,97;5,92;5,2;6,15;5,69;3,21
Cidade Ocidental;2018;4,99166666666667;1,62;5,89;5,36;6,77;6,94;3,37
Cocalzinho de Goiás;2012;4,07333333333333;1,22;4,38;1,79;7,53;7,36;2,16
Cocalzinho de Goiás;2014;4,28166666666667;1,8;5,52;2;7,03;6,91;2,43
Cocalzinho de Goiás;2016;4,275;1,39;5,81;2,06;7,29;6,20;2,9
Cocalzinho de Goiás;2018;4,53;1,1;6,55;2,23;7,41;6,98;2,91
Colinas do Sul;2012;4,28166666666667;1,18;4,14;1,74;7,9;9,49;1,24
Colinas do Sul;2014;4,42833333333333;1,75;5,4;1,83;7,89;7,76;1,94
Colinas do Sul;2016;4,42166666666667;1,33;5,53;1,85;8;8,20;1,62
Colinas do Sul;2018;4,545;0,87;5,36;1,8;8,54;7,23;3,47
Córrego do Ouro;2012;4,94666666666667;1,09;5,61;2,88;8,5;9,59;2,01
Córrego do Ouro;2014;4,875;1,8;5,44;2,73;8,03;9,23;2,02
Córrego do Ouro;2016;4,935;1,56;6,11;2,74;7,5;9,09;2,61
Córrego do Ouro;2018;5,18666666666667;1,16;6,34;2,79;9,16;8,93;2,74
Corumbá de Goiás;2012;3,62166666666667;0,96;4,86;1,49;5,64;7,28;1,5
Corumbá de Goiás;2014;3,995;1,68;3,87;1,73;7,06;7,52;2,11
Corumbá de Goiás;2016;4,02833333333333;1,59;4,83;1,65;7,27;6,39;2,44
Corumbá de Goiás;2018;4,38833333333333;0,99;5,23;1,72;8,36;7,32;2,71
Corumbaíba;2012;4,73833333333333;1,15;4,77;4,66;8,11;7,39;2,35
Corumbaíba;2014;5,22;2,06;5,91;5,57;8,75;6,43;2,6
Corumbaíba;2016;5,43833333333333;2,43;6,55;5,44;8,29;6,96;2,96
Corumbaíba;2018;5,26666666666667;1,57;6,39;5,2;8,4;6,87;3,17
Cristalina;2012;4,61;2,54;4,9;2,84;6,98;7,59;2,81
Cristalina;2014;4,55333333333333;3,28;4,69;2,82;6,18;7,40;2,95
Cristalina;2016;4,67;3,3;4,75;2,64;6,76;7,30;3,27
Cristalina;2018;4,66166666666667;2,89;5,43;2,93;6,72;6,88;3,12
Cristianópolis;2012;5,155;1,15;6,26;3,76;7,98;9,74;2,04
Cristianópolis;2014;5,26;1,47;6,85;4,03;8,52;8,53;2,16
Cristianópolis;2016;4,86833333333333;1,32;6,51;4,07;8,71;6,26;2,34
Cristianópolis;2018;4,70333333333333;0,68;5,79;4,12;8,32;6,78;2,53
Crixás;2012;4,90166666666667;1,58;6,03;2,16;8,59;6,90;4,15
Crixás;2014;4,95166666666667;2,29;6,15;2,32;7,98;7,13;3,84
Crixás;2016;4,68333333333333;1,68;4,72;2,39;8,36;6,94;4,01
Crixás;2018;5,05666666666667;1,46;5,71;2,32;8,68;7,70;4,47
Cromínia;2012;4,58833333333333;1,22;5,33;3,41;7,71;7,60;2,26
Cromínia;2014;4,68166666666667;1,47;5,77;3,35;8;7,24;2,26
Cromínia;2016;4,43833333333333;1,26;6,3;3,26;7,59;5,51;2,71
Cromínia;2018;4,57166666666667;1;6,59;3,34;9,15;5,17;2,18
Cumari;2012;4,59833333333333;1,25;5,94;3,92;7,48;6,54;2,46
Cumari;2014;4,465;1,55;4,55;3,86;7,69;6,61;2,53
Cumari;2016;4,12833333333333;1,82;4,78;3,77;7,72;4,18;2,5
Cumari;2018;4,62833333333333;1,2;6,01;4,01;8,52;5,31;2,72
Damianópolis;2012;4,545;1,15;5,44;2,16;7,96;9,18;1,38
Damianópolis;2014;4,78833333333333;1,47;5,89;2,58;8,27;8,97;1,55
Damianópolis;2016;4,94166666666667;1,23;5,58;2,52;8,14;9,69;2,49
Damianópolis;2018;4,91;0,96;4,63;2,72;9,02;9,30;2,83
Damolândia;2012;5,05833333333333;1,58;6,28;3,42;8,42;8,69;1,96
Damolândia;2014;5,21833333333333;1,58;7,01;3,61;7,82;9,04;2,25
Damolândia;2016;5,445;1,65;6,43;3,7;8,88;9,03;2,98
Damolândia;2018;4,72;1,15;5,44;4,14;9,64;6,12;1,83
Davinópolis;2012;4,49166666666667;2,76;5,1;2,99;7,01;6,78;2,31
Davinópolis;2014;5,015;2,86;4,48;3,17;7,12;9,32;3,14
Davinópolis;2016;4,76;1,03;4,21;3,22;8,4;7,78;3,92
Davinópolis;2018;5,26333333333333;2,97;4,64;3,57;8;8,18;4,22
Diorama;2012;5,08;0,88;7,27;2,29;8,19;9,86;1,99
Diorama;2014;4,83666666666667;1,44;5,16;2,43;9,34;8,20;2,45
Diorama;2016;5,01833333333333;1,55;4,78;2,25;9,75;8,89;2,89
Diorama;2018;4,89;1,19;4,53;2,4;9,38;8,81;3,03
Divinópolis de Goiás;2012;4,72666666666667;1,06;5,05;2,7;7,84;9,37;2,34
Divinópolis de Goiás;2014;4,83833333333333;1,57;6,14;2,69;6,91;9,59;2,13
Divinópolis de Goiás;2016;4,53333333333333;1,15;5,65;2,54;8,2;7,17;2,49
Divinópolis de Goiás;2018;4,69666666666667;0,94;4,91;2,6;8,87;8,09;2,77
Doverlândia;2012;4,62333333333333;1,76;4,27;3,06;7,7;9,02;1,93
Doverlândia;2014;4,72166666666667;1,92;4,17;3,2;7,64;9,27;2,13
Doverlândia;2016;4,94833333333333;1,83;4,68;3,2;8,27;9,17;2,54
Doverlândia;2018;4,65;1,56;4,8;3,3;8,71;7,50;2,03
Edealina;2012;4,83666666666667;1,3;4,7;3,44;8,08;9,48;2,02
Edealina;2014;5,38833333333333;2,14;6,18;3,15;9,37;8,36;3,13
Edealina;2016;5,78666666666667;3,11;7,29;3,25;8,66;7,57;4,84
Edealina;2018;5,30166666666667;2,6;7,05;3,42;8,93;6,62;3,19
Edéia;2012;4,65;2,08;6,09;3,23;7,15;6,17;3,18
Edéia;2014;5,42333333333333;2,47;5,62;5,42;7,56;7,70;3,77
Edéia;2016;5,42;2,32;5,59;5,29;8,74;6,46;4,12
Edéia;2018;5,555;2,38;6,02;5,18;8,53;7,11;4,11
Estrela do Norte;2012;5,28666666666667;1,42;5,9;3,16;8,67;9,91;2,66
Estrela do Norte;2014;4,495;1,55;5,98;3,22;6,44;7,79;1,99
Estrela do Norte;2016;4,82666666666667;1,07;5,89;3,71;8,45;7,26;2,58
Estrela do Norte;2018;4,685;0,82;5,88;3,92;8,46;6,45;2,58
Faina;2012;4,29833333333333;0,99;5,08;1,18;7,33;9,23;1,98
Faina;2014;4,34166666666667;1,48;4,2;1,25;7,89;9,36;1,87
Faina;2016;4,09;1,36;3,98;1,17;8,35;7,62;2,06
Faina;2018;4,485;1,17;5,21;1,19;8,44;8,39;2,51
Fazenda Nova;2012;4,01166666666667;1,13;3,04;2,44;6,53;9,25;1,68
Fazenda Nova;2014;4,70666666666667;1,43;5,48;2,26;8,06;8,87;2,14
Fazenda Nova;2016;4,71833333333333;1,68;5,02;2,54;7,79;8,87;2,41
Fazenda Nova;2018;4,62;1,38;4,87;2,67;8,14;8,24;2,42
Firminópolis;2012;4,49666666666667;0,97;5,9;2,75;8,14;7,33;1,89
Firminópolis;2014;4,30666666666667;1,42;3,54;2,72;7,7;8,21;2,25
Firminópolis;2016;4,78;1,61;4,71;2,8;8,11;8,15;3,3
Firminópolis;2018;4,59333333333333;1,25;4,94;2,86;7,81;7,35;3,35
Flores de Goiás;2012;3,75666666666667;0,36;4,6;0,03;6,18;9,56;1,81
Flores de Goiás;2014;4,10833333333333;1,49;3,28;0,05;5,83;9,43;4,57
Flores de Goiás;2016;3,96333333333333;1,29;4,57;0;6,49;8,73;2,7
Flores de Goiás;2018;3,665;0,97;3,21;0,1;7,09;7,74;2,88
Formosa;2012;4,39833333333333;1,45;5,12;3,98;7,6;5,72;2,52
Formosa;2014;4,3;2,11;5,01;4,23;6,21;5,89;2,35
Formosa;2016;4,43333333333333;2,1;4,18;4,38;6,67;5,86;3,41
Formosa;2018;4,61;1,87;4,87;4,79;6,38;6,17;3,58
Formoso;2012;4,80666666666667;0,67;4,97;3,12;8,08;9,97;2,03
Formoso;2014;4,94;1,32;5,61;3,18;7,64;9,83;2,06
Formoso;2016;4,90333333333333;1,46;5,32;3,35;7,59;8,98;2,72
Formoso;2018;4,6;1,2;4,79;3,57;8,98;6,32;2,74
Gameleira de Goiás;2012;4,615;1,44;6,09;1,21;7,59;9,36;2
Gameleira de Goiás;2014;4,33333333333333;1,86;4,69;1,44;6,47;8,92;2,62
Gameleira de Goiás;2016;4,72833333333333;1,75;5,46;1,39;7,09;9,53;3,15
Gameleira de Goiás;2018;4,45166666666667;1,67;5,34;1,34;7,3;7,91;3,15
Goianápolis;2012;4,22166666666667;1,09;5,14;2,75;7,16;6,89;2,3
Goianápolis;2014;4,81333333333333;1,55;5,84;3,2;8,36;7,62;2,31
Goianápolis;2016;4,39666666666667;1,6;5,86;3,43;7,39;5,13;2,97
Goianápolis;2018;4,69833333333333;1,04;5,88;3,94;8,18;5,91;3,24
Goiandira;2012;4,55333333333333;1,26;7,19;4,55;6,38;5,86;2,08
Goiandira;2014;4,97166666666667;1,56;6,18;4,68;8,3;6,76;2,35
Goiandira;2016;5,07166666666667;2,49;5,91;4,28;7,95;6,87;2,93
Goiandira;2018;5,265;2,32;5,54;4,71;9,4;6,65;2,97
Goianésia;2012;5,00666666666667;1,48;5,65;4,19;8,7;7,51;2,51
Goianésia;2014;4,775;1,86;5,9;4,43;7,6;6,26;2,6
Goianésia;2016;4,80166666666667;2,26;5,91;4,35;8;4,89;3,4
Goianésia;2018;5,15833333333333;2,05;5,97;5,18;8,01;6,24;3,5
Goiânia;2012;5,46666666666667;4,75;5,34;6,87;6,84;5,32;3,68
Goiânia;2014;5,74166666666667;5,54;5,46;7,1;6,9;5,75;3,7
Goiânia;2016;5,74166666666667;5,49;4,55;7,12;6,71;5,65;4,93
Goiânia;2018;5,92166666666667;5,07;5,87;7,16;6,44;5,76;5,23
Goianira;2012;4,34333333333333;1,62;5,37;3,57;6,49;6,68;2,33
Goianira;2014;4,73833333333333;1,92;5,47;4,46;7,13;6,71;2,74
Goianira;2016;4,76333333333333;2,01;6,21;5,13;7,45;4,67;3,11
Goianira;2018;5,085;1,8;6,78;5,8;7,73;5,22;3,18
Goiás;2012;4,74166666666667;1,07;6,06;4,54;8,38;6,49;1,91
Goiás;2014;4,88;1,89;4,99;4,88;8,9;6,00;2,62
Goiás;2016;4,9;1,78;4,95;5,04;8,45;6,77;2,41
Goiás;2018;4,91;1,11;5,07;5,5;8,13;6,41;3,24
Goiatuba;2012;4,76833333333333;1,43;5,64;4,13;7,39;7,28;2,74
Goiatuba;2014;5,02166666666667;1,31;5,63;4,34;7,83;7,75;3,27
Goiatuba;2016;5,655;2,5;5,65;4,63;7,69;10,00;3,46
Goiatuba;2018;5,38166666666667;2,17;5,99;5,06;8,7;6,84;3,53
Gouvelândia;2012;4,285;1,48;4,7;2,45;6,73;8,46;1,89
Gouvelândia;2014;4,57;1,88;4,9;2,47;6,29;9,71;2,17
Gouvelândia;2016;4,17833333333333;1,94;4,22;2,4;6,62;7,70;2,19
Gouvelândia;2018;4,28666666666667;1,66;4,7;2,3;6,17;8,81;2,08
Guapó;2012;4,24833333333333;1,28;4,75;4,39;6,43;6,52;2,12
Guapó;2014;4,38333333333333;1,81;5,11;4,75;6,52;6,02;2,09
Guapó;2016;4,655;1,54;5,49;4,61;7,08;6,32;2,89
Guapó;2018;4,85;1,25;5,56;5,42;7,27;6,31;3,29
Guaraíta;2012;4,73166666666667;1,27;5,96;1,94;7,48;9,52;2,22
Guaraíta;2014;4,49;1,54;5,55;2,11;5,78;9,62;2,34
Guaraíta;2016;4,73166666666667;1,21;5,91;2,12;7,62;8,47;3,06
Guaraíta;2018;4,62166666666667;0,97;5,02;2,78;7,67;8,00;3,29
Guarani de Goiás;2012;3,97333333333333;1,09;4,69;0,86;6,6;8,69;1,91
Guarani de Goiás;2014;4,05333333333333;1,48;5,43;0,84;6,22;9,02;1,33
Guarani de Goiás;2016;4,26833333333333;1,37;5,73;0,88;7,04;7,81;2,78
Guarani de Goiás;2018;4,54833333333333;1,09;5,37;1,08;7,53;9,09;3,13
Guarinos;2012;4,44833333333333;1,27;5,69;1,69;6,75;9,57;1,72
Guarinos;2014;4,19666666666667;1,71;4,64;1,83;6,08;9,24;1,68
Guarinos;2016;4,56333333333333;1,56;5,01;1,77;7,16;9,62;2,26
Guarinos;2018;4,64666666666667;1,51;5,65;1,87;7,51;8,88;2,46
Heitoraí;2012;4,49333333333333;0,65;5;2,66;7,51;9,37;1,77
Heitoraí;2014;4,77166666666667;1,3;5,69;2,65;8,16;9,05;1,78
Heitoraí;2016;4,65166666666667;1,29;5,2;2,82;8,34;7,34;2,92
Heitoraí;2018;4,59;0,94;5,17;2,84;9,03;7,42;2,14
Hidrolândia;2012;4,06;1,55;5,02;2,61;7,21;5,59;2,38
Hidrolândia;2014;4,07833333333333;2,15;4,45;3,02;7,37;4,81;2,67
Hidrolândia;2016;4,47166666666667;2,12;6;3,2;7,57;4,82;3,12
Hidrolândia;2018;4,91;2,09;6,24;3,44;7,67;6,88;3,14
Hidrolina;2012;4,73333333333333;1,23;5,24;2,74;8,46;9,05;1,68
Hidrolina;2014;4,34833333333333;1,51;4,31;2,82;6,48;9,31;1,66
Hidrolina;2016;4,87666666666667;1,36;5,2;2,6;8,61;9,37;2,12
Hidrolina;2018;5,10166666666667;0,88;6,21;3,53;8,64;9,03;2,32
Iaciara;2012;3,79;1,14;4,32;2,01;6,13;6,67;2,47
Iaciara;2014;3,945;1,83;4,09;2,03;5,8;7,77;2,15
Iaciara;2016;4,17666666666667;1,91;3,75;1,91;6,98;7,59;2,92
Iaciara;2018;4,15;1,61;4,21;1,89;6,17;7,86;3,16
Inaciolândia;2012;4,985;1,49;5,34;2,83;7,97;9,02;3,26
Inaciolândia;2014;5,12666666666667;2;5,95;3,4;8,13;8,82;2,46
Inaciolândia;2016;5,375;2,09;6,34;3,62;7,57;9,64;2,99
Inaciolândia;2018;5,09666666666667;1,82;6,32;3,85;8,78;7,17;2,64
Indiara;2012;4,25666666666667;1,94;5,45;2,9;6,71;5,91;2,63
Indiara;2014;4,87833333333333;2,68;5,17;2,96;7,21;7,90;3,35
Indiara;2016;4,53166666666667;2,19;5,73;3,04;6,38;6,79;3,06
Indiara;2018;4,36833333333333;1,63;4,99;3,32;7,32;5,22;3,73
Inhumas;2012;4,95666666666667;1,58;5,82;4,6;8,47;7,08;2,19
Inhumas;2014;5,20333333333333;1,66;5,99;5,19;7,94;8,15;2,29
Inhumas;2016;5,255;1,82;6,53;5,4;7,54;7,41;2,83
Inhumas;2018;5,46666666666667;1,56;6,97;5,64;7,86;7,86;2,91
Ipameri;2012;4,91;1,92;5,85;4,03;8,78;6,53;2,35
Ipameri;2014;5,02;2,31;5,32;3,98;8,53;7,46;2,52
Ipameri;2016;4,92666666666667;2,46;5,19;4,02;8,58;6,60;2,71
Ipameri;2018;5,07666666666667;2,36;5,45;4,25;8,97;6,75;2,68
Ipiranga de Goiás;2012;4,63833333333333;1,11;6,27;1,84;6,67;9,71;2,23
Ipiranga de Goiás;2014;3,96;1,66;4,33;1,9;3,73;9,71;2,43
Ipiranga de Goiás;2016;4,39333333333333;1,41;4,87;1,95;5,61;9,32;3,2
Ipiranga de Goiás;2018;5,04333333333333;1,14;5,98;2,34;8,24;9,15;3,41
Iporá;2012;5,06333333333333;1,4;6,37;5,12;7,47;7,69;2,33
Iporá;2014;5,17333333333333;1,98;6,07;5,35;7,82;7,36;2,46
Iporá;2016;5;1,75;5,55;5,51;7,37;6,32;3,5
Iporá;2018;5,37666666666667;1,45;5,95;5,81;8,43;6,79;3,83
Israelândia;2012;4,46;1,05;6,43;2,96;8,81;6,14;1,37
Israelândia;2014;4,71833333333333;1,66;4,96;3,13;7,66;8,32;2,58
Israelândia;2016;4,32333333333333;1,18;5,05;3,07;7,85;6,48;2,31
Israelândia;2018;4,61333333333333;1,01;6,1;3;9,07;6,17;2,33
Itaberaí;2012;4,475;1,57;5,22;3,28;7,62;6,71;2,45
Itaberaí;2014;4,555;2,04;5,14;4,05;6,83;6,87;2,4
Itaberaí;2016;4,85166666666667;2,16;5,28;4,19;7,44;7,02;3,02
Itaberaí;2018;4,76;1,74;6,26;4,29;7,34;5,99;2,94
Itaguari;2012;4,86333333333333;0,97;6,24;3,13;6,67;9,86;2,31
Itaguari;2014;4,90333333333333;1,65;6,74;3,36;6,72;8,87;2,08
Itaguari;2016;5,09166666666667;1,34;7,12;3,45;7,13;8,32;3,19
Itaguari;2018;4,91166666666667;1,03;6,13;3,8;7,31;8,09;3,11
Itaguaru;2012;4,78166666666667;1,18;6,32;3,01;8,02;8,39;1,77
Itaguaru;2014;4,82833333333333;1,43;6,63;3,19;7,61;7,98;2,13
Itaguaru;2016;4,91666666666667;1,51;5,98;3,19;8,41;7,79;2,62
Itaguaru;2018;5,03333333333333;1,18;6,17;3,7;9;7,04;3,11
Itajá;2012;5,145;1,05;5,94;3,29;8,79;9,99;1,81
Itajá;2014;4,91666666666667;1,62;5,33;3,41;7,28;9,72;2,14
Itajá;2016;4,81;1,71;5,94;3,59;6,63;8,47;2,52
Itajá;2018;4,695;1,36;5,67;3,62;8,03;7,03;2,46
Itapaci;2012;4,625;1,09;5,88;2,5;7,75;7,68;2,85
Itapaci;2014;4,22833333333333;1,67;4,65;2,43;7,92;6,45;2,25
Itapaci;2016;4,40666666666667;1,56;3,75;2,5;7,34;8,59;2,7
Itapaci;2018;4,72833333333333;1,21;5,29;3;8,05;7,73;3,09
Itapirapuã;2012;4,665;1,3;5,07;2,85;8,54;8,20;2,03
Itapirapuã;2014;4,52666666666667;0,78;5,19;3,33;7,59;8,15;2,12
Itapirapuã;2016;4,93166666666667;1,77;4,85;3,7;8,07;8,37;2,83
Itapirapuã;2018;5,15666666666667;1,51;5,12;4,42;9,1;7,83;2,96
Itapuranga;2012;4,99;1,11;5,84;5,01;7,48;8,24;2,26
Itapuranga;2014;5,27333333333333;1,71;5,57;5,41;8,13;8,76;2,06
Itapuranga;2016;5,31333333333333;1,68;5,04;5,26;8,84;7,74;3,32
Itapuranga;2018;5,26333333333333;1,31;5,71;5,31;8,69;6,94;3,62
Itarumã;2012;4,455;1,76;3,6;2,14;7;9,98;2,25
Itarumã;2014;4,88666666666667;1,84;4,74;2,58;8,12;9,98;2,06
Itarumã;2016;4,80666666666667;2,08;4,95;2,55;8,63;8,09;2,54
Itarumã;2018;4,84;1,86;5,2;2,47;8,49;8,87;2,15
Itauçu;2012;4,95666666666667;1,48;5,55;4,88;8,25;7,60;1,98
Itauçu;2014;4,96333333333333;1,28;4,5;4,94;8;8,70;2,36
Itauçu;2016;4,76666666666667;1,52;5,48;4,67;7,97;6,84;2,12
Itauçu;2018;5,40833333333333;1,07;6,53;4,65;8,69;8,70;2,81
Itumbiara;2012;5,25166666666667;1,87;5,93;6,26;7,71;6,76;2,98
Itumbiara;2014;5,315;2,79;5,99;6,69;6,85;6,53;3,04
Itumbiara;2016;5,02333333333333;2,67;5,01;6,95;5,99;5,61;3,91
Itumbiara;2018;5,225;2,2;5,83;7,13;6,24;6,11;3,84
Ivolândia;2012;4,87166666666667;1,27;5,61;2,29;8,27;9,34;2,45
Ivolândia;2014;5,10166666666667;1,9;4,54;2,39;8,85;9,95;2,98
Ivolândia;2016;5,115;1,27;5,48;2,4;9,2;9,38;2,96
Ivolândia;2018;4,935;1,2;5,77;2,52;9,33;7,66;3,13
Jandaia;2012;5,16833333333333;1,66;6,4;3,23;7,73;9,04;2,95
Jandaia;2014;5,005;1,72;5,82;3,01;7,21;8,98;3,29
Jandaia;2016;4,98833333333333;1,87;5,66;3,05;7,58;8,28;3,49
Jandaia;2018;4,99666666666667;1,81;5,54;3,08;8,84;7,26;3,45
Jaraguá;2012;4,24166666666667;1,32;4,81;3,25;7,49;6,63;1,95
Jaraguá;2014;4,42166666666667;1,81;5,12;3,61;6,75;6,88;2,36
Jaraguá;2016;4,545;1,73;5,19;3,62;6,46;7,46;2,81
Jaraguá;2018;4,47166666666667;1,3;5,19;3,54;6,9;7,53;2,37
Jataí;2012;5,18833333333333;3;5,64;5,25;8,58;5,92;2,74
Jataí;2014;5,10833333333333;3,65;5,64;5,58;6,98;5,79;3,01
Jataí;2016;5,26333333333333;3,61;5,13;5,65;7,59;6,15;3,45
Jataí;2018;5,48666666666667;3,14;5,93;6,32;7,41;6,88;3,24
Jaupaci;2012;4,86833333333333;1,09;6,54;3,69;6,93;8,62;2,34
Jaupaci;2014;5,09833333333333;1,62;5,97;3,68;8,02;9,23;2,07
Jaupaci;2016;4,785;1,28;6,11;3,52;7,95;7,06;2,79
Jaupaci;2018;5,17333333333333;1,11;6,16;3,65;8,55;8,56;3,01
Jesúpolis;2012;4,55166666666667;1,23;4,34;2,94;7,16;9,55;2,09
Jesúpolis;2014;4,56;1,49;6,36;3;6,25;7,66;2,6
Jesúpolis;2016;4,87333333333333;1,5;6,67;2,86;6,98;8,45;2,78
Jesúpolis;2018;4,84;1,07;6,55;2,9;7,24;8,69;2,59
Joviânia;2012;4,84;1,11;6,08;5,57;7,54;6,74;2
Joviânia;2014;4,86333333333333;1,9;5,68;5,54;7,68;5,95;2,43
Joviânia;2016;5,08;1,88;5,61;5,16;7,64;7,37;2,82
Joviânia;2018;5,425;1,6;5,74;5,57;8,45;8,17;3,02
Jussara;2012;4,77333333333333;1,46;5,64;5,29;6,73;7,05;2,47
Jussara;2014;4,70833333333333;1,9;5,6;5,4;7,15;5,92;2,28
Jussara;2016;5,25166666666667;1,95;5,93;5,46;7,7;7,16;3,31
Jussara;2018;5,26;1,6;6,07;5,63;7,39;7,33;3,54
Lagoa Santa;2012;4,544;1,2;5,56;5,49;8,04;-;2,43
Lagoa Santa;2014;5,44333333333333;1,68;6,43;5,75;7,71;8,40;2,69
Lagoa Santa;2016;5,245;1,57;6,04;6;7,27;9,05;1,54
Lagoa Santa;2018;5,57166666666667;1,25;5,96;7,35;7,72;7,05;4,1
Leopoldo de Bulhões;2012;4,165;1,08;5,63;2,25;7,51;6,41;2,11
Leopoldo de Bulhões;2014;4,44;1,51;4,76;2,28;7,91;7,99;2,19
Leopoldo de Bulhões;2016;4,42333333333333;2,09;4,22;2,12;7,25;8,13;2,73
Leopoldo de Bulhões;2018;4,45333333333333;1,45;5,29;2,23;7,4;7,78;2,57
Luziânia;2012;3,82333333333333;1,9;4,72;2,86;5,29;5,83;2,34
Luziânia;2014;3,885;2,21;4,86;3;4,96;5,93;2,35
Luziânia;2016;4,06666666666667;2,64;5,07;3,1;4,61;5,72;3,26
Luziânia;2018;4,20166666666667;2,27;5,54;2,77;4,55;6,70;3,38
Mairipotaba;2012;5,18833333333333;1,23;6,64;2,86;8,47;9,86;2,07
Mairipotaba;2014;5,415;1,58;6,62;3,49;8,77;9,88;2,15
Mairipotaba;2016;4,94833333333333;1,49;7,18;3,21;9,28;5,98;2,55
Mairipotaba;2018;4,87833333333333;1,42;6,78;3,27;8,88;6,18;2,74
Mambaí;2012;4,26;1,07;5,14;2,11;6,95;8,95;1,34
Mambaí;2014;4,54;1,61;5,26;2,36;7,13;8,74;2,14
Mambaí;2016;4,64333333333333;1,5;5,52;1,9;7,36;8,69;2,89
Mambaí;2018;4,535;1,05;5,32;1,88;7,48;8,53;2,95
Mara Rosa;2012;4,74833333333333;1,55;5,95;3,97;6,69;8,34;1,99
Mara Rosa;2014;4,80166666666667;2,01;5,47;4,25;6,33;8,53;2,22
Mara Rosa;2016;4,76;1,5;6,01;4,34;6,77;7,37;2,57
Mara Rosa;2018;5,01833333333333;1,14;5,83;4,88;7,83;7,36;3,07
Marzagão;2012;4,91333333333333;1,2;6,2;4,19;8,23;7,57;2,09
Marzagão;2014;5,30833333333333;1,56;6,73;4,16;8,47;8,10;2,83
Marzagão;2016;5,27666666666667;1,13;6,53;4,04;8,99;8,60;2,37
Marzagão;2018;4,75833333333333;0,71;5,5;4,03;8,8;6,80;2,71
Matrinchã;2012;4,53333333333333;1,51;5,73;2,48;7,58;7,81;2,09
Matrinchã;2014;4,95666666666667;1,8;6,07;2,39;8,3;8,46;2,72
Matrinchã;2016;4,635;1,33;4,61;2,21;8,31;8,88;2,47
Matrinchã;2018;4,67166666666667;1,36;5,24;2,05;8,86;8,10;2,42
Maurilândia;2012;3,88166666666667;1,03;4,78;2,89;5,35;7,11;2,13
Maurilândia;2014;4,36666666666667;1,8;5,24;2,9;5,8;7,73;2,73
Maurilândia;2016;4,36666666666667;1,38;4,88;2,84;5,16;8,84;3,1
Maurilândia;2018;3,99333333333333;0,92;4,83;2,9;5,11;7,63;2,57
Mimoso de Goiás;2012;4,23666666666667;1,24;5,9;1,3;6,76;8,78;1,44
Mimoso de Goiás;2014;4,47833333333333;1,83;3,87;2,7;7,21;8,59;2,67
Mimoso de Goiás;2016;5,01666666666667;1,99;5,35;2,56;7,46;9,54;3,2
Mimoso de Goiás;2018;4,42;0,99;5,59;2,53;6,32;8,73;2,36
Minaçu;2012;4,765;1,76;5,93;2,95;6,97;8,17;2,81
Minaçu;2014;4,52333333333333;2,29;5,53;3,04;6,18;7,38;2,72
Minaçu;2016;4,52166666666667;1,82;5,91;3,03;5,5;7,03;3,84
Minaçu;2018;4,73333333333333;1,76;5,07;4,27;5,78;7,87;3,65
Mineiros;2012;5,11;2,25;5,13;5,31;7,83;7,29;2,85
Mineiros;2014;5,185;2,83;5,37;5,35;5,99;8,22;3,35
Mineiros;2016;5,065;2,86;5,9;5,12;6,88;6,26;3,37
Mineiros;2018;5,305;2,52;6,92;5,04;7,6;6,38;3,37
Moiporá;2012;4,90666666666667;1,14;5,26;3,09;7,37;9,86;2,72
Moiporá;2014;4,82;1,59;3,79;3,3;7,89;9,97;2,38
Moiporá;2016;5,36;1,44;6,41;3,65;7,75;9,58;3,33
Moiporá;2018;4,68166666666667;1,06;5,63;3,25;6,57;8,25;3,33
Monte Alegre de Goiás;2012;3,95166666666667;1,28;4,26;1;6,14;9,30;1,73
Monte Alegre de Goiás;2014;3,86333333333333;1,43;3,86;1,05;5,98;9,00;1,86
Monte Alegre de Goiás;2016;4,02833333333333;1,27;4,72;1,06;6,79;7,64;2,69
Monte Alegre de Goiás;2018;3,83333333333333;0,98;3,72;1,04;6,88;7,80;2,58
Montes Claros de Goiás;2012;4,75;1,7;4,65;2,4;7,34;9,97;2,44
Montes Claros de Goiás;2014;4,965;2,33;4,36;2,89;7,86;9,13;3,22
Montes Claros de Goiás;2016;5,13333333333333;2,09;6,19;3,66;8,16;7,62;3,08
Montes Claros de Goiás;2018;4,71166666666667;1,76;5,12;4,13;8,88;5,49;2,89
Montividiu;2012;5,245;1,88;6,29;3,66;8,66;8,27;2,71
Montividiu;2014;4,98166666666667;2,57;6,2;3,7;7,14;6,95;3,33
Montividiu;2016;4,97833333333333;2,52;6,08;3,63;6,63;7,84;3,17
Montividiu;2018;4,965;2,14;5,98;3,51;7,82;7,26;3,08
Montividiu do Norte;2012;4,23333333333333;0,86;4,38;0,98;7,69;9,68;1,81
Montividiu do Norte;2014;4,40833333333333;1,37;4,56;1,18;7,22;9,99;2,13
Montividiu do Norte;2016;4,24;1,29;4,36;1,2;6,74;9,26;2,59
Montividiu do Norte;2018;4,02666666666667;0,99;3,86;1,36;7,29;8,01;2,65
Morrinhos;2012;4,98666666666667;1,8;5,4;5,1;7,92;6,98;2,72
Morrinhos;2014;5,23;2,49;5,23;5,54;8,02;7,11;2,99
Morrinhos;2016;4,74;2,43;4,19;5,49;7,67;5,88;2,78
Morrinhos;2018;5,13833333333333;1,98;5,24;5,74;8,12;6,41;3,34
Morro Agudo de Goiás;2012;4,855;0,92;5,29;2,8;8,36;9,13;2,63
Morro Agudo de Goiás;2014;5,06666666666667;1,49;5,95;3,1;8,15;9,66;2,05
Morro Agudo de Goiás;2016;4,97833333333333;1,43;5,29;3,19;8,66;8,54;2,76
Morro Agudo de Goiás;2018;4,96;1,13;4,73;3,36;9,44;7,33;3,77
Mossâmedes;2012;4,95333333333333;1,22;5,92;2,3;8,51;9,59;2,18
Mossâmedes;2014;4,63333333333333;1,38;5,54;2,53;8,63;7,63;2,09
Mossâmedes;2016;4,95;1,33;6,48;2,94;7,75;8,25;2,95
Mossâmedes;2018;4,92333333333333;1,29;6,06;2,7;9,46;6,82;3,21
Mozarlândia;2012;4,515;1,25;4,72;2,47;8;8,13;2,52
Mozarlândia;2014;4,59666666666667;1,94;5,15;2,58;6,62;8,23;3,06
Mozarlândia;2016;4,31333333333333;2,07;4,34;2,63;6,56;7,56;2,72
Mozarlândia;2018;4,46666666666667;1,38;5,46;2,78;6,54;6,63;4,01
Mundo Novo;2012;4,54333333333333;1,14;4,57;1,7;7,77;9,94;2,14
Mundo Novo;2014;4,525;1,49;4,6;1,87;6,83;9,89;2,47
Mundo Novo;2016;4,55333333333333;1,31;4,65;1,98;8,46;8,06;2,86
Mundo Novo;2018;4,77666666666667;1,05;5,58;2,63;8,82;7,66;2,92
Mutunópolis;2012;4,64666666666667;1,17;5,08;2,33;7,69;9,92;1,69
Mutunópolis;2014;4,955;1,57;6,19;2,55;7,03;9,92;2,47
Mutunópolis;2016;4,46666666666667;1,46;5,69;2,59;7,44;7,32;2,3
Mutunópolis;2018;4,66666666666667;1,27;5,54;2,63;8,74;7,63;2,19
Nazário;2012;4,86166666666667;1,25;6,11;3,74;7,85;8,41;1,81
Nazário;2014;5,06;1,9;5,82;3,92;7,7;8,47;2,55
Nazário;2016;4,55333333333333;1,43;4,98;3,95;7,22;6,93;2,81
Nazário;2018;4,88;1,27;5,46;3,7;8,29;7,48;3,08
Nerópolis;2012;4,795;1,51;5,83;3;8,56;7,21;2,66
Nerópolis;2014;4,86833333333333;2,04;5,59;3,22;8,7;7,07;2,59
Nerópolis;2016;5,06333333333333;2,18;5,75;3,05;8,65;7,32;3,43
Nerópolis;2018;5,15;1,63;6,44;3,37;8,73;7,08;3,65
Niquelândia;2012;4,7;1,71;5,44;2,58;8,3;7,39;2,78
Niquelândia;2014;4,79;2,08;5,05;3,03;7,28;8,40;2,9
Niquelândia;2016;4,615;1,55;4,96;2,94;6,85;7,79;3,6
Niquelândia;2018;4,31833333333333;1,16;4,28;2,99;6,59;7,79;3,1
Nova América;2012;4,485;1,29;6,15;2,5;6,93;8,80;1,24
Nova América;2014;4,65333333333333;1,49;6,69;2,51;6,1;9,07;2,06
Nova América;2016;4,46333333333333;1,31;5,65;2,39;7,73;7,29;2,41
Nova América;2018;4,69666666666667;1,02;5,31;2,38;8,25;8,29;2,93
Nova Aurora;2012;4,79;1,39;5,76;4,09;6,87;9,34;1,29
Nova Aurora;2014;4,44166666666667;1,56;5,11;3,99;6,36;7,39;2,24
Nova Aurora;2016;4,655;1,32;5,96;3,85;6,88;6,92;3
Nova Aurora;2018;4,87666666666667;1,24;5,03;4,61;7,78;7,57;3,03
Nova Crixás;2012;4,47833333333333;1,38;4,25;2,52;6,95;9,45;2,32
Nova Crixás;2014;4,49166666666667;2,13;3,79;2,77;6,87;8,61;2,78
Nova Crixás;2016;4,53;1,97;4,49;2,84;8,07;7,10;2,71
Nova Crixás;2018;4,49666666666667;1,87;4,88;2,75;7,84;6,71;2,93
Nova Glória;2012;4,34;0,84;5,99;2,59;6,15;8,56;1,91
Nova Glória;2014;4,01166666666667;1,53;5,02;2,72;4,8;8,02;1,98
Nova Glória;2016;4,57666666666667;1,29;5,62;2,9;5,97;8,55;3,13
Nova Glória;2018;4,32;1,09;5,28;3,21;6,41;6,70;3,23
Nova Iguaçu de Goiás;2012;4,24833333333333;0,95;5,02;2,57;6,08;9,05;1,82
Nova Iguaçu de Goiás;2014;4,5;1,53;6,16;2,55;7,23;7,94;1,59
Nova Iguaçu de Goiás;2016;4,62333333333333;1,2;6,39;2,56;5,82;9,30;2,47
Nova Iguaçu de Goiás;2018;4,825;0,87;6,17;2,81;7,53;9,04;2,53
Nova Roma;2012;3,765;0,89;4,42;2,24;4,68;8,59;1,77
Nova Roma;2014;3,95833333333333;1,52;4,83;2,11;5,68;8,04;1,57
Nova Roma;2016;4,33333333333333;1,3;4,35;1,94;7,06;9,53;1,82
Nova Roma;2018;4,15666666666667;1,23;3,71;2,01;7,92;8,44;1,63
Nova Veneza;2012;4,75666666666667;1,41;5,84;2,79;8,27;7,95;2,28
Nova Veneza;2014;4,59;1,88;4,82;2,95;7,75;7,99;2,15
Nova Veneza;2016;4,86833333333333;1,77;5,27;3,03;8,25;7,95;2,94
Nova Veneza;2018;4,885;1,37;5,7;3;8,28;8,09;2,87
Novo Brasil;2012;5,065;1,38;4,81;3,46;9,39;9,40;1,95
Novo Brasil;2014;4,895;1,62;5,64;3,54;8,37;8,47;1,73
Novo Brasil;2016;5,21333333333333;1,49;6,18;3,59;8,34;9,10;2,58
Novo Brasil;2018;5,1;1,14;5,89;3,69;8,95;8,45;2,48
Novo Gama;2012;4,07666666666667;1,07;4,44;3,01;6,41;7,21;2,32
Novo Gama;2014;3,37833333333333;1,54;2,16;3,15;4,4;6,77;2,25
Novo Gama;2016;3,7;1,25;3,79;3,18;4,35;6,89;2,74
Novo Gama;2018;3,86166666666667;0,89;4,23;2,32;3,79;7,66;4,28
Novo Planalto;2012;4,03833333333333;1,16;3,48;1,95;5,73;9,82;2,09
Novo Planalto;2014;4,55333333333333;1,74;5,09;2,07;6,87;9,19;2,36
Novo Planalto;2016;4,44666666666667;1,7;5,7;2,12;6;8,34;2,82
Novo Planalto;2018;4,215;1,19;5,81;2,18;6,33;7,10;2,68
Orizona;2012;4,59333333333333;0,95;6,31;2,15;7,74;8,10;2,31
Orizona;2014;4,67666666666667;1,95;5,01;2,39;7,93;8,42;2,36
Orizona;2016;4,63166666666667;1,85;4,97;2,45;7,59;7,55;3,38
Orizona;2018;4,67833333333333;1,59;5,26;2,83;7,81;7,50;3,08
Ouro Verde de Goiás;2012;4,53;1,28;6,58;2,08;6,76;8,74;1,74
Ouro Verde de Goiás;2014;4,57166666666667;1,84;6,23;2,26;6,92;8,20;1,98
Ouro Verde de Goiás;2016;4,92166666666667;2,82;6,92;2,28;6,82;8,44;2,25
Ouro Verde de Goiás;2018;4,49333333333333;1,25;6,35;2,44;7,4;7,60;1,92
Ouvidor;2012;4,69166666666667;1,96;6,08;3,6;5,8;6,01;4,7
Ouvidor;2014;5,03666666666667;2,8;5,67;3,76;6,45;8,26;3,28
Ouvidor;2016;5,605;2,35;6,6;3,86;7,12;6,97;6,73
Ouvidor;2018;6,14333333333333;3,07;7;4,35;8,94;6,92;6,58
Padre Bernardo;2012;4,135;1,2;4,21;2,3;7,19;7,87;2,04
Padre Bernardo;2014;4,26666666666667;1,93;4,17;2,61;6,9;7,75;2,24
Padre Bernardo;2016;4,39333333333333;2,06;5,11;2,74;6,34;7,33;2,78
Padre Bernardo;2018;4,49;1,61;5,53;1,92;7,03;7,98;2,87
Palestina de Goiás;2012;4,56833333333333;2,07;5,84;1,98;6,64;9,05;1,83
Palestina de Goiás;2014;4,63833333333333;2,22;5,37;1,93;6,3;9,66;2,35
Palestina de Goiás;2016;4,815;1,38;5,64;1,84;8,43;9,30;2,3
Palestina de Goiás;2018;4,86333333333333;1,15;5,31;1,87;9,18;9,12;2,55
Palmeiras de Goiás;2012;4,89666666666667;1,94;5,08;4,32;7,66;7,63;2,75
Palmeiras de Goiás;2014;5;2,52;5,12;4,66;7,11;7,82;2,77
Palmeiras de Goiás;2016;4,595;2,31;5,08;4,94;5,4;6,66;3,18
Palmeiras de Goiás;2018;4,72166666666667;1,68;5,42;5,59;6,81;5,47;3,36
Palmelo;2012;4,92833333333333;1,3;5,5;4,03;7,47;8,96;2,31
Palmelo;2014;4,49833333333333;1,38;3,18;4,05;9,01;7,66;1,71
Palmelo;2016;5,05;1,19;3,85;3,83;9,63;8,65;3,15
Palmelo;2018;4,93333333333333;0,86;4,35;3,88;9,15;7,33;4,03
Palminópolis;2012;5,185;1,1;6,55;3,27;8,33;9,59;2,27
Palminópolis;2014;5,12;2;7,18;3,33;7,6;8,11;2,5
Palminópolis;2016;5,15833333333333;1,34;6,01;3,34;8,77;8,57;2,92
Palminópolis;2018;5,30666666666667;2,08;6,44;3,82;9,17;7,30;3,03
Panamá;2012;4,61333333333333;1,48;5,08;2,7;7,09;9,66;1,67
Panamá;2014;4,74833333333333;1,71;5,88;2,7;6,22;9,46;2,52
Panamá;2016;4,75833333333333;1,71;4,87;2,56;7,88;8,60;2,93
Panamá;2018;4,44;1,36;4,78;2,63;7,18;7,74;2,95
Paranaiguara;2012;5,12;1,28;5,93;5,92;8,97;7,01;1,61
Paranaiguara;2014;5,17166666666667;1,9;5,15;6,09;8,04;7,75;2,1
Paranaiguara;2016;5,51333333333333;1,59;6,86;5,87;8,01;8,81;1,94
Paranaiguara;2018;5,49166666666667;1,43;6,88;5,7;8,36;8,35;2,23
Paraúna;2012;4,81666666666667;1,78;4,98;4,69;7,7;7,25;2,5
Paraúna;2014;5,13;2,36;4,79;5,28;7,62;8,01;2,72
Paraúna;2016;5,16;2,98;4,63;5,09;8,02;7,24;3
Paraúna;2018;5,17666666666667;2,63;5,36;5,19;8,78;6,21;2,89
Perolândia;2012;5,23666666666667;2,12;5,81;2,3;6,57;8,43;6,19
Perolândia;2014;5,25166666666667;2,21;6,51;2,62;6,46;7,82;5,89
Perolândia;2016;5,15833333333333;2,78;5,53;2,5;6,13;8,86;5,15
Perolândia;2018;5,11;2,67;5,91;2,56;7,37;7,67;4,48
Petrolina de Goiás;2012;4,36166666666667;1,35;5,71;1,9;7,21;7,86;2,14
Petrolina de Goiás;2014;4,39833333333333;1,88;4,63;1,95;7,45;8,54;1,94
Petrolina de Goiás;2016;4,65833333333333;1,75;5,34;1,99;7,75;8,60;2,52
Petrolina de Goiás;2018;4,68833333333333;1,49;5,47;2,32;8,73;7,78;2,34
Pilar de Goiás;2012;4,12333333333333;2,11;4,9;1,35;5,4;7,96;3,02
Pilar de Goiás;2014;4,34833333333333;2,68;4,05;1,86;5,15;7,82;4,53
Pilar de Goiás;2016;5,01;2,51;4,47;1,75;6,8;9,15;5,38
Pilar de Goiás;2018;4,88;2,28;4,84;1,72;7,77;7,65;5,02
Piracanjuba;2012;4,77666666666667;1,39;5,37;4,97;7,18;7,61;2,14
Piracanjuba;2014;5,05;1,98;4,97;5,29;7,85;7,78;2,43
Piracanjuba;2016;4,74666666666667;2,4;4,8;5,21;7,39;6,01;2,67
Piracanjuba;2018;5,04166666666667;1,98;5,69;5,14;7,79;7,03;2,62
Piranhas;2012;4,63166666666667;1,35;5,33;3,51;7,48;8,05;2,07
Piranhas;2014;4,90333333333333;1,74;5,75;3,56;7,84;8,00;2,53
Piranhas;2016;5,00333333333333;2,18;5,81;3,57;7,52;7,89;3,05
Piranhas;2018;4,9;1,73;6,38;4,31;8,46;6,02;2,5
Pirenópolis;2012;3,88833333333333;1,56;5,14;3,15;7,41;3,87;2,2
Pirenópolis;2014;3,86833333333333;1,79;4,74;3,37;7,05;3,74;2,52
Pirenópolis;2016;4,19166666666667;1,15;5,17;3,45;7,92;4,22;3,24
Pirenópolis;2018;4,315;0,51;4,85;3,58;7,81;5,44;3,7
Pires do Rio;2012;4,625;1,09;5,72;5,13;6,11;7,49;2,21
Pires do Rio;2014;4,74333333333333;1,94;5,84;5,31;6,24;6,68;2,45
Pires do Rio;2016;4,28666666666667;2,03;3,39;5,38;6,19;5,68;3,05
Pires do Rio;2018;4,90666666666667;1,73;5,4;5,67;6,86;6,67;3,11
Planaltina;2012;4,135;1,03;4,6;3,32;6,97;6,35;2,54
Planaltina;2014;4,25666666666667;1,75;5,02;3,85;6,51;6,12;2,29
Planaltina;2016;4,745;1,55;5,92;4,2;6,97;6,00;3,83
Planaltina;2018;4,90666666666667;1,13;5,92;5,02;6,8;6,64;3,93
Pontalina;2012;4,70333333333333;1,44;4,69;4,49;7,43;8,22;1,95
Pontalina;2014;4,60166666666667;1,91;4,97;5,21;6,84;6,63;2,05
Pontalina;2016;4,8;1,83;5,23;5,35;6,56;7,36;2,47
Pontalina;2018;5,085;1,44;5,92;5,23;7,62;7,90;2,4
Porangatu;2012;4,06166666666667;1,23;4,59;3,23;6,28;6,54;2,5
Porangatu;2014;4,28333333333333;2,2;4,83;3,31;6,23;6,75;2,38
Porangatu;2016;4,23;2,01;3,94;3,36;6,22;6,50;3,35
Porangatu;2018;4,51666666666667;1,56;5,08;3,54;6,91;6,35;3,66
Porteirão;2012;4,82166666666667;1,83;4,24;3,07;6,89;9,97;2,93
Porteirão;2014;4,975;2,19;4,42;3,38;7,23;9,36;3,27
Porteirão;2016;4,84166666666667;2,93;5,77;3,26;7,26;7,27;2,56
Porteirão;2018;5,26166666666667;2,32;5,99;4,16;9,3;7,40;2,4
Portelândia;2012;4,445;1,44;4,04;2,55;6,8;9,59;2,25
Portelândia;2014;5,34166666666667;2,09;6,28;2,71;8,3;9,89;2,78
Portelândia;2016;4,96166666666667;2;5,84;2,96;7,92;8,54;2,51
Portelândia;2018;4,985;1,66;5,68;3,51;8,06;8,56;2,44
Posse;2012;4,26333333333333;1,37;4,79;3,25;6,67;7,42;2,08
Posse;2014;4,25166666666667;1,64;5,47;3,82;5,68;6,90;2
Posse;2016;4,45166666666667;1,98;5,81;3,64;5,56;6,56;3,16
Posse;2018;4,70333333333333;1,6;4,85;3,71;6,62;7,90;3,54
Professor Jamil;2012;4,84333333333333;1,09;5,93;2,62;7,03;9,82;2,57
Professor Jamil;2014;5,03833333333333;1,62;6,31;2,9;7,36;9,67;2,37
Professor Jamil;2016;4,38;1,38;5,75;3,12;6,1;6,70;3,23
Professor Jamil;2018;4,60833333333333;0,76;5,72;3,81;7,34;6,55;3,47
Quirinópolis;2012;5,11833333333333;2,01;5,68;5,26;7,48;7,16;3,12
Quirinópolis;2014;5,08333333333333;2,54;5,52;5,63;6,35;6,97;3,49
Quirinópolis;2016;5,245;2,68;5,39;5,6;7,48;6,74;3,58
Quirinópolis;2018;5,44;2,31;6,08;5,82;7,72;6,98;3,73
Rialma;2012;4,385;1,45;6,91;3,74;5,49;6,46;2,26
Rialma;2014;4,13;1,39;3,7;3,88;7,29;6,13;2,39
Rialma;2016;4,69333333333333;1,34;5,14;3,91;8;6,72;3,05
Rialma;2018;4,78166666666667;1,21;4,97;4,44;8,67;5,67;3,73
Rianápolis;2012;4,31333333333333;0,75;5,59;3,01;7,2;7,32;2,01
Rianápolis;2014;4,4;1,19;5,77;3,22;6,82;6,89;2,51
Rianápolis;2016;4,70833333333333;1,91;6,11;3,24;7,1;6,94;2,95
Rianápolis;2018;4,55833333333333;1,02;5,33;3,58;7,8;6,51;3,11
Rio Quente;2012;5,56166666666667;2,47;6,55;5,42;6,86;7,37;4,7
Rio Quente;2014;5,16333333333333;2,93;4,61;5,27;7,12;6,49;4,56
Rio Quente;2016;5,71333333333333;2,51;5,35;4,95;7,96;8,32;5,19
Rio Quente;2018;5,36;2,31;5,37;4,72;7,36;7,28;5,12
Rio Verde;2012;5,14833333333333;3,96;5,38;4,69;7,76;5,96;3,14
Rio Verde;2014;4,83666666666667;4,35;5,26;4,66;5,44;6,03;3,28
Rio Verde;2016;4,71166666666667;4,22;5,01;4,65;5,17;5,35;3,87
Rio Verde;2018;4,89166666666667;3,77;5,33;4,82;5,26;6,27;3,9
Rubiataba;2012;5,145;1,16;6,17;3,83;8,74;8,25;2,72
Rubiataba;2014;5,19833333333333;1,62;5,4;5,31;7,91;8,35;2,6
Rubiataba;2016;5,27833333333333;1,61;5,59;5,61;8,33;7,27;3,26
Rubiataba;2018;5,33166666666667;1,51;5,8;5,46;9,06;6,73;3,43
Sanclerlândia;2012;4,50166666666667;1,71;6,22;3,79;6,8;6,87;1,62
Sanclerlândia;2014;4,75333333333333;1,54;5,89;3,62;7,6;7,83;2,04
Sanclerlândia;2016;4,81333333333333;1,25;5,79;3,65;7,47;7,77;2,95
Sanclerlândia;2018;5,14333333333333;0,98;5,69;5,23;7,66;8,06;3,24
Santa Bárbara de Goiás;2012;5,005;1,45;6,16;3,28;7,14;9,34;2,66
Santa Bárbara de Goiás;2014;4,97;1,76;5,72;3,68;7,94;8,34;2,38
Santa Bárbara de Goiás;2016;4,62833333333333;1,4;5,69;3,22;7,62;6,75;3,09
Santa Bárbara de Goiás;2018;4,40666666666667;0,97;4,84;3,51;8,24;5,78;3,1
Santa Cruz de Goiás;2012;4,44666666666667;1,38;5,01;1,38;7,41;9,85;1,65
Santa Cruz de Goiás;2014;4,345;1,85;3,25;1,56;7,36;9,75;2,3
Santa Cruz de Goiás;2016;4,665;2,01;4,5;1,58;8,66;8,03;3,21
Santa Cruz de Goiás;2018;4,30833333333333;1,39;3,78;1,5;8,81;7,78;2,59
Santa Fé de Goiás;2012;4,80166666666667;1,22;5,36;3,03;7,27;9,40;2,53
Santa Fé de Goiás;2014;4,945;1,89;4,99;3,11;7,33;8,98;3,37
Santa Fé de Goiás;2016;5,03166666666667;2,37;5,03;3,1;7,32;9,23;3,14
Santa Fé de Goiás;2018;4,89833333333333;1,4;5,57;3,61;7,16;8,41;3,24
Santa Helena de Goiás;2012;5,335;1,99;5,34;5,82;8,84;7,45;2,57
Santa Helena de Goiás;2014;5,53;2,44;5,51;6,1;8,43;7,63;3,07
Santa Helena de Goiás;2016;5,33666666666667;2,24;5,29;6,03;8,54;7,10;2,82
Santa Helena de Goiás;2018;5,36833333333333;1,85;6,2;6,17;8,29;6,79;2,91
Santa Isabel;2012;4,32333333333333;1,12;5,01;2,33;7,85;7,71;1,92
Santa Isabel;2014;4,52333333333333;1,78;4,34;2,29;7,18;9,39;2,16
Santa Isabel;2016;4,71833333333333;1,7;5,06;2,33;7,7;9,21;2,31
Santa Isabel;2018;4,59833333333333;1,39;5,31;2,4;7,5;8,74;2,25
Santa Rita do Araguaia;2012;4,69;0,91;4,52;3,94;6,52;9,75;2,5
Santa Rita do Araguaia;2014;4,54166666666667;1,79;3,86;3,9;5,23;9,87;2,6
Santa Rita do Araguaia;2016;4,53833333333333;1,81;4,14;3,65;5,53;9,58;2,52
Santa Rita do Araguaia;2018;4,12333333333333;1,22;4,18;3,39;5,87;7,69;2,39
Santa Rita do Novo Destino;2012;3,855;1,23;4,86;0,87;4,86;9,38;1,93
Santa Rita do Novo Destino;2014;3,90333333333333;1,55;4,86;0,91;3,85;9,62;2,63
Santa Rita do Novo Destino;2016;4,27333333333333;1,35;5,04;0,86;6,58;8,85;2,96
Santa Rita do Novo Destino;2018;4,11666666666667;1,28;4,74;1,02;5,93;9,21;2,52
Santa Rosa de Goiás;2012;4,835;1,02;5,63;2,82;8,22;9,40;1,92
Santa Rosa de Goiás;2014;4,78833333333333;1,54;6,4;3,17;7,75;9,32;0,55
Santa Rosa de Goiás;2016;5,57333333333333;1,53;6,16;3,4;8,25;9,53;4,57
Santa Rosa de Goiás;2018;5,14333333333333;1,21;6,21;3,48;8,74;8,63;2,59
Santa Tereza de Goiás;2012;4,59833333333333;0,89;4,6;3,13;7,14;9,79;2,04
Santa Tereza de Goiás;2014;4,84333333333333;1,35;5,28;3,43;6,88;9,77;2,35
Santa Tereza de Goiás;2016;4,60833333333333;1,22;5,07;3,64;6,77;8,09;2,86
Santa Tereza de Goiás;2018;4,8;1,03;5,4;3,7;8,58;7,18;2,91
Santa Terezinha de Goiás;2012;4,33;1,1;5,44;2,11;7,62;8,05;1,66
Santa Terezinha de Goiás;2014;4,355;1,46;5,44;2,37;6,64;8,33;1,89
Santa Terezinha de Goiás;2016;4,375;1,5;5,33;2,39;6,48;8,32;2,23
Santa Terezinha de Goiás;2018;4,33666666666667;1,2;6,11;2,41;6,56;8,00;1,74
Santo Antônio da Barra;2012;4,60166666666667;1,26;5,18;2,14;6,4;8,54;4,09
Santo Antônio da Barra;2014;4,56333333333333;1,91;5,41;2,31;5,92;8,77;3,06
Santo Antônio da Barra;2016;4,61833333333333;1,6;5,04;2,4;6,55;8,48;3,64
Santo Antônio da Barra;2018;4,79833333333333;1,46;5,99;3;7,58;7,75;3,01
Santo Antônio de Goiás;2012;5,055;1,24;5,92;3,84;7,12;9,02;3,19
Santo Antônio de Goiás;2014;5,06666666666667;2,01;5,83;4,2;7,21;7,89;3,26
Santo Antônio de Goiás;2016;5,58166666666667;1,99;5,74;4,39;8,18;8,79;4,4
Santo Antônio de Goiás;2018;5,7;1,35;6,66;4,25;8,81;8,69;4,44
Santo Antônio do Descoberto;2012;4,13;1,08;4,91;2,56;6,79;5,75;3,69
Santo Antônio do Descoberto;2014;3,79666666666667;1,52;4,54;2,9;5,9;5,53;2,39
Santo Antônio do Descoberto;2016;4,03;1,51;5,11;3,26;5,64;5,38;3,28
Santo Antônio do Descoberto;2018;4,385;1,11;5,38;3,53;5,4;7,25;3,64
São Domingos;2012;3,795;0,83;4,36;1,41;6,86;7,34;1,97
São Domingos;2014;3,665;1,63;4,11;1,35;6,13;6,80;1,97
São Domingos;2016;3,61;1,56;4,34;1,26;5,77;5,91;2,82
São Domingos;2018;3,75333333333333;1,43;3,68;1,14;6,7;6,87;2,7
São Francisco de Goiás;2012;4,17333333333333;1,14;4,76;2,36;5,39;9,46;1,93
São Francisco de Goiás;2014;4,43333333333333;1,9;5,37;2,62;6,57;8,02;2,12
São Francisco de Goiás;2016;4,80166666666667;1,61;6,66;2,73;6,5;8,17;3,14
São Francisco de Goiás;2018;4,79166666666667;1,15;6,21;2,88;7,1;8,34;3,07
São João d'Aliança;2012;4,41833333333333;1,24;4,58;1,43;6,57;9,12;3,57
São João d'Aliança;2014;4,065;1,65;3,12;1,48;7,55;8,27;2,32
São João d'Aliança;2016;4,02;1,45;4,08;1,44;7,52;8,18;1,45
São João d'Aliança;2018;4,27166666666667;1,45;3,5;1,74;7,36;7,50;4,08
São João da Paraúna;2012;5,41166666666667;0,79;5,49;5,81;7,81;9,56;3,01
São João da Paraúna;2014;5,18666666666667;1,74;5,54;6,03;6,91;8,57;2,33
São João da Paraúna;2016;5,47166666666667;1,55;5,73;6,67;7,75;7,95;3,18
São João da Paraúna;2018;4,94166666666667;1,18;6,06;6,92;7,76;5,73;2
São Luis de Montes Belos;2012;5,16333333333333;1,15;5,83;5,48;8,03;8,12;2,37
São Luis de Montes Belos;2014;5,16833333333333;1,76;5,49;5,53;7,87;8,02;2,34
São Luis de Montes Belos;2016;5,015;1,91;5,06;5,73;6,91;6,94;3,54
São Luis de Montes Belos;2018;5,48166666666667;1,79;6,17;5,82;8,03;7,22;3,86
São Luiz do Norte;2012;4,03333333333333;1,11;5,06;2,09;6,46;6,81;2,67
São Luiz do Norte;2014;4,375;1,84;4,71;2,2;7,93;7,51;2,06
São Luiz do Norte;2016;4,77333333333333;1,44;5,94;2,26;6,95;8,52;3,53
São Luiz do Norte;2018;4,985;1,19;6,5;2,26;8,13;8,00;3,83
São Miguel do Araguaia;2012;4,675;1,33;4,95;3,18;8,57;7,80;2,22
São Miguel do Araguaia;2014;4,68333333333333;1,93;5,47;3,45;7,31;7,55;2,39
São Miguel do Araguaia;2016;4,57666666666667;1,81;5,91;3,52;6,93;6,38;2,91
São Miguel do Araguaia;2018;4,84833333333333;1,58;6,25;3,59;8,36;6,48;2,83
São Miguel do Passa Quatro;2012;4,57833333333333;1,42;5,65;1,98;7,57;8,73;2,12
São Miguel do Passa Quatro;2014;4,405;1,99;5,17;2,09;6,31;8,53;2,34
São Miguel do Passa Quatro;2016;4,9;1,78;5,89;2,4;8,04;8,56;2,73
São Miguel do Passa Quatro;2018;4,8;1,65;5,64;3,19;8,42;7,49;2,41
São Patrício;2012;5,095;0,95;5,5;1,88;8,04;9,90;4,3
São Patrício;2014;4,8;1,49;4,87;1,95;7,35;8,82;4,32
São Patrício;2016;5,02333333333333;1,6;6,38;1,9;7,33;8,42;4,51
São Patrício;2018;4,935;1,16;6,01;2,29;7,22;8,62;4,31
São Simão;2012;5,50166666666667;1,81;5,44;6,33;8,6;8,24;2,59
São Simão;2014;5,72666666666667;2,64;5,99;6,36;7,09;8,84;3,44
São Simão;2016;5,17833333333333;2,42;5,66;5,94;6,88;6,99;3,18
São Simão;2018;5,46166666666667;2,6;5,87;5,82;8,3;6,83;3,35
Senador Canedo;2012;3,925;1,47;4,75;3,22;6,68;4,88;2,55
Senador Canedo;2014;4,335;2,02;4,65;3,54;7,58;4,99;3,23
Senador Canedo;2016;4,81833333333333;2,45;6,24;3,61;7,22;6,04;3,35
Senador Canedo;2018;5,015;2,06;6,43;3,93;7,45;6,78;3,44
Serranópolis;2012;4,46333333333333;1,25;4,6;2,78;7,64;8,25;2,26
Serranópolis;2014;4,8;2;4,46;2,77;7,13;9,44;3
Serranópolis;2016;4,28666666666667;2,13;4,5;2,75;7,02;6,34;2,98
Serranópolis;2018;4,605;2,3;4,66;2,82;8,05;6,61;3,19
Silvânia;2012;4,65166666666667;1,43;5,12;3,73;7,62;7,81;2,2
Silvânia;2014;4,92166666666667;2,3;4,83;4,37;7,51;8,03;2,49
Silvânia;2016;4,8;2,38;4,52;4,31;7,33;7,29;2,97
Silvânia;2018;5,23166666666667;2,07;6,05;4,46;8,24;7,56;3,01
Simolândia;2012;3,985;1,16;5,34;2,26;6,61;6,58;1,96
Simolândia;2014;4,15;1,38;5,5;2,37;6,57;6,85;2,23
Simolândia;2016;4,36666666666667;1,47;5,39;2,32;6,65;7,09;3,28
Simolândia;2018;4,12666666666667;1,25;4,02;2,39;6,94;6,80;3,36
Sítio d'Abadia;2012;4,15666666666667;0,99;5,65;0,88;5,97;9,38;2,07
Sítio d'Abadia;2014;3,90833333333333;1,92;4,05;0,6;7,65;8,56;0,67
Sítio d'Abadia;2016;4,53666666666667;1,87;3,63;0,67;7,18;9,57;4,3
Sítio d'Abadia;2018;4,14833333333333;1,05;4,25;0,66;7,8;8,75;2,38
Taquaral de Goiás;2012;4,75;1,07;5,1;3,58;7,38;9,49;1,88
Taquaral de Goiás;2014;4,98666666666667;1,63;5,66;4,09;8,69;7,74;2,11
Taquaral de Goiás;2016;4,82666666666667;1,59;6,31;4,08;7,52;6,50;2,96
Taquaral de Goiás;2018;5,205;1,07;6,42;4,31;8,98;7,65;2,8
Teresina de Goiás;2012;4,38833333333333;1,03;4,83;2,03;6,57;9,99;1,88
Teresina de Goiás;2014;4,53833333333333;1,36;4,95;1,96;6,88;9,94;2,14
Teresina de Goiás;2016;4,205;1,22;4,77;1,85;7,02;7,61;2,76
Teresina de Goiás;2018;3,97833333333333;0,89;3,49;2,07;7,17;7,53;2,72
Terezópolis de Goiás;2012;4,09333333333333;1,45;5,27;2,78;6,47;5,75;2,84
Terezópolis de Goiás;2014;3,945;1,7;5,01;3,16;5,71;5,98;2,11
Terezópolis de Goiás;2016;4,74;1,42;5,02;4,78;6,42;7,29;3,51
Terezópolis de Goiás;2018;4,48833333333333;1,19;5,59;4,81;6,29;5,52;3,53
Três Ranchos;2012;4,47;1,03;6,72;5,08;6,35;5,61;2,03
Três Ranchos;2014;4,99;1,52;6,34;5,38;7,11;6,99;2,6
Três Ranchos;2016;4,86333333333333;1,55;5,59;5,33;7,4;6,54;2,77
Três Ranchos;2018;4,88833333333333;1,1;5,81;5,54;7,95;5,91;3,02
Trindade;2012;4,78;1,64;4,74;4,43;8,26;7,13;2,48
Trindade;2014;4,54166666666667;2,1;4,39;4,77;7,09;6,69;2,21
Trindade;2016;4,66;2,06;5;4,85;7,42;5,53;3,1
Trindade;2018;5,21666666666667;1,82;5,94;5,42;7,73;7,09;3,3
Trombas;2012;4,66333333333333;0,98;5,14;1,97;8,31;9,96;1,62
Trombas;2014;4,62;1,55;5,68;1,87;8,51;9,42;0,69
Trombas;2016;5,25333333333333;1,24;6,27;2,39;8,09;9,52;4,01
Trombas;2018;4,81666666666667;1,04;5,95;2,23;8,68;8,76;2,24
Turvânia;2012;4,97;1,44;5,84;3,34;8,15;8,89;2,16
Turvânia;2014;4,80666666666667;1,81;5,61;3,49;8,28;7,81;1,84
Turvânia;2016;5,03;1,45;5,93;3,38;8,9;7,84;2,68
Turvânia;2018;4,58;1,08;5,79;3,52;8,26;5,92;2,91
Turvelândia;2012;5,35166666666667;1,75;5,68;1,98;8,42;9,22;5,06
Turvelândia;2014;4,91833333333333;2,35;6,06;2,28;6,01;8,36;4,45
Turvelândia;2016;4,99166666666667;2,07;6,18;2,38;7,14;7,53;4,65
Turvelândia;2018;5,03833333333333;2,34;5,19;2,52;8,34;7,81;4,03
Uirapuru;2012;4,27333333333333;1,04;4,8;2,22;6,2;9,07;2,31
Uirapuru;2014;4,47;1,37;5,34;2,38;5,63;9,48;2,62
Uirapuru;2016;4,83166666666667;0,94;5,17;2,29;7,37;9,81;3,41
Uirapuru;2018;4,48166666666667;0,67;4,66;2,15;6,85;9,31;3,25
Uruaçu;2012;4,53166666666667;1,33;5,13;4,32;7,11;6,82;2,48
Uruaçu;2014;5,04833333333333;1,96;5,63;4,83;8,05;7,46;2,36
Uruaçu;2016;5,14166666666667;1,81;5,62;5;8,04;6,89;3,49
Uruaçu;2018;5,17333333333333;1,37;6,05;5,1;7,9;6,77;3,85
Uruana;2012;4,535;1,24;5,51;3,09;7,32;8,26;1,79
Uruana;2014;4,435;1,43;5,49;3,14;7,45;7,04;2,06
Uruana;2016;4,57833333333333;1,2;5,35;3,1;6,95;8,09;2,78
Uruana;2018;4,875;1,07;6,25;3,24;8,32;7,84;2,53
Urutaí;2012;4,02166666666667;1,17;6,4;3,82;5,57;4,27;2,9
Urutaí;2014;4,28;1,1;5,39;4,07;5,61;6,18;3,33
Urutaí;2016;4,75333333333333;1,76;5,53;4,19;6,63;5,89;4,52
Urutaí;2018;4,73833333333333;1,24;5,51;4,65;6,67;5,89;4,47
Valparaíso de Goiás;2012;4,545;1,66;5,49;4,08;6,31;6,88;2,85
Valparaíso de Goiás;2014;4,145;1,96;4,44;4,4;5,41;6,39;2,27
Valparaíso de Goiás;2016;4,31333333333333;2,04;5;4,82;5,53;5,02;3,47
Valparaíso de Goiás;2018;4,69833333333333;1,84;5,68;4,89;5,49;6,45;3,84
Varjão;2012;4,62666666666667;1,18;5,52;2,48;6,97;9,88;1,73
Varjão;2014;4,575;1,65;6,38;2,6;6,63;7,94;2,25
Varjão;2016;3,98;1,49;4,67;2,6;6,53;6,42;2,17
Varjão;2018;4,155;1,15;5,35;2,6;6,32;7,55;1,96
Vianópolis;2012;4,25166666666667;1,09;5,96;2,98;7,36;5,94;2,18
Vianópolis;2014;4,56;2,02;5,52;3,16;6,78;7,67;2,21
Vianópolis;2016;4,65333333333333;2,01;6,06;3,06;7,22;6,91;2,66
Vianópolis;2018;4,75;1,69;5,93;3,22;8,47;6,62;2,57
Vicentinópolis;2012;4,93666666666667;0,97;4,96;2,83;8,48;9,68;2,7
Vicentinópolis;2014;5,145;1,98;5,58;2,67;7,55;9,25;3,84
Vicentinópolis;2016;4,69333333333333;2,37;5,33;2,54;7,77;6,90;3,25
Vicentinópolis;2018;4,93666666666667;1,81;5,33;2,56;7,89;8,72;3,31
Vila Boa;2012;4,31166666666667;1,07;3,27;1,95;8,01;9,14;2,43
Vila Boa;2014;4,49166666666667;1,53;4,34;1,88;7,5;9,29;2,41
Vila Boa;2016;4,61833333333333;1,64;4,81;1,67;7,94;8,93;2,72
Vila Boa;2018;4,09833333333333;1,58;4,76;1,8;7,27;7,46;1,72
Vila Propício;2012;3,285;1,35;5,05;0,32;4,2;7,41;1,38
Vila Propício;2014;4,205;1,85;5,29;0,42;5,77;8,42;3,48
Vila Propício;2016;3,85;1,63;4,96;0,73;5,75;7,62;2,41
Vila Propício;2018;4,015;1,67;4,9;0,84;7,24;6,90;2,54
